2026-04-09 00:05:22,799 INFO     ═══ Job Scout v3 starting ═══
2026-04-09 00:05:22,803 INFO     Resume loaded (4024 chars)
2026-04-09 00:05:22,807 INFO     Fetching jobs posted since: 2026-03-30 00:00 UTC
2026-04-09 00:05:22,807 INFO     → Query: 'data scientist entry level new grad United States'
2026-04-09 00:05:27,571 INFO       JSearch 'data scientist entry level new grad United States': 9 results (page 1)
2026-04-09 00:05:28,773 INFO     → Query: 'machine learning engineer new graduate intern United States'
2026-04-09 00:05:33,778 INFO       JSearch 'machine learning engineer new graduate intern Unit': 1 results (page 1)
2026-04-09 00:05:34,980 INFO     → Query: 'AI engineer entry level associate United States'
2026-04-09 00:05:42,967 INFO       JSearch 'AI engineer entry level associate United States': 0 results (page 1)
2026-04-09 00:05:44,169 INFO     → Query: 'GenAI engineer entry level associate United States'
2026-04-09 00:05:45,222 INFO       JSearch 'GenAI engineer entry level associate United States': 0 results (page 1)
2026-04-09 00:05:46,423 INFO     → Query: 'data analyst entry level new grad United States'
2026-04-09 00:05:53,236 INFO       JSearch 'data analyst entry level new grad United States': 10 results (page 1)
2026-04-09 00:05:54,439 INFO     → Query: 'applied scientist intern new grad United States'
2026-04-09 00:06:00,791 INFO       JSearch 'applied scientist intern new grad United States': 10 results (page 1)
2026-04-09 00:06:01,994 INFO     → Query: 'NLP engineer entry level United States'
2026-04-09 00:06:07,159 INFO       JSearch 'NLP engineer entry level United States': 7 results (page 1)
2026-04-09 00:06:08,361 INFO     → Query: 'computer vision engineer intern United States'
2026-04-09 00:06:11,440 INFO       JSearch 'computer vision engineer intern United States': 9 results (page 1)
2026-04-09 00:06:12,642 INFO     → Query: 'MLOps engineer entry level United States'
2026-04-09 00:06:17,421 INFO       JSearch 'MLOps engineer entry level United States': 1 results (page 1)
2026-04-09 00:06:18,622 INFO     Total raw results: 47
2026-04-09 00:06:18,623 INFO     Unique jobs after cross-query dedup: 47
2026-04-09 00:18:19,150 INFO     ═══ Job Scout v3 starting ═══
2026-04-09 00:18:19,150 INFO     DB reset
2026-04-09 00:18:19,156 INFO     Resume loaded (4024 chars)
2026-04-09 00:18:19,159 INFO     Fetching jobs posted since: 2026-03-30 00:00 UTC
2026-04-09 00:18:19,160 INFO     → Query: 'data scientist entry level new grad United States'
2026-04-09 00:18:26,066 INFO       JSearch 'data scientist entry level new grad United States': 9 results (page 1)
2026-04-09 00:18:27,268 INFO     → Query: 'machine learning engineer new graduate intern United States'
2026-04-09 00:18:34,639 INFO       JSearch 'machine learning engineer new graduate intern Unit': 1 results (page 1)
2026-04-09 00:18:35,841 INFO     → Query: 'AI engineer entry level associate United States'
2026-04-09 00:18:37,388 INFO       JSearch 'AI engineer entry level associate United States': 1 results (page 1)
2026-04-09 00:18:38,590 INFO     → Query: 'GenAI engineer entry level associate United States'
2026-04-09 00:18:43,080 INFO       JSearch 'GenAI engineer entry level associate United States': 0 results (page 1)
2026-04-09 00:18:44,282 INFO     → Query: 'data analyst entry level new grad United States'
2026-04-09 00:18:47,610 INFO       JSearch 'data analyst entry level new grad United States': 10 results (page 1)
2026-04-09 00:18:48,812 INFO     → Query: 'applied scientist intern new grad United States'
2026-04-09 00:18:55,870 INFO       JSearch 'applied scientist intern new grad United States': 10 results (page 1)
2026-04-09 00:18:57,072 INFO     → Query: 'NLP engineer entry level United States'
2026-04-09 00:19:04,840 INFO       JSearch 'NLP engineer entry level United States': 7 results (page 1)
2026-04-09 00:19:06,042 INFO     → Query: 'computer vision engineer intern United States'
2026-04-09 00:19:08,948 INFO       JSearch 'computer vision engineer intern United States': 9 results (page 1)
2026-04-09 00:19:10,150 INFO     → Query: 'MLOps engineer entry level United States'
2026-04-09 00:19:11,551 INFO       JSearch 'MLOps engineer entry level United States': 1 results (page 1)
2026-04-09 00:19:12,752 INFO     Total raw results: 48
2026-04-09 00:19:12,753 INFO     Unique jobs after cross-query dedup: 48
2026-04-09 00:19:12,925 INFO     Filter breakdown — country:0 date:13 title:6 publisher:0 sponsor:0 seen:0 score:0
2026-04-09 00:19:12,925 INFO     New matches to send: 29
2026-04-09 00:19:13,926 INFO     ═══ Done ═══
2026-04-09 00:19:38,913 INFO     ═══ Job Scout v3 starting ═══
2026-04-09 00:19:38,914 INFO     DB reset
2026-04-09 00:19:38,918 INFO     Resume loaded (4024 chars)
2026-04-09 00:19:38,922 INFO     Fetching jobs posted since: 2026-03-30 00:00 UTC
2026-04-09 00:19:38,922 INFO     → Query: 'data scientist entry level new grad United States'
2026-04-09 00:19:45,187 INFO       JSearch 'data scientist entry level new grad United States': 10 results (page 1)
2026-04-09 00:19:46,389 INFO     → Query: 'machine learning engineer new graduate intern United States'
2026-04-09 00:19:57,801 INFO       JSearch 'machine learning engineer new graduate intern Unit': 1 results (page 1)
2026-04-09 00:19:59,003 INFO     → Query: 'AI engineer entry level associate United States'
2026-04-09 00:20:04,348 INFO       JSearch 'AI engineer entry level associate United States': 1 results (page 1)
2026-04-09 00:20:05,550 INFO     → Query: 'GenAI engineer entry level associate United States'
2026-04-09 00:20:09,557 INFO       JSearch 'GenAI engineer entry level associate United States': 0 results (page 1)
2026-04-09 00:20:10,759 INFO     → Query: 'data analyst entry level new grad United States'
2026-04-09 00:20:17,421 INFO       JSearch 'data analyst entry level new grad United States': 10 results (page 1)
2026-04-09 00:20:18,623 INFO     → Query: 'applied scientist intern new grad United States'
2026-04-09 00:20:24,832 INFO       JSearch 'applied scientist intern new grad United States': 10 results (page 1)
2026-04-09 00:20:26,034 INFO     → Query: 'NLP engineer entry level United States'
2026-04-09 00:20:30,601 INFO       JSearch 'NLP engineer entry level United States': 7 results (page 1)
2026-04-09 00:20:31,804 INFO     → Query: 'computer vision engineer intern United States'
2026-04-09 00:20:36,679 INFO       JSearch 'computer vision engineer intern United States': 9 results (page 1)
2026-04-09 00:20:37,881 INFO     → Query: 'MLOps engineer entry level United States'
2026-04-09 00:20:47,251 INFO       JSearch 'MLOps engineer entry level United States': 1 results (page 1)
2026-04-09 00:20:48,453 INFO     Total raw results: 49
2026-04-09 00:20:48,453 INFO     Unique jobs after cross-query dedup: 49
2026-04-09 00:20:48,554 INFO     Filter breakdown — country:0 date:16 title:6 publisher:0 sponsor:0 seen:0 score:0
2026-04-09 00:20:48,555 INFO     New matches to send: 27
2026-04-09 00:20:50,340 INFO     ═══ Done ═══
2026-04-09 17:49:10,790 INFO     ═══ Job Scout v4 starting ═══
2026-04-09 17:49:10,790 INFO     DB reset
2026-04-09 17:49:10,800 INFO     Resume loaded (4024 chars)
2026-04-09 17:49:10,808 INFO     Fetching jobs posted since: 2026-03-30 00:00 UTC
2026-04-09 17:49:10,808 INFO     [ATS] Greenhouse: 72 companies
2026-04-09 17:50:04,716 INFO       → Greenhouse total: 8387
2026-04-09 17:50:04,716 INFO     [ATS] Lever: 52 companies
2026-04-09 17:54:25,098 INFO       → Lever total: 148
2026-04-09 17:54:25,099 INFO     [ATS] Ashby: 22 companies
2026-04-09 17:54:34,334 INFO       → Ashby total: 0
2026-04-09 17:54:34,335 INFO     [ATS] Workday: 20 companies
2026-04-09 17:54:49,501 INFO       → Workday total: 36
2026-04-09 17:54:49,503 INFO     [ATS] SmartRecruiters: 8 companies
2026-04-09 17:54:55,428 INFO       → SmartRecruiters total: 200
2026-04-09 17:54:55,430 INFO     [ATS] Total from direct ATS: 8771
2026-04-09 17:54:55,430 INFO     [JSearch] Running 9 queries
2026-04-09 17:55:14,030 INFO       JSearch 'data scientist entry level new grad United States': 5 results
2026-04-09 17:55:26,606 INFO       JSearch 'machine learning engineer new graduate intern Unit': 1 results
2026-04-09 17:55:35,984 INFO       JSearch 'AI engineer entry level associate United States': 1 results
2026-04-09 17:55:45,157 INFO       JSearch 'GenAI engineer entry level associate United States': 0 results
2026-04-09 17:55:55,759 INFO       JSearch 'data analyst entry level new grad United States': 10 results
2026-04-09 17:56:07,475 INFO       JSearch 'applied scientist intern new grad United States': 9 results
2026-04-09 17:56:14,918 INFO       JSearch 'NLP engineer entry level United States': 5 results
2026-04-09 17:56:23,309 INFO       JSearch 'computer vision engineer intern United States': 8 results
2026-04-09 17:56:27,397 INFO       JSearch 'MLOps engineer entry level United States': 1 results
2026-04-09 17:56:28,600 INFO     [JSearch] Total raw: 40
2026-04-09 17:56:28,601 INFO     [JSearch] After filtering: 11 (dropped country:0 publisher:29)
2026-04-09 17:56:28,602 INFO     Total jobs before filtering: 8782
2026-04-09 17:56:28,608 INFO     After cross-source dedup: 7318
2026-04-09 17:56:29,188 INFO     Filter stats — date:2184 title:5025 sponsor:0 seen:0 score:0
2026-04-09 17:56:29,189 INFO     New matches to send: 50
2026-04-09 17:56:30,690 INFO     ═══ Done ═══
2026-04-09 18:07:39,785 INFO     ═══ Job Scout v4 starting ═══
2026-04-09 18:07:39,785 INFO     DB reset
2026-04-09 18:07:39,789 INFO     Resume loaded (4024 chars)
2026-04-09 18:07:39,793 INFO     Fetching jobs posted since: 2026-03-30 00:00 UTC
2026-04-09 18:07:39,793 INFO     [ATS] Greenhouse: 72 companies
2026-04-09 18:08:23,509 INFO       → Greenhouse total: 8381
2026-04-09 18:08:23,509 INFO     [ATS] Lever: 52 companies
2026-04-09 18:10:42,853 INFO       → Lever total: 148
2026-04-09 18:10:42,855 INFO     [ATS] Ashby: 18 companies
2026-04-09 18:10:52,239 INFO       → Ashby total: 3
2026-04-09 18:10:52,241 INFO     [ATS] Workday: 20 companies
2026-04-09 18:11:07,281 INFO       → Workday total: 36
2026-04-09 18:11:07,283 INFO     [ATS] SmartRecruiters: 8 companies
2026-04-09 18:11:13,306 INFO       → SmartRecruiters total: 200
2026-04-09 18:11:13,308 INFO     [ATS] Total from direct ATS: 8768
2026-04-09 18:11:13,308 INFO     [JSearch] Running 9 queries
2026-04-09 18:11:20,275 INFO       JSearch 'data scientist entry level new grad United States': 5 results
2026-04-09 18:11:24,016 INFO       JSearch 'machine learning engineer new graduate intern Unit': 1 results
2026-04-09 18:11:29,457 INFO       JSearch 'AI engineer entry level associate United States': 1 results
2026-04-09 18:11:38,352 INFO       JSearch 'GenAI engineer entry level associate United States': 0 results
2026-04-09 18:11:47,607 INFO       JSearch 'data analyst entry level new grad United States': 10 results
2026-04-09 18:11:52,195 INFO       JSearch 'applied scientist intern new grad United States': 10 results
2026-04-09 18:11:59,736 INFO       JSearch 'NLP engineer entry level United States': 5 results
2026-04-09 18:12:19,517 INFO       JSearch 'computer vision engineer intern United States': 8 results
2026-04-09 18:12:38,614 INFO       JSearch 'MLOps engineer entry level United States': 1 results
2026-04-09 18:12:39,817 INFO     [JSearch] Total raw: 41
2026-04-09 18:12:39,820 INFO     [JSearch] After filtering: 11 (dropped country:1 publisher:29)
2026-04-09 18:12:39,820 INFO     Total jobs before filtering: 8779
2026-04-09 18:12:39,828 INFO     After cross-source dedup: 7315
2026-04-09 18:12:40,337 INFO     Filter stats — date:2183 title:5023 sponsor:0 seen:0 score:0
2026-04-09 18:12:40,338 INFO     New matches to send: 50
2026-04-09 18:12:43,042 INFO     ═══ Done ═══
2026-04-09 22:12:27,611 INFO     ═══ Job Scout v5 starting ═══
2026-04-09 22:12:27,612 ERROR    SERPER_API_KEY is not set.
1. Go to: https://serper.dev
2. Sign up (free tier: 2,500 queries)
3. Copy your API key from the dashboard
4. Run: export SERPER_API_KEY='your_key_here'
2026-04-09 22:19:07,800 INFO     ═══ Job Scout v5 starting ═══
2026-04-09 22:19:07,800 ERROR    SERPER_API_KEY is not set.
1. Go to: https://serper.dev
2. Sign up (free tier: 2,500 queries)
3. Copy your API key from the dashboard
4. Run: export SERPER_API_KEY='your_key_here'
2026-04-09 22:20:06,244 INFO     ═══ Job Scout v5 starting ═══
2026-04-09 22:20:06,246 INFO     DB reset
2026-04-09 22:20:06,261 INFO     Resume loaded (4024 chars)
2026-04-09 22:20:06,269 INFO     Fetching jobs posted since: 2026-03-30 00:00 UTC
2026-04-09 22:20:06,270 INFO     [Serper] Querying 12 ATS domains
2026-04-09 22:20:07,176 INFO       Serper Greenhouse (boards.greenhouse.io): 2 results
2026-04-09 22:20:08,871 INFO       Serper Lever (jobs.lever.co): 10 results
2026-04-09 22:20:10,524 INFO       Serper Ashby (jobs.ashbyhq.com): 10 results
2026-04-09 22:20:12,452 INFO       Serper Workday (myworkdayjobs.com): 10 results
2026-04-09 22:20:14,404 INFO       Serper SmartRecruiters (jobs.smartrecruiters.com): 10 results
2026-04-09 22:20:16,081 INFO       Serper Jobvite (jobs.jobvite.com): 5 results
2026-04-09 22:20:18,145 INFO       Serper JazzHR (applytojob.com): 2 results
2026-04-09 22:20:20,030 INFO       Serper Taleo (taleo.net): 0 results
2026-04-09 22:20:21,778 INFO       Serper iCIMS (icims.com): 3 results
2026-04-09 22:20:23,682 INFO       Serper ADP (workforcenow.adp.com): 1 results
2026-04-09 22:20:25,427 INFO       Serper Breezy (breezy.hr): 0 results
2026-04-09 22:20:27,129 INFO       Serper Workable (workable.com): 10 results
2026-04-09 22:20:28,131 INFO     [Serper] Total parsed: 63
2026-04-09 22:20:28,131 INFO     Total jobs before filtering: 63
2026-04-09 22:20:28,131 INFO     After dedup: 63
2026-04-09 22:20:28,407 INFO     Filter stats — date:0 title:16 sponsor:0 seen:0 score:0
2026-04-09 22:20:28,407 INFO     New matches to send: 47
2026-04-09 22:20:29,910 INFO     ═══ Done ═══
2026-04-09 22:21:02,946 INFO     ═══ Job Scout v5 starting ═══
2026-04-09 22:21:02,947 INFO     DB reset
2026-04-09 22:21:02,952 INFO     Resume loaded (4024 chars)
2026-04-09 22:21:02,955 INFO     Fetching jobs posted since: 2026-03-30 00:00 UTC
2026-04-09 22:21:02,955 INFO     [Serper] Querying 12 ATS domains
2026-04-09 22:21:03,846 INFO       Serper Greenhouse (boards.greenhouse.io): 2 results
2026-04-09 22:21:05,709 INFO       Serper Lever (jobs.lever.co): 10 results
2026-04-09 22:21:07,592 INFO       Serper Ashby (jobs.ashbyhq.com): 10 results
2026-04-09 22:21:09,356 INFO       Serper Workday (myworkdayjobs.com): 10 results
2026-04-09 22:21:11,337 INFO       Serper SmartRecruiters (jobs.smartrecruiters.com): 10 results
2026-04-09 22:21:13,143 INFO       Serper Jobvite (jobs.jobvite.com): 5 results
2026-04-09 22:21:14,987 INFO       Serper JazzHR (applytojob.com): 2 results
2026-04-09 22:21:16,729 INFO       Serper Taleo (taleo.net): 0 results
2026-04-09 22:21:18,730 INFO       Serper iCIMS (icims.com): 2 results
2026-04-09 22:21:20,684 INFO       Serper ADP (workforcenow.adp.com): 1 results
2026-04-09 22:21:22,625 INFO       Serper Breezy (breezy.hr): 0 results
2026-04-09 22:21:24,555 INFO       Serper Workable (workable.com): 10 results
2026-04-09 22:21:25,557 INFO     [Serper] Total parsed: 62
2026-04-09 22:21:25,558 INFO     Total jobs before filtering: 62
2026-04-09 22:21:25,558 INFO     After dedup: 62
2026-04-09 22:21:25,746 INFO     Filter stats — date:0 title:16 sponsor:0 seen:0 score:0
2026-04-09 22:21:25,746 INFO     New matches to send: 46
2026-04-09 22:21:28,459 INFO     ═══ Done ═══
2026-04-09 22:32:27,318 INFO     ═══ Job Scout v5 starting ═══
2026-04-09 22:32:27,318 INFO     DB reset
2026-04-09 22:32:27,322 INFO     Resume loaded (4024 chars)
2026-04-09 22:32:27,325 INFO     Fetching jobs posted since: 2026-03-30 00:00 UTC
2026-04-09 22:32:27,325 INFO     [Serper] Querying 12 ATS domains
2026-04-09 22:32:28,112 INFO       Serper Greenhouse (boards.greenhouse.io): 2 results
2026-04-09 22:32:29,958 INFO       Serper Lever (jobs.lever.co): 10 results
2026-04-09 22:32:31,814 INFO       Serper Ashby (jobs.ashbyhq.com): 10 results
2026-04-09 22:32:33,642 INFO       Serper Workday (myworkdayjobs.com): 10 results
2026-04-09 22:32:35,549 INFO       Serper SmartRecruiters (jobs.smartrecruiters.com): 10 results
2026-04-09 22:32:37,401 INFO       Serper Jobvite (jobs.jobvite.com): 5 results
2026-04-09 22:32:39,278 INFO       Serper JazzHR (applytojob.com): 2 results
2026-04-09 22:32:41,136 INFO       Serper Taleo (taleo.net): 0 results
2026-04-09 22:32:43,071 INFO       Serper iCIMS (icims.com): 3 results
2026-04-09 22:32:45,057 INFO       Serper ADP (workforcenow.adp.com): 1 results
2026-04-09 22:32:46,885 INFO       Serper Breezy (breezy.hr): 0 results
2026-04-09 22:32:48,753 INFO       Serper Workable (workable.com): 10 results
2026-04-09 22:32:49,755 INFO     [Serper] Total parsed: 63
2026-04-09 22:32:49,755 INFO     Total jobs before filtering: 63
2026-04-09 22:32:49,756 INFO     After dedup: 63
2026-04-09 22:32:49,893 INFO     Filter stats — date:0 title:16 location:10 sponsor:0 seen:0 score:0
2026-04-09 22:32:49,893 INFO     New matches to send: 37
2026-04-09 22:32:51,686 INFO     ═══ Done ═══
2026-04-10 21:47:37,986 INFO     ═══ Job Scout v5 starting ═══
2026-04-10 21:47:37,988 INFO     DB reset
2026-04-10 21:47:38,003 INFO     Resume loaded (4024 chars)
2026-04-10 21:47:38,018 INFO     Fetching jobs posted since: 2026-03-30 00:00 UTC
2026-04-10 21:47:38,019 INFO     [Serper] Querying 12 ATS domains
2026-04-10 21:47:38,976 INFO       Serper Greenhouse (boards.greenhouse.io): 2 results
2026-04-10 21:47:40,588 INFO       Serper Lever (jobs.lever.co): 10 results
2026-04-10 21:47:42,565 INFO       Serper Ashby (jobs.ashbyhq.com): 10 results
2026-04-10 21:47:44,282 INFO       Serper Workday (myworkdayjobs.com): 10 results
2026-04-10 21:47:45,950 INFO       Serper SmartRecruiters (jobs.smartrecruiters.com): 10 results
2026-04-10 21:47:47,630 INFO       Serper Jobvite (jobs.jobvite.com): 4 results
2026-04-10 21:47:49,323 INFO       Serper JazzHR (applytojob.com): 3 results
2026-04-10 21:47:51,016 INFO       Serper Taleo (taleo.net): 1 results
2026-04-10 21:47:52,687 INFO       Serper iCIMS (icims.com): 3 results
2026-04-10 21:47:54,377 INFO       Serper ADP (workforcenow.adp.com): 1 results
2026-04-10 21:47:55,921 INFO       Serper Breezy (breezy.hr): 0 results
2026-04-10 21:47:57,631 INFO       Serper Workable (workable.com): 10 results
2026-04-10 21:47:58,633 INFO     [Serper] Total parsed: 64
2026-04-10 21:47:58,634 INFO     Total jobs before filtering: 64
2026-04-10 21:47:58,634 INFO     After dedup: 64
2026-04-10 21:47:58,803 INFO     Filter stats — date:0 title:13 location:10 sponsor:0 exp:9 seen:0 score:0
2026-04-10 21:47:58,803 INFO     New matches to send: 32
2026-04-10 21:48:00,620 INFO     ═══ Done ═══
2026-04-13 17:43:44,504 INFO     ═══ Job Scout v5 starting ═══
2026-04-13 17:43:44,505 INFO     Resume loaded (4024 chars)
2026-04-13 17:43:44,510 INFO     Fetching jobs posted since: 2026-04-10 21:48 UTC
2026-04-13 17:43:44,510 INFO     [Serper] Querying 12 ATS domains
2026-04-13 17:43:45,571 INFO       Serper Greenhouse (boards.greenhouse.io): 3 results
2026-04-13 17:43:47,573 INFO       Serper Lever (jobs.lever.co): 10 results
2026-04-13 17:43:49,316 INFO       Serper Ashby (jobs.ashbyhq.com): 10 results
2026-04-13 17:43:51,176 INFO       Serper Workday (myworkdayjobs.com): 10 results
2026-04-13 17:43:53,028 INFO       Serper SmartRecruiters (jobs.smartrecruiters.com): 10 results
2026-04-13 17:43:54,993 INFO       Serper Jobvite (jobs.jobvite.com): 3 results
2026-04-13 17:43:56,882 INFO       Serper JazzHR (applytojob.com): 2 results
2026-04-13 17:43:58,710 INFO       Serper Taleo (taleo.net): 2 results
2026-04-13 17:44:00,787 INFO       Serper iCIMS (icims.com): 2 results
2026-04-13 17:44:02,702 INFO       Serper ADP (workforcenow.adp.com): 2 results
2026-04-13 17:44:06,962 INFO       Serper Breezy (breezy.hr): 0 results
2026-04-13 17:44:08,720 INFO       Serper Workable (workable.com): 10 results
2026-04-13 17:44:09,722 INFO     [Serper] Total parsed: 64
2026-04-13 17:44:09,722 INFO     Total jobs before filtering: 64
2026-04-13 17:44:09,722 INFO     After dedup: 64
2026-04-13 17:44:09,809 INFO     Filter stats — date:0 title:15 location:8 sponsor:0 exp:0 seen:19 score:0
2026-04-13 17:44:09,809 INFO     New matches to send: 22
2026-04-13 17:44:11,572 INFO     ═══ Done ═══
2026-04-13 17:51:17,774 INFO     ═══ Job Scout v5 starting ═══
2026-04-13 17:51:17,774 INFO     DB reset
2026-04-13 17:51:17,779 INFO     Resume loaded (4024 chars)
2026-04-13 17:51:17,782 INFO     Fetching jobs posted since: 2026-03-30 00:00 UTC
2026-04-13 17:51:17,783 INFO     [Serper] Querying 12 ATS domains
2026-04-13 17:51:18,735 INFO       Serper Greenhouse (boards.greenhouse.io): 3 results
2026-04-13 17:51:20,812 INFO       Serper Lever (jobs.lever.co): 10 results
2026-04-13 17:51:22,735 INFO       Serper Ashby (jobs.ashbyhq.com): 10 results
2026-04-13 17:51:24,877 INFO       Serper Workday (myworkdayjobs.com): 10 results
2026-04-13 17:51:26,645 INFO       Serper SmartRecruiters (jobs.smartrecruiters.com): 10 results
2026-04-13 17:51:29,802 INFO       Serper Jobvite (jobs.jobvite.com): 3 results
2026-04-13 17:51:31,538 INFO       Serper JazzHR (applytojob.com): 2 results
2026-04-13 17:51:33,676 INFO       Serper Taleo (taleo.net): 2 results
2026-04-13 17:51:35,469 INFO       Serper iCIMS (icims.com): 2 results
2026-04-13 17:51:37,261 INFO       Serper ADP (workforcenow.adp.com): 2 results
2026-04-13 17:51:39,222 INFO       Serper Breezy (breezy.hr): 0 results
2026-04-13 17:51:41,110 INFO       Serper Workable (workable.com): 10 results
2026-04-13 17:51:42,111 INFO     [Serper] Total parsed: 64
2026-04-13 17:51:42,112 INFO     Total jobs before filtering: 64
2026-04-13 17:51:42,112 INFO     After dedup: 64
2026-04-13 17:51:42,314 INFO     Filter stats — date:0 title:14 location:8 sponsor:0 exp:0 seen:0 score:0
2026-04-13 17:51:42,314 INFO     New matches to send: 42
2026-04-13 17:51:44,097 INFO     ═══ Done ═══
2026-04-13 17:54:48,841 INFO     ═══ Job Scout v5 starting ═══
2026-04-13 17:54:48,842 INFO     Resume loaded (4024 chars)
2026-04-13 17:54:48,845 INFO     Fetching jobs posted since: 2026-04-13 17:51 UTC
2026-04-13 17:54:48,845 INFO     [Serper] Querying 12 ATS domains
2026-04-13 17:54:49,622 INFO       Serper Greenhouse (boards.greenhouse.io): 3 results
2026-04-13 17:54:51,472 INFO       Serper Lever (jobs.lever.co): 10 results
2026-04-13 17:54:53,304 INFO       Serper Ashby (jobs.ashbyhq.com): 10 results
2026-04-13 17:54:55,495 INFO       Serper Workday (myworkdayjobs.com): 10 results
2026-04-13 17:54:57,380 INFO       Serper SmartRecruiters (jobs.smartrecruiters.com): 10 results
2026-04-13 17:54:59,451 INFO       Serper Jobvite (jobs.jobvite.com): 3 results
2026-04-13 17:55:01,887 INFO       Serper JazzHR (applytojob.com): 2 results
2026-04-13 17:55:03,788 INFO       Serper Taleo (taleo.net): 2 results
2026-04-13 17:55:05,934 INFO       Serper iCIMS (icims.com): 2 results
2026-04-13 17:55:07,772 INFO       Serper ADP (workforcenow.adp.com): 2 results
2026-04-13 17:55:09,392 INFO       Serper Breezy (breezy.hr): 0 results
2026-04-13 17:55:11,183 INFO       Serper Workable (workable.com): 10 results
2026-04-13 17:55:12,184 INFO     [Serper] Total parsed: 64
2026-04-13 17:55:12,185 INFO     Total jobs before filtering: 64
2026-04-13 17:55:12,185 INFO     After dedup: 64
2026-04-13 17:55:12,206 INFO     Filter stats — date:0 title:16 location:8 sponsor:0 exp:0 seen:36 score:0
2026-04-13 17:55:12,206 INFO     New matches to send: 4
2026-04-13 17:55:13,098 INFO     ═══ Done ═══
2026-04-13 18:00:11,049 INFO     ═══ Job Scout v5 starting ═══
2026-04-13 18:00:11,050 INFO     Resume loaded (4024 chars)
2026-04-13 18:00:11,053 INFO     Fetching jobs posted since: 2026-04-13 17:55 UTC
2026-04-13 18:00:11,053 INFO     [Serper] Querying 12 ATS domains
2026-04-13 18:00:12,056 INFO       Serper Greenhouse (boards.greenhouse.io): 3 results
2026-04-13 18:00:14,257 INFO       Serper Lever (jobs.lever.co): 10 results
2026-04-13 18:00:16,306 INFO       Serper Ashby (jobs.ashbyhq.com): 10 results
2026-04-13 18:00:18,310 INFO       Serper Workday (myworkdayjobs.com): 10 results
2026-04-13 18:00:19,937 INFO       Serper SmartRecruiters (jobs.smartrecruiters.com): 10 results
2026-04-13 18:00:21,748 INFO       Serper Jobvite (jobs.jobvite.com): 3 results
2026-04-13 18:00:23,778 INFO       Serper JazzHR (applytojob.com): 2 results
2026-04-13 18:00:25,530 INFO       Serper Taleo (taleo.net): 2 results
2026-04-13 18:00:27,395 INFO       Serper iCIMS (icims.com): 2 results
2026-04-13 18:00:29,123 INFO       Serper ADP (workforcenow.adp.com): 1 results
2026-04-13 18:00:31,096 INFO       Serper Breezy (breezy.hr): 0 results
2026-04-13 18:00:33,054 INFO       Serper Workable (workable.com): 10 results
2026-04-13 18:00:34,055 INFO     [Serper] Total parsed: 63
2026-04-13 18:00:34,056 INFO     Total jobs before filtering: 63
2026-04-13 18:00:34,056 INFO     After dedup: 63
2026-04-13 18:00:34,081 INFO     Filter stats — date:0 title:15 location:10 sponsor:0 exp:0 seen:34 score:0
2026-04-13 18:00:34,081 INFO     New matches to send: 4
2026-04-13 18:00:34,980 INFO     ═══ Done ═══
2026-04-13 18:23:02,840 INFO     ═══ Job Scout v5 starting ═══
2026-04-13 18:23:02,841 INFO     DB reset
2026-04-13 18:23:02,847 INFO     Resume loaded (4024 chars)
2026-04-13 18:23:02,852 INFO     DB contains 0 seen jobs
2026-04-13 18:23:02,852 INFO     Fetching jobs posted since: 2026-03-30 00:00 UTC
2026-04-13 18:23:02,852 INFO     [Serper] Querying 12 ATS domains
2026-04-13 18:23:02,853 DEBUG      Serper query (Greenhouse p1): site:boards.greenhouse.io ("data scientist" OR "machine learning engineer" OR "ML engineer" OR "AI engineer" OR "data analyst" OR "applied scientist" OR "NLP engineer" OR "computer vision engineer" OR "MLOps engineer") ("new grad" OR "entry level" OR "intern" OR "internship" OR "junior" OR "associate" OR "university") ("United States" OR "USA" OR "Remote US" OR "US") -senior -staff -principal -lead -director
2026-04-13 18:23:02,854 DEBUG    Starting new HTTPS connection (1): google.serper.dev:443
2026-04-13 18:23:03,001 DEBUG    https://google.serper.dev:443 "POST /search HTTP/1.1" 400 66
2026-04-13 18:23:03,003 WARNING    Serper error for Greenhouse p1: 400 Client Error: Bad Request for url: https://google.serper.dev/search
2026-04-13 18:23:03,006 WARNING    Serper Greenhouse (boards.greenhouse.io): 0 results — query may be too narrow or domain not indexed
2026-04-13 18:23:04,007 DEBUG      Serper query (Lever p1): site:jobs.lever.co ("data scientist" OR "machine learning engineer" OR "ML engineer" OR "AI engineer" OR "data analyst" OR "applied scientist" OR "NLP engineer" OR "computer vision engineer" OR "MLOps engineer") ("new grad" OR "entry level" OR "intern" OR "internship" OR "junior" OR "associate" OR "university") ("United States" OR "USA" OR "Remote US" OR "US") -senior -staff -principal -lead -director
2026-04-13 18:23:04,008 DEBUG    Starting new HTTPS connection (1): google.serper.dev:443
2026-04-13 18:23:04,127 DEBUG    https://google.serper.dev:443 "POST /search HTTP/1.1" 400 66
2026-04-13 18:23:04,128 WARNING    Serper error for Lever p1: 400 Client Error: Bad Request for url: https://google.serper.dev/search
2026-04-13 18:23:04,130 WARNING    Serper Lever (jobs.lever.co): 0 results — query may be too narrow or domain not indexed
2026-04-13 18:23:05,131 DEBUG      Serper query (Ashby p1): site:jobs.ashbyhq.com ("data scientist" OR "machine learning engineer" OR "ML engineer" OR "AI engineer" OR "data analyst" OR "applied scientist" OR "NLP engineer" OR "computer vision engineer" OR "MLOps engineer") ("new grad" OR "entry level" OR "intern" OR "internship" OR "junior" OR "associate" OR "university") ("United States" OR "USA" OR "Remote US" OR "US") -senior -staff -principal -lead -director
2026-04-13 18:23:05,132 DEBUG    Starting new HTTPS connection (1): google.serper.dev:443
2026-04-13 18:23:05,242 DEBUG    https://google.serper.dev:443 "POST /search HTTP/1.1" 400 66
2026-04-13 18:23:05,243 WARNING    Serper error for Ashby p1: 400 Client Error: Bad Request for url: https://google.serper.dev/search
2026-04-13 18:23:05,244 WARNING    Serper Ashby (jobs.ashbyhq.com): 0 results — query may be too narrow or domain not indexed
2026-04-13 18:23:06,245 DEBUG      Serper query (Workday p1): site:myworkdayjobs.com ("data scientist" OR "machine learning engineer" OR "ML engineer" OR "AI engineer" OR "data analyst" OR "applied scientist" OR "NLP engineer" OR "computer vision engineer" OR "MLOps engineer") ("new grad" OR "entry level" OR "intern" OR "internship" OR "junior" OR "associate" OR "university") ("United States" OR "USA" OR "Remote US" OR "US") -senior -staff -principal -lead -director
2026-04-13 18:23:06,246 DEBUG    Starting new HTTPS connection (1): google.serper.dev:443
2026-04-13 18:23:06,369 DEBUG    https://google.serper.dev:443 "POST /search HTTP/1.1" 400 66
2026-04-13 18:23:06,369 WARNING    Serper error for Workday p1: 400 Client Error: Bad Request for url: https://google.serper.dev/search
2026-04-13 18:23:06,370 WARNING    Serper Workday (myworkdayjobs.com): 0 results — query may be too narrow or domain not indexed
2026-04-13 18:23:07,371 DEBUG      Serper query (SmartRecruiters p1): site:jobs.smartrecruiters.com ("data scientist" OR "machine learning engineer" OR "ML engineer" OR "AI engineer" OR "data analyst" OR "applied scientist" OR "NLP engineer" OR "computer vision engineer" OR "MLOps engineer") ("new grad" OR "entry level" OR "intern" OR "internship" OR "junior" OR "associate" OR "university") ("United States" OR "USA" OR "Remote US" OR "US") -senior -staff -principal -lead -director
2026-04-13 18:23:07,372 DEBUG    Starting new HTTPS connection (1): google.serper.dev:443
2026-04-13 18:23:07,480 DEBUG    https://google.serper.dev:443 "POST /search HTTP/1.1" 400 66
2026-04-13 18:23:07,480 WARNING    Serper error for SmartRecruiters p1: 400 Client Error: Bad Request for url: https://google.serper.dev/search
2026-04-13 18:23:07,481 WARNING    Serper SmartRecruiters (jobs.smartrecruiters.com): 0 results — query may be too narrow or domain not indexed
2026-04-13 18:23:08,482 DEBUG      Serper query (Jobvite p1): site:jobs.jobvite.com ("data scientist" OR "machine learning engineer" OR "ML engineer" OR "AI engineer" OR "data analyst" OR "applied scientist" OR "NLP engineer" OR "computer vision engineer" OR "MLOps engineer") ("new grad" OR "entry level" OR "intern" OR "internship" OR "junior" OR "associate" OR "university") ("United States" OR "USA" OR "Remote US" OR "US") -senior -staff -principal -lead -director
2026-04-13 18:23:08,483 DEBUG    Starting new HTTPS connection (1): google.serper.dev:443
2026-04-13 18:23:08,606 DEBUG    https://google.serper.dev:443 "POST /search HTTP/1.1" 400 66
2026-04-13 18:23:08,607 WARNING    Serper error for Jobvite p1: 400 Client Error: Bad Request for url: https://google.serper.dev/search
2026-04-13 18:23:08,608 WARNING    Serper Jobvite (jobs.jobvite.com): 0 results — query may be too narrow or domain not indexed
2026-04-13 18:23:09,609 DEBUG      Serper query (JazzHR p1): site:applytojob.com ("data scientist" OR "machine learning engineer" OR "ML engineer" OR "AI engineer" OR "data analyst" OR "applied scientist" OR "NLP engineer" OR "computer vision engineer" OR "MLOps engineer") ("new grad" OR "entry level" OR "intern" OR "internship" OR "junior" OR "associate" OR "university") ("United States" OR "USA" OR "Remote US" OR "US") -senior -staff -principal -lead -director
2026-04-13 18:23:09,609 DEBUG    Starting new HTTPS connection (1): google.serper.dev:443
2026-04-13 18:23:09,735 DEBUG    https://google.serper.dev:443 "POST /search HTTP/1.1" 400 66
2026-04-13 18:23:09,735 WARNING    Serper error for JazzHR p1: 400 Client Error: Bad Request for url: https://google.serper.dev/search
2026-04-13 18:23:09,737 WARNING    Serper JazzHR (applytojob.com): 0 results — query may be too narrow or domain not indexed
2026-04-13 18:23:10,737 DEBUG      Serper query (Taleo p1): site:taleo.net ("data scientist" OR "machine learning engineer" OR "ML engineer" OR "AI engineer" OR "data analyst" OR "applied scientist" OR "NLP engineer" OR "computer vision engineer" OR "MLOps engineer") ("new grad" OR "entry level" OR "intern" OR "internship" OR "junior" OR "associate" OR "university") ("United States" OR "USA" OR "Remote US" OR "US") -senior -staff -principal -lead -director
2026-04-13 18:23:10,738 DEBUG    Starting new HTTPS connection (1): google.serper.dev:443
2026-04-13 18:23:10,855 DEBUG    https://google.serper.dev:443 "POST /search HTTP/1.1" 400 66
2026-04-13 18:23:10,856 WARNING    Serper error for Taleo p1: 400 Client Error: Bad Request for url: https://google.serper.dev/search
2026-04-13 18:23:10,857 WARNING    Serper Taleo (taleo.net): 0 results — query may be too narrow or domain not indexed
2026-04-13 18:23:11,858 DEBUG      Serper query (iCIMS p1): site:icims.com ("data scientist" OR "machine learning engineer" OR "ML engineer" OR "AI engineer" OR "data analyst" OR "applied scientist" OR "NLP engineer" OR "computer vision engineer" OR "MLOps engineer") ("new grad" OR "entry level" OR "intern" OR "internship" OR "junior" OR "associate" OR "university") ("United States" OR "USA" OR "Remote US" OR "US") -senior -staff -principal -lead -director
2026-04-13 18:23:11,859 DEBUG    Starting new HTTPS connection (1): google.serper.dev:443
2026-04-13 18:23:11,966 DEBUG    https://google.serper.dev:443 "POST /search HTTP/1.1" 400 66
2026-04-13 18:23:11,967 WARNING    Serper error for iCIMS p1: 400 Client Error: Bad Request for url: https://google.serper.dev/search
2026-04-13 18:23:11,968 WARNING    Serper iCIMS (icims.com): 0 results — query may be too narrow or domain not indexed
2026-04-13 18:23:12,969 DEBUG      Serper query (ADP p1): site:workforcenow.adp.com ("data scientist" OR "machine learning engineer" OR "ML engineer" OR "AI engineer" OR "data analyst" OR "applied scientist" OR "NLP engineer" OR "computer vision engineer" OR "MLOps engineer") ("new grad" OR "entry level" OR "intern" OR "internship" OR "junior" OR "associate" OR "university") ("United States" OR "USA" OR "Remote US" OR "US") -senior -staff -principal -lead -director
2026-04-13 18:23:12,970 DEBUG    Starting new HTTPS connection (1): google.serper.dev:443
2026-04-13 18:23:13,079 DEBUG    https://google.serper.dev:443 "POST /search HTTP/1.1" 400 66
2026-04-13 18:23:13,080 WARNING    Serper error for ADP p1: 400 Client Error: Bad Request for url: https://google.serper.dev/search
2026-04-13 18:23:13,081 WARNING    Serper ADP (workforcenow.adp.com): 0 results — query may be too narrow or domain not indexed
2026-04-13 18:23:14,082 DEBUG      Serper query (Breezy p1): site:breezy.hr ("data scientist" OR "machine learning engineer" OR "ML engineer" OR "AI engineer" OR "data analyst" OR "applied scientist" OR "NLP engineer" OR "computer vision engineer" OR "MLOps engineer") ("new grad" OR "entry level" OR "intern" OR "internship" OR "junior" OR "associate" OR "university") ("United States" OR "USA" OR "Remote US" OR "US") -senior -staff -principal -lead -director
2026-04-13 18:23:14,083 DEBUG    Starting new HTTPS connection (1): google.serper.dev:443
2026-04-13 18:23:14,182 DEBUG    https://google.serper.dev:443 "POST /search HTTP/1.1" 400 66
2026-04-13 18:23:14,182 WARNING    Serper error for Breezy p1: 400 Client Error: Bad Request for url: https://google.serper.dev/search
2026-04-13 18:23:14,184 WARNING    Serper Breezy (breezy.hr): 0 results — query may be too narrow or domain not indexed
2026-04-13 18:23:15,184 DEBUG      Serper query (Workable p1): site:workable.com ("data scientist" OR "machine learning engineer" OR "ML engineer" OR "AI engineer" OR "data analyst" OR "applied scientist" OR "NLP engineer" OR "computer vision engineer" OR "MLOps engineer") ("new grad" OR "entry level" OR "intern" OR "internship" OR "junior" OR "associate" OR "university") ("United States" OR "USA" OR "Remote US" OR "US") -senior -staff -principal -lead -director
2026-04-13 18:23:15,186 DEBUG    Starting new HTTPS connection (1): google.serper.dev:443
2026-04-13 18:23:15,299 DEBUG    https://google.serper.dev:443 "POST /search HTTP/1.1" 400 66
2026-04-13 18:23:15,300 WARNING    Serper error for Workable p1: 400 Client Error: Bad Request for url: https://google.serper.dev/search
2026-04-13 18:23:15,301 WARNING    Serper Workable (workable.com): 0 results — query may be too narrow or domain not indexed
2026-04-13 18:23:16,302 INFO     [Serper] Total parsed: 0
2026-04-13 18:23:16,302 INFO     Total jobs before filtering: 0
2026-04-13 18:23:16,302 INFO     After dedup: 0 unique (0 collisions)
2026-04-13 18:23:16,302 INFO     Filter stats — date:0 title:0 location:0 sponsor:0 exp:0 seen:0 score:0
2026-04-13 18:23:16,302 INFO     New matches to send: 0
2026-04-13 18:23:16,803 INFO     (dry-run) skipping state save and DB writes
2026-04-13 18:23:16,803 INFO     ═══ Run Summary ═══
2026-04-13 18:23:16,804 INFO       Serper raw results:    0
2026-04-13 18:23:16,804 INFO       After URL dedup:       0
2026-04-13 18:23:16,804 INFO       Dropped — date:        0
2026-04-13 18:23:16,804 INFO       Dropped — title:       0
2026-04-13 18:23:16,804 INFO       Dropped — location:    0  (US filter)
2026-04-13 18:23:16,804 INFO       Dropped — sponsorship: 0
2026-04-13 18:23:16,804 INFO       Dropped — experience:  0
2026-04-13 18:23:16,804 INFO       Dropped — seen in DB:  0
2026-04-13 18:23:16,804 INFO       Dropped — low score:   0
2026-04-13 18:23:16,804 INFO       Sent to Telegram:      0
2026-04-13 18:23:16,804 INFO       DB size (before/after): 0 / 0
2026-04-13 18:23:16,804 INFO     ═══ Done ═══
2026-04-13 18:43:36,182 INFO     ═══ Job Scout v5 starting ═══
2026-04-13 18:43:36,182 INFO     DB reset
2026-04-13 18:43:36,188 INFO     Resume loaded (4024 chars)
2026-04-13 18:43:36,191 INFO     DB contains 0 seen jobs
2026-04-13 18:43:36,191 INFO     Fetching jobs posted since: 2026-03-30 00:00 UTC
2026-04-13 18:43:36,191 INFO     [Serper] Querying 12 ATS domains
2026-04-13 18:43:36,192 DEBUG      Serper query (Greenhouse p1): site:boards.greenhouse.io ("data scientist" OR "machine learning engineer" OR "ML engineer" OR "AI engineer" OR "data analyst" OR "applied scientist" OR "NLP engineer" OR "computer vision engineer" OR "MLOps engineer") ("new grad" OR "entry level" OR "intern" OR "internship" OR "junior" OR "associate" OR "university") -senior -staff -principal -lead -director
2026-04-13 18:43:36,193 DEBUG    Starting new HTTPS connection (1): google.serper.dev:443
2026-04-13 18:43:36,305 DEBUG    https://google.serper.dev:443 "POST /search HTTP/1.1" 400 66
2026-04-13 18:43:36,306 WARNING    Serper error for Greenhouse p1: 400 Client Error: Bad Request for url: https://google.serper.dev/search | body: {"message":"Query not allowed. Contact support.","statusCode":400}
2026-04-13 18:43:36,307 WARNING    Serper Greenhouse (boards.greenhouse.io): 0 results — query may be too narrow or domain not indexed
2026-04-13 18:43:37,308 DEBUG      Serper query (Lever p1): site:jobs.lever.co ("data scientist" OR "machine learning engineer" OR "ML engineer" OR "AI engineer" OR "data analyst" OR "applied scientist" OR "NLP engineer" OR "computer vision engineer" OR "MLOps engineer") ("new grad" OR "entry level" OR "intern" OR "internship" OR "junior" OR "associate" OR "university") -senior -staff -principal -lead -director
2026-04-13 18:43:37,309 DEBUG    Starting new HTTPS connection (1): google.serper.dev:443
2026-04-13 18:43:37,435 DEBUG    https://google.serper.dev:443 "POST /search HTTP/1.1" 400 66
2026-04-13 18:43:37,436 WARNING    Serper error for Lever p1: 400 Client Error: Bad Request for url: https://google.serper.dev/search | body: {"message":"Query not allowed. Contact support.","statusCode":400}
2026-04-13 18:43:37,437 WARNING    Serper Lever (jobs.lever.co): 0 results — query may be too narrow or domain not indexed
2026-04-13 18:43:38,437 DEBUG      Serper query (Ashby p1): site:jobs.ashbyhq.com ("data scientist" OR "machine learning engineer" OR "ML engineer" OR "AI engineer" OR "data analyst" OR "applied scientist" OR "NLP engineer" OR "computer vision engineer" OR "MLOps engineer") ("new grad" OR "entry level" OR "intern" OR "internship" OR "junior" OR "associate" OR "university") -senior -staff -principal -lead -director
2026-04-13 18:43:38,438 DEBUG    Starting new HTTPS connection (1): google.serper.dev:443
2026-04-13 18:43:38,554 DEBUG    https://google.serper.dev:443 "POST /search HTTP/1.1" 400 66
2026-04-13 18:43:38,555 WARNING    Serper error for Ashby p1: 400 Client Error: Bad Request for url: https://google.serper.dev/search | body: {"message":"Query not allowed. Contact support.","statusCode":400}
2026-04-13 18:43:38,556 WARNING    Serper Ashby (jobs.ashbyhq.com): 0 results — query may be too narrow or domain not indexed
2026-04-13 18:43:39,557 DEBUG      Serper query (Workday p1): site:myworkdayjobs.com ("data scientist" OR "machine learning engineer" OR "ML engineer" OR "AI engineer" OR "data analyst" OR "applied scientist" OR "NLP engineer" OR "computer vision engineer" OR "MLOps engineer") ("new grad" OR "entry level" OR "intern" OR "internship" OR "junior" OR "associate" OR "university") -senior -staff -principal -lead -director
2026-04-13 18:43:39,558 DEBUG    Starting new HTTPS connection (1): google.serper.dev:443
2026-04-13 18:43:39,680 DEBUG    https://google.serper.dev:443 "POST /search HTTP/1.1" 400 66
2026-04-13 18:43:39,681 WARNING    Serper error for Workday p1: 400 Client Error: Bad Request for url: https://google.serper.dev/search | body: {"message":"Query not allowed. Contact support.","statusCode":400}
2026-04-13 18:43:39,682 WARNING    Serper Workday (myworkdayjobs.com): 0 results — query may be too narrow or domain not indexed
2026-04-13 18:43:40,682 DEBUG      Serper query (SmartRecruiters p1): site:jobs.smartrecruiters.com ("data scientist" OR "machine learning engineer" OR "ML engineer" OR "AI engineer" OR "data analyst" OR "applied scientist" OR "NLP engineer" OR "computer vision engineer" OR "MLOps engineer") ("new grad" OR "entry level" OR "intern" OR "internship" OR "junior" OR "associate" OR "university") -senior -staff -principal -lead -director
2026-04-13 18:43:40,684 DEBUG    Starting new HTTPS connection (1): google.serper.dev:443
2026-04-13 18:43:40,791 DEBUG    https://google.serper.dev:443 "POST /search HTTP/1.1" 400 66
2026-04-13 18:43:40,791 WARNING    Serper error for SmartRecruiters p1: 400 Client Error: Bad Request for url: https://google.serper.dev/search | body: {"message":"Query not allowed. Contact support.","statusCode":400}
2026-04-13 18:43:40,792 WARNING    Serper SmartRecruiters (jobs.smartrecruiters.com): 0 results — query may be too narrow or domain not indexed
2026-04-13 18:43:41,793 DEBUG      Serper query (Jobvite p1): site:jobs.jobvite.com ("data scientist" OR "machine learning engineer" OR "ML engineer" OR "AI engineer" OR "data analyst" OR "applied scientist" OR "NLP engineer" OR "computer vision engineer" OR "MLOps engineer") ("new grad" OR "entry level" OR "intern" OR "internship" OR "junior" OR "associate" OR "university") -senior -staff -principal -lead -director
2026-04-13 18:43:41,794 DEBUG    Starting new HTTPS connection (1): google.serper.dev:443
2026-04-13 18:43:41,899 DEBUG    https://google.serper.dev:443 "POST /search HTTP/1.1" 400 66
2026-04-13 18:43:41,899 WARNING    Serper error for Jobvite p1: 400 Client Error: Bad Request for url: https://google.serper.dev/search | body: {"message":"Query not allowed. Contact support.","statusCode":400}
2026-04-13 18:43:41,901 WARNING    Serper Jobvite (jobs.jobvite.com): 0 results — query may be too narrow or domain not indexed
2026-04-13 18:43:42,901 DEBUG      Serper query (JazzHR p1): site:applytojob.com ("data scientist" OR "machine learning engineer" OR "ML engineer" OR "AI engineer" OR "data analyst" OR "applied scientist" OR "NLP engineer" OR "computer vision engineer" OR "MLOps engineer") ("new grad" OR "entry level" OR "intern" OR "internship" OR "junior" OR "associate" OR "university") -senior -staff -principal -lead -director
2026-04-13 18:43:42,902 DEBUG    Starting new HTTPS connection (1): google.serper.dev:443
2026-04-13 18:43:43,010 DEBUG    https://google.serper.dev:443 "POST /search HTTP/1.1" 400 66
2026-04-13 18:43:43,010 WARNING    Serper error for JazzHR p1: 400 Client Error: Bad Request for url: https://google.serper.dev/search | body: {"message":"Query not allowed. Contact support.","statusCode":400}
2026-04-13 18:43:43,011 WARNING    Serper JazzHR (applytojob.com): 0 results — query may be too narrow or domain not indexed
2026-04-13 18:43:44,012 DEBUG      Serper query (Taleo p1): site:taleo.net ("data scientist" OR "machine learning engineer" OR "ML engineer" OR "AI engineer" OR "data analyst" OR "applied scientist" OR "NLP engineer" OR "computer vision engineer" OR "MLOps engineer") ("new grad" OR "entry level" OR "intern" OR "internship" OR "junior" OR "associate" OR "university") -senior -staff -principal -lead -director
2026-04-13 18:43:44,013 DEBUG    Starting new HTTPS connection (1): google.serper.dev:443
2026-04-13 18:43:44,124 DEBUG    https://google.serper.dev:443 "POST /search HTTP/1.1" 400 66
2026-04-13 18:43:44,125 WARNING    Serper error for Taleo p1: 400 Client Error: Bad Request for url: https://google.serper.dev/search | body: {"message":"Query not allowed. Contact support.","statusCode":400}
2026-04-13 18:43:44,127 WARNING    Serper Taleo (taleo.net): 0 results — query may be too narrow or domain not indexed
2026-04-13 18:43:45,127 DEBUG      Serper query (iCIMS p1): site:icims.com ("data scientist" OR "machine learning engineer" OR "ML engineer" OR "AI engineer" OR "data analyst" OR "applied scientist" OR "NLP engineer" OR "computer vision engineer" OR "MLOps engineer") ("new grad" OR "entry level" OR "intern" OR "internship" OR "junior" OR "associate" OR "university") -senior -staff -principal -lead -director
2026-04-13 18:43:45,128 DEBUG    Starting new HTTPS connection (1): google.serper.dev:443
2026-04-13 18:43:45,248 DEBUG    https://google.serper.dev:443 "POST /search HTTP/1.1" 400 66
2026-04-13 18:43:45,248 WARNING    Serper error for iCIMS p1: 400 Client Error: Bad Request for url: https://google.serper.dev/search | body: {"message":"Query not allowed. Contact support.","statusCode":400}
2026-04-13 18:43:45,250 WARNING    Serper iCIMS (icims.com): 0 results — query may be too narrow or domain not indexed
2026-04-13 18:43:46,250 DEBUG      Serper query (ADP p1): site:workforcenow.adp.com ("data scientist" OR "machine learning engineer" OR "ML engineer" OR "AI engineer" OR "data analyst" OR "applied scientist" OR "NLP engineer" OR "computer vision engineer" OR "MLOps engineer") ("new grad" OR "entry level" OR "intern" OR "internship" OR "junior" OR "associate" OR "university") -senior -staff -principal -lead -director
2026-04-13 18:43:46,251 DEBUG    Starting new HTTPS connection (1): google.serper.dev:443
2026-04-13 18:43:46,352 DEBUG    https://google.serper.dev:443 "POST /search HTTP/1.1" 400 66
2026-04-13 18:43:46,353 WARNING    Serper error for ADP p1: 400 Client Error: Bad Request for url: https://google.serper.dev/search | body: {"message":"Query not allowed. Contact support.","statusCode":400}
2026-04-13 18:43:46,354 WARNING    Serper ADP (workforcenow.adp.com): 0 results — query may be too narrow or domain not indexed
2026-04-13 18:43:47,354 DEBUG      Serper query (Breezy p1): site:breezy.hr ("data scientist" OR "machine learning engineer" OR "ML engineer" OR "AI engineer" OR "data analyst" OR "applied scientist" OR "NLP engineer" OR "computer vision engineer" OR "MLOps engineer") ("new grad" OR "entry level" OR "intern" OR "internship" OR "junior" OR "associate" OR "university") -senior -staff -principal -lead -director
2026-04-13 18:43:47,355 DEBUG    Starting new HTTPS connection (1): google.serper.dev:443
2026-04-13 18:43:47,456 DEBUG    https://google.serper.dev:443 "POST /search HTTP/1.1" 400 66
2026-04-13 18:43:47,457 WARNING    Serper error for Breezy p1: 400 Client Error: Bad Request for url: https://google.serper.dev/search | body: {"message":"Query not allowed. Contact support.","statusCode":400}
2026-04-13 18:43:47,458 WARNING    Serper Breezy (breezy.hr): 0 results — query may be too narrow or domain not indexed
2026-04-13 18:43:48,459 DEBUG      Serper query (Workable p1): site:workable.com ("data scientist" OR "machine learning engineer" OR "ML engineer" OR "AI engineer" OR "data analyst" OR "applied scientist" OR "NLP engineer" OR "computer vision engineer" OR "MLOps engineer") ("new grad" OR "entry level" OR "intern" OR "internship" OR "junior" OR "associate" OR "university") -senior -staff -principal -lead -director
2026-04-13 18:43:48,460 DEBUG    Starting new HTTPS connection (1): google.serper.dev:443
2026-04-13 18:43:48,582 DEBUG    https://google.serper.dev:443 "POST /search HTTP/1.1" 400 66
2026-04-13 18:43:48,582 WARNING    Serper error for Workable p1: 400 Client Error: Bad Request for url: https://google.serper.dev/search | body: {"message":"Query not allowed. Contact support.","statusCode":400}
2026-04-13 18:43:48,584 WARNING    Serper Workable (workable.com): 0 results — query may be too narrow or domain not indexed
2026-04-13 18:43:49,584 INFO     [Serper] Total parsed: 0
2026-04-13 18:43:49,585 INFO     Total jobs before filtering: 0
2026-04-13 18:43:49,585 INFO     After dedup: 0 unique (0 collisions)
2026-04-13 18:43:49,585 INFO     Filter stats — date:0 title:0 location:0 sponsor:0 exp:0 seen:0 score:0
2026-04-13 18:43:49,585 INFO     New matches to send: 0
2026-04-13 18:43:50,085 INFO     (dry-run) skipping state save and DB writes
2026-04-13 18:43:50,086 INFO     ═══ Run Summary ═══
2026-04-13 18:43:50,086 INFO       Serper raw results:    0
2026-04-13 18:43:50,086 INFO       After URL dedup:       0
2026-04-13 18:43:50,086 INFO       Dropped — date:        0
2026-04-13 18:43:50,086 INFO       Dropped — title:       0
2026-04-13 18:43:50,086 INFO       Dropped — location:    0  (US filter)
2026-04-13 18:43:50,086 INFO       Dropped — sponsorship: 0
2026-04-13 18:43:50,086 INFO       Dropped — experience:  0
2026-04-13 18:43:50,086 INFO       Dropped — seen in DB:  0
2026-04-13 18:43:50,086 INFO       Dropped — low score:   0
2026-04-13 18:43:50,087 INFO       Sent to Telegram:      0
2026-04-13 18:43:50,087 INFO       DB size (before/after): 0 / 0
2026-04-13 18:43:50,087 INFO     ═══ Done ═══
2026-04-13 18:46:44,960 INFO     ═══ Job Scout v5 starting ═══
2026-04-13 18:46:44,961 INFO     DB reset
2026-04-13 18:46:44,966 INFO     Resume loaded (4024 chars)
2026-04-13 18:46:44,970 INFO     DB contains 0 seen jobs
2026-04-13 18:46:44,970 INFO     Fetching jobs posted since: 2026-03-30 00:00 UTC
2026-04-13 18:46:44,970 INFO     [Serper] Querying 12 ATS domains
2026-04-13 18:46:44,970 DEBUG      Serper query (Greenhouse / data scientist): site:boards.greenhouse.io "data scientist"
2026-04-13 18:46:44,972 DEBUG    Starting new HTTPS connection (1): google.serper.dev:443
2026-04-13 18:46:45,102 DEBUG    https://google.serper.dev:443 "POST /search HTTP/1.1" 400 66
2026-04-13 18:46:45,103 WARNING    Serper error Greenhouse/data scientist: 400 Client Error: Bad Request for url: https://google.serper.dev/search | body: {"message":"Query not allowed. Contact support.","statusCode":400}
2026-04-13 18:46:45,604 DEBUG      Serper query (Greenhouse / machine learning engineer): site:boards.greenhouse.io "machine learning engineer"
2026-04-13 18:46:45,605 DEBUG    Starting new HTTPS connection (1): google.serper.dev:443
2026-04-13 18:46:45,720 DEBUG    https://google.serper.dev:443 "POST /search HTTP/1.1" 400 66
2026-04-13 18:46:45,721 WARNING    Serper error Greenhouse/machine learning engineer: 400 Client Error: Bad Request for url: https://google.serper.dev/search | body: {"message":"Query not allowed. Contact support.","statusCode":400}
2026-04-13 18:46:46,223 DEBUG      Serper query (Greenhouse / data analyst): site:boards.greenhouse.io "data analyst"
2026-04-13 18:46:46,224 DEBUG    Starting new HTTPS connection (1): google.serper.dev:443
2026-04-13 18:46:46,329 DEBUG    https://google.serper.dev:443 "POST /search HTTP/1.1" 400 66
2026-04-13 18:46:46,329 WARNING    Serper error Greenhouse/data analyst: 400 Client Error: Bad Request for url: https://google.serper.dev/search | body: {"message":"Query not allowed. Contact support.","statusCode":400}
2026-04-13 18:46:46,831 DEBUG      Serper query (Greenhouse / applied scientist): site:boards.greenhouse.io "applied scientist"
2026-04-13 18:46:46,832 DEBUG    Starting new HTTPS connection (1): google.serper.dev:443
2026-04-13 18:46:46,943 DEBUG    https://google.serper.dev:443 "POST /search HTTP/1.1" 400 66
2026-04-13 18:46:46,944 WARNING    Serper error Greenhouse/applied scientist: 400 Client Error: Bad Request for url: https://google.serper.dev/search | body: {"message":"Query not allowed. Contact support.","statusCode":400}
2026-04-13 18:46:47,446 DEBUG      Serper query (Greenhouse / AI engineer): site:boards.greenhouse.io "AI engineer"
2026-04-13 18:46:47,447 DEBUG    Starting new HTTPS connection (1): google.serper.dev:443
2026-04-13 18:46:47,556 DEBUG    https://google.serper.dev:443 "POST /search HTTP/1.1" 400 66
2026-04-13 18:46:47,557 WARNING    Serper error Greenhouse/AI engineer: 400 Client Error: Bad Request for url: https://google.serper.dev/search | body: {"message":"Query not allowed. Contact support.","statusCode":400}
2026-04-13 18:46:48,058 WARNING    Serper Greenhouse (boards.greenhouse.io): 0 results across 5 role queries
2026-04-13 18:46:49,059 DEBUG      Serper query (Lever / data scientist): site:jobs.lever.co "data scientist"
2026-04-13 18:46:49,060 DEBUG    Starting new HTTPS connection (1): google.serper.dev:443
2026-04-13 18:46:49,163 DEBUG    https://google.serper.dev:443 "POST /search HTTP/1.1" 400 66
2026-04-13 18:46:49,164 WARNING    Serper error Lever/data scientist: 400 Client Error: Bad Request for url: https://google.serper.dev/search | body: {"message":"Query not allowed. Contact support.","statusCode":400}
2026-04-13 18:46:49,665 DEBUG      Serper query (Lever / machine learning engineer): site:jobs.lever.co "machine learning engineer"
2026-04-13 18:46:49,666 DEBUG    Starting new HTTPS connection (1): google.serper.dev:443
2026-04-13 18:46:49,771 DEBUG    https://google.serper.dev:443 "POST /search HTTP/1.1" 400 66
2026-04-13 18:46:49,772 WARNING    Serper error Lever/machine learning engineer: 400 Client Error: Bad Request for url: https://google.serper.dev/search | body: {"message":"Query not allowed. Contact support.","statusCode":400}
2026-04-13 18:46:50,274 DEBUG      Serper query (Lever / data analyst): site:jobs.lever.co "data analyst"
2026-04-13 18:46:50,275 DEBUG    Starting new HTTPS connection (1): google.serper.dev:443
2026-04-13 18:46:50,383 DEBUG    https://google.serper.dev:443 "POST /search HTTP/1.1" 400 66
2026-04-13 18:46:50,384 WARNING    Serper error Lever/data analyst: 400 Client Error: Bad Request for url: https://google.serper.dev/search | body: {"message":"Query not allowed. Contact support.","statusCode":400}
2026-04-13 18:46:50,885 DEBUG      Serper query (Lever / applied scientist): site:jobs.lever.co "applied scientist"
2026-04-13 18:46:50,887 DEBUG    Starting new HTTPS connection (1): google.serper.dev:443
2026-04-13 18:46:50,996 DEBUG    https://google.serper.dev:443 "POST /search HTTP/1.1" 400 66
2026-04-13 18:46:50,997 WARNING    Serper error Lever/applied scientist: 400 Client Error: Bad Request for url: https://google.serper.dev/search | body: {"message":"Query not allowed. Contact support.","statusCode":400}
2026-04-13 18:46:51,498 DEBUG      Serper query (Lever / AI engineer): site:jobs.lever.co "AI engineer"
2026-04-13 18:46:51,499 DEBUG    Starting new HTTPS connection (1): google.serper.dev:443
2026-04-13 18:46:51,602 DEBUG    https://google.serper.dev:443 "POST /search HTTP/1.1" 400 66
2026-04-13 18:46:51,603 WARNING    Serper error Lever/AI engineer: 400 Client Error: Bad Request for url: https://google.serper.dev/search | body: {"message":"Query not allowed. Contact support.","statusCode":400}
2026-04-13 18:46:52,105 WARNING    Serper Lever (jobs.lever.co): 0 results across 5 role queries
2026-04-13 18:46:53,106 DEBUG      Serper query (Ashby / data scientist): site:jobs.ashbyhq.com "data scientist"
2026-04-13 18:46:53,107 DEBUG    Starting new HTTPS connection (1): google.serper.dev:443
2026-04-13 18:46:53,216 DEBUG    https://google.serper.dev:443 "POST /search HTTP/1.1" 400 66
2026-04-13 18:46:53,216 WARNING    Serper error Ashby/data scientist: 400 Client Error: Bad Request for url: https://google.serper.dev/search | body: {"message":"Query not allowed. Contact support.","statusCode":400}
2026-04-13 18:46:53,718 DEBUG      Serper query (Ashby / machine learning engineer): site:jobs.ashbyhq.com "machine learning engineer"
2026-04-13 18:46:53,719 DEBUG    Starting new HTTPS connection (1): google.serper.dev:443
2026-04-13 18:46:53,827 DEBUG    https://google.serper.dev:443 "POST /search HTTP/1.1" 400 66
2026-04-13 18:46:53,827 WARNING    Serper error Ashby/machine learning engineer: 400 Client Error: Bad Request for url: https://google.serper.dev/search | body: {"message":"Query not allowed. Contact support.","statusCode":400}
2026-04-13 18:46:54,329 DEBUG      Serper query (Ashby / data analyst): site:jobs.ashbyhq.com "data analyst"
2026-04-13 18:46:54,330 DEBUG    Starting new HTTPS connection (1): google.serper.dev:443
2026-04-13 18:46:54,444 DEBUG    https://google.serper.dev:443 "POST /search HTTP/1.1" 400 66
2026-04-13 18:46:54,445 WARNING    Serper error Ashby/data analyst: 400 Client Error: Bad Request for url: https://google.serper.dev/search | body: {"message":"Query not allowed. Contact support.","statusCode":400}
2026-04-13 18:46:54,946 DEBUG      Serper query (Ashby / applied scientist): site:jobs.ashbyhq.com "applied scientist"
2026-04-13 18:46:54,948 DEBUG    Starting new HTTPS connection (1): google.serper.dev:443
2026-04-13 18:46:55,066 DEBUG    https://google.serper.dev:443 "POST /search HTTP/1.1" 400 66
2026-04-13 18:46:55,067 WARNING    Serper error Ashby/applied scientist: 400 Client Error: Bad Request for url: https://google.serper.dev/search | body: {"message":"Query not allowed. Contact support.","statusCode":400}
2026-04-13 18:46:55,568 DEBUG      Serper query (Ashby / AI engineer): site:jobs.ashbyhq.com "AI engineer"
2026-04-13 18:46:55,570 DEBUG    Starting new HTTPS connection (1): google.serper.dev:443
2026-04-13 18:46:55,673 DEBUG    https://google.serper.dev:443 "POST /search HTTP/1.1" 400 66
2026-04-13 18:46:55,673 WARNING    Serper error Ashby/AI engineer: 400 Client Error: Bad Request for url: https://google.serper.dev/search | body: {"message":"Query not allowed. Contact support.","statusCode":400}
2026-04-13 18:46:56,174 WARNING    Serper Ashby (jobs.ashbyhq.com): 0 results across 5 role queries
2026-04-13 18:46:57,175 DEBUG      Serper query (Workday / data scientist): site:myworkdayjobs.com "data scientist"
2026-04-13 18:46:57,177 DEBUG    Starting new HTTPS connection (1): google.serper.dev:443
2026-04-13 18:46:57,274 DEBUG    https://google.serper.dev:443 "POST /search HTTP/1.1" 400 66
2026-04-13 18:46:57,275 WARNING    Serper error Workday/data scientist: 400 Client Error: Bad Request for url: https://google.serper.dev/search | body: {"message":"Query not allowed. Contact support.","statusCode":400}
2026-04-13 18:46:57,777 DEBUG      Serper query (Workday / machine learning engineer): site:myworkdayjobs.com "machine learning engineer"
2026-04-13 18:46:57,778 DEBUG    Starting new HTTPS connection (1): google.serper.dev:443
2026-04-13 18:46:57,884 DEBUG    https://google.serper.dev:443 "POST /search HTTP/1.1" 400 66
2026-04-13 18:46:57,885 WARNING    Serper error Workday/machine learning engineer: 400 Client Error: Bad Request for url: https://google.serper.dev/search | body: {"message":"Query not allowed. Contact support.","statusCode":400}
2026-04-13 18:46:58,387 DEBUG      Serper query (Workday / data analyst): site:myworkdayjobs.com "data analyst"
2026-04-13 18:46:58,388 DEBUG    Starting new HTTPS connection (1): google.serper.dev:443
2026-04-13 18:46:58,505 DEBUG    https://google.serper.dev:443 "POST /search HTTP/1.1" 400 66
2026-04-13 18:46:58,506 WARNING    Serper error Workday/data analyst: 400 Client Error: Bad Request for url: https://google.serper.dev/search | body: {"message":"Query not allowed. Contact support.","statusCode":400}
2026-04-13 18:46:59,008 DEBUG      Serper query (Workday / applied scientist): site:myworkdayjobs.com "applied scientist"
2026-04-13 18:46:59,010 DEBUG    Starting new HTTPS connection (1): google.serper.dev:443
2026-04-13 18:46:59,120 DEBUG    https://google.serper.dev:443 "POST /search HTTP/1.1" 400 66
2026-04-13 18:46:59,120 WARNING    Serper error Workday/applied scientist: 400 Client Error: Bad Request for url: https://google.serper.dev/search | body: {"message":"Query not allowed. Contact support.","statusCode":400}
2026-04-13 18:46:59,622 DEBUG      Serper query (Workday / AI engineer): site:myworkdayjobs.com "AI engineer"
2026-04-13 18:46:59,623 DEBUG    Starting new HTTPS connection (1): google.serper.dev:443
2026-04-13 18:46:59,728 DEBUG    https://google.serper.dev:443 "POST /search HTTP/1.1" 400 66
2026-04-13 18:46:59,729 WARNING    Serper error Workday/AI engineer: 400 Client Error: Bad Request for url: https://google.serper.dev/search | body: {"message":"Query not allowed. Contact support.","statusCode":400}
2026-04-13 18:47:00,230 WARNING    Serper Workday (myworkdayjobs.com): 0 results across 5 role queries
2026-04-13 18:47:01,232 DEBUG      Serper query (SmartRecruiters / data scientist): site:jobs.smartrecruiters.com "data scientist"
2026-04-13 18:47:01,233 DEBUG    Starting new HTTPS connection (1): google.serper.dev:443
2026-04-13 18:47:01,358 DEBUG    https://google.serper.dev:443 "POST /search HTTP/1.1" 400 66
2026-04-13 18:47:01,359 WARNING    Serper error SmartRecruiters/data scientist: 400 Client Error: Bad Request for url: https://google.serper.dev/search | body: {"message":"Query not allowed. Contact support.","statusCode":400}
2026-04-13 18:47:01,861 DEBUG      Serper query (SmartRecruiters / machine learning engineer): site:jobs.smartrecruiters.com "machine learning engineer"
2026-04-13 18:47:01,864 DEBUG    Starting new HTTPS connection (1): google.serper.dev:443
2026-04-13 18:47:01,976 DEBUG    https://google.serper.dev:443 "POST /search HTTP/1.1" 400 66
2026-04-13 18:47:01,978 WARNING    Serper error SmartRecruiters/machine learning engineer: 400 Client Error: Bad Request for url: https://google.serper.dev/search | body: {"message":"Query not allowed. Contact support.","statusCode":400}
2026-04-13 18:47:02,480 DEBUG      Serper query (SmartRecruiters / data analyst): site:jobs.smartrecruiters.com "data analyst"
2026-04-13 18:47:02,481 DEBUG    Starting new HTTPS connection (1): google.serper.dev:443
2026-04-13 18:47:02,595 DEBUG    https://google.serper.dev:443 "POST /search HTTP/1.1" 400 66
2026-04-13 18:47:02,596 WARNING    Serper error SmartRecruiters/data analyst: 400 Client Error: Bad Request for url: https://google.serper.dev/search | body: {"message":"Query not allowed. Contact support.","statusCode":400}
2026-04-13 18:47:03,097 DEBUG      Serper query (SmartRecruiters / applied scientist): site:jobs.smartrecruiters.com "applied scientist"
2026-04-13 18:47:03,099 DEBUG    Starting new HTTPS connection (1): google.serper.dev:443
2026-04-13 18:47:03,215 DEBUG    https://google.serper.dev:443 "POST /search HTTP/1.1" 400 66
2026-04-13 18:47:03,215 WARNING    Serper error SmartRecruiters/applied scientist: 400 Client Error: Bad Request for url: https://google.serper.dev/search | body: {"message":"Query not allowed. Contact support.","statusCode":400}
2026-04-13 18:47:03,717 DEBUG      Serper query (SmartRecruiters / AI engineer): site:jobs.smartrecruiters.com "AI engineer"
2026-04-13 18:47:03,719 DEBUG    Starting new HTTPS connection (1): google.serper.dev:443
2026-04-13 18:47:03,836 DEBUG    https://google.serper.dev:443 "POST /search HTTP/1.1" 400 66
2026-04-13 18:47:03,837 WARNING    Serper error SmartRecruiters/AI engineer: 400 Client Error: Bad Request for url: https://google.serper.dev/search | body: {"message":"Query not allowed. Contact support.","statusCode":400}
2026-04-13 18:47:04,338 WARNING    Serper SmartRecruiters (jobs.smartrecruiters.com): 0 results across 5 role queries
2026-04-13 18:47:05,339 DEBUG      Serper query (Jobvite / data scientist): site:jobs.jobvite.com "data scientist"
2026-04-13 18:47:05,340 DEBUG    Starting new HTTPS connection (1): google.serper.dev:443
2026-04-13 18:47:05,443 DEBUG    https://google.serper.dev:443 "POST /search HTTP/1.1" 400 66
2026-04-13 18:47:05,444 WARNING    Serper error Jobvite/data scientist: 400 Client Error: Bad Request for url: https://google.serper.dev/search | body: {"message":"Query not allowed. Contact support.","statusCode":400}
2026-04-13 18:47:05,945 DEBUG      Serper query (Jobvite / machine learning engineer): site:jobs.jobvite.com "machine learning engineer"
2026-04-13 18:47:05,947 DEBUG    Starting new HTTPS connection (1): google.serper.dev:443
2026-04-13 18:47:06,052 DEBUG    https://google.serper.dev:443 "POST /search HTTP/1.1" 400 66
2026-04-13 18:47:06,052 WARNING    Serper error Jobvite/machine learning engineer: 400 Client Error: Bad Request for url: https://google.serper.dev/search | body: {"message":"Query not allowed. Contact support.","statusCode":400}
2026-04-13 18:47:06,554 DEBUG      Serper query (Jobvite / data analyst): site:jobs.jobvite.com "data analyst"
2026-04-13 18:47:06,557 DEBUG    Starting new HTTPS connection (1): google.serper.dev:443
2026-04-13 18:47:06,672 DEBUG    https://google.serper.dev:443 "POST /search HTTP/1.1" 400 66
2026-04-13 18:47:06,673 WARNING    Serper error Jobvite/data analyst: 400 Client Error: Bad Request for url: https://google.serper.dev/search | body: {"message":"Query not allowed. Contact support.","statusCode":400}
2026-04-13 18:47:07,175 DEBUG      Serper query (Jobvite / applied scientist): site:jobs.jobvite.com "applied scientist"
2026-04-13 18:47:07,176 DEBUG    Starting new HTTPS connection (1): google.serper.dev:443
2026-04-13 18:47:07,304 DEBUG    https://google.serper.dev:443 "POST /search HTTP/1.1" 400 66
2026-04-13 18:47:07,304 WARNING    Serper error Jobvite/applied scientist: 400 Client Error: Bad Request for url: https://google.serper.dev/search | body: {"message":"Query not allowed. Contact support.","statusCode":400}
2026-04-13 18:47:07,806 DEBUG      Serper query (Jobvite / AI engineer): site:jobs.jobvite.com "AI engineer"
2026-04-13 18:47:07,807 DEBUG    Starting new HTTPS connection (1): google.serper.dev:443
2026-04-13 18:47:07,922 DEBUG    https://google.serper.dev:443 "POST /search HTTP/1.1" 400 66
2026-04-13 18:47:07,923 WARNING    Serper error Jobvite/AI engineer: 400 Client Error: Bad Request for url: https://google.serper.dev/search | body: {"message":"Query not allowed. Contact support.","statusCode":400}
2026-04-13 18:47:08,424 WARNING    Serper Jobvite (jobs.jobvite.com): 0 results across 5 role queries
2026-04-13 18:47:09,424 DEBUG      Serper query (JazzHR / data scientist): site:applytojob.com "data scientist"
2026-04-13 18:47:09,426 DEBUG    Starting new HTTPS connection (1): google.serper.dev:443
2026-04-13 18:47:09,531 DEBUG    https://google.serper.dev:443 "POST /search HTTP/1.1" 400 66
2026-04-13 18:47:09,532 WARNING    Serper error JazzHR/data scientist: 400 Client Error: Bad Request for url: https://google.serper.dev/search | body: {"message":"Query not allowed. Contact support.","statusCode":400}
2026-04-13 18:47:10,033 DEBUG      Serper query (JazzHR / machine learning engineer): site:applytojob.com "machine learning engineer"
2026-04-13 18:47:10,035 DEBUG    Starting new HTTPS connection (1): google.serper.dev:443
2026-04-13 18:47:10,145 DEBUG    https://google.serper.dev:443 "POST /search HTTP/1.1" 400 66
2026-04-13 18:47:10,146 WARNING    Serper error JazzHR/machine learning engineer: 400 Client Error: Bad Request for url: https://google.serper.dev/search | body: {"message":"Query not allowed. Contact support.","statusCode":400}
2026-04-13 18:47:10,648 DEBUG      Serper query (JazzHR / data analyst): site:applytojob.com "data analyst"
2026-04-13 18:47:10,650 DEBUG    Starting new HTTPS connection (1): google.serper.dev:443
2026-04-13 18:47:10,756 DEBUG    https://google.serper.dev:443 "POST /search HTTP/1.1" 400 66
2026-04-13 18:47:10,757 WARNING    Serper error JazzHR/data analyst: 400 Client Error: Bad Request for url: https://google.serper.dev/search | body: {"message":"Query not allowed. Contact support.","statusCode":400}
2026-04-13 18:47:11,258 DEBUG      Serper query (JazzHR / applied scientist): site:applytojob.com "applied scientist"
2026-04-13 18:47:11,260 DEBUG    Starting new HTTPS connection (1): google.serper.dev:443
2026-04-13 18:47:11,371 DEBUG    https://google.serper.dev:443 "POST /search HTTP/1.1" 400 66
2026-04-13 18:47:11,372 WARNING    Serper error JazzHR/applied scientist: 400 Client Error: Bad Request for url: https://google.serper.dev/search | body: {"message":"Query not allowed. Contact support.","statusCode":400}
2026-04-13 18:47:11,874 DEBUG      Serper query (JazzHR / AI engineer): site:applytojob.com "AI engineer"
2026-04-13 18:47:11,875 DEBUG    Starting new HTTPS connection (1): google.serper.dev:443
2026-04-13 18:47:11,985 DEBUG    https://google.serper.dev:443 "POST /search HTTP/1.1" 400 66
2026-04-13 18:47:11,985 WARNING    Serper error JazzHR/AI engineer: 400 Client Error: Bad Request for url: https://google.serper.dev/search | body: {"message":"Query not allowed. Contact support.","statusCode":400}
2026-04-13 18:47:12,486 WARNING    Serper JazzHR (applytojob.com): 0 results across 5 role queries
2026-04-13 18:47:13,488 DEBUG      Serper query (Taleo / data scientist): site:taleo.net "data scientist"
2026-04-13 18:47:13,489 DEBUG    Starting new HTTPS connection (1): google.serper.dev:443
2026-04-13 18:47:13,600 DEBUG    https://google.serper.dev:443 "POST /search HTTP/1.1" 400 66
2026-04-13 18:47:13,600 WARNING    Serper error Taleo/data scientist: 400 Client Error: Bad Request for url: https://google.serper.dev/search | body: {"message":"Query not allowed. Contact support.","statusCode":400}
2026-04-13 18:47:14,102 DEBUG      Serper query (Taleo / machine learning engineer): site:taleo.net "machine learning engineer"
2026-04-13 18:47:14,104 DEBUG    Starting new HTTPS connection (1): google.serper.dev:443
2026-04-13 18:47:14,213 DEBUG    https://google.serper.dev:443 "POST /search HTTP/1.1" 400 66
2026-04-13 18:47:14,214 WARNING    Serper error Taleo/machine learning engineer: 400 Client Error: Bad Request for url: https://google.serper.dev/search | body: {"message":"Query not allowed. Contact support.","statusCode":400}
2026-04-13 18:47:14,715 DEBUG      Serper query (Taleo / data analyst): site:taleo.net "data analyst"
2026-04-13 18:47:14,717 DEBUG    Starting new HTTPS connection (1): google.serper.dev:443
2026-04-13 18:47:14,823 DEBUG    https://google.serper.dev:443 "POST /search HTTP/1.1" 400 66
2026-04-13 18:47:14,824 WARNING    Serper error Taleo/data analyst: 400 Client Error: Bad Request for url: https://google.serper.dev/search | body: {"message":"Query not allowed. Contact support.","statusCode":400}
2026-04-13 18:47:15,325 DEBUG      Serper query (Taleo / applied scientist): site:taleo.net "applied scientist"
2026-04-13 18:47:15,327 DEBUG    Starting new HTTPS connection (1): google.serper.dev:443
2026-04-13 18:47:15,433 DEBUG    https://google.serper.dev:443 "POST /search HTTP/1.1" 400 66
2026-04-13 18:47:15,434 WARNING    Serper error Taleo/applied scientist: 400 Client Error: Bad Request for url: https://google.serper.dev/search | body: {"message":"Query not allowed. Contact support.","statusCode":400}
2026-04-13 18:47:15,935 DEBUG      Serper query (Taleo / AI engineer): site:taleo.net "AI engineer"
2026-04-13 18:47:15,937 DEBUG    Starting new HTTPS connection (1): google.serper.dev:443
2026-04-13 18:47:16,058 DEBUG    https://google.serper.dev:443 "POST /search HTTP/1.1" 400 66
2026-04-13 18:47:16,059 WARNING    Serper error Taleo/AI engineer: 400 Client Error: Bad Request for url: https://google.serper.dev/search | body: {"message":"Query not allowed. Contact support.","statusCode":400}
2026-04-13 18:47:16,560 WARNING    Serper Taleo (taleo.net): 0 results across 5 role queries
2026-04-13 18:47:17,561 DEBUG      Serper query (iCIMS / data scientist): site:icims.com "data scientist"
2026-04-13 18:47:17,562 DEBUG    Starting new HTTPS connection (1): google.serper.dev:443
2026-04-13 18:47:17,707 DEBUG    https://google.serper.dev:443 "POST /search HTTP/1.1" 400 66
2026-04-13 18:47:17,708 WARNING    Serper error iCIMS/data scientist: 400 Client Error: Bad Request for url: https://google.serper.dev/search | body: {"message":"Query not allowed. Contact support.","statusCode":400}
2026-04-13 18:47:18,209 DEBUG      Serper query (iCIMS / machine learning engineer): site:icims.com "machine learning engineer"
2026-04-13 18:47:18,212 DEBUG    Starting new HTTPS connection (1): google.serper.dev:443
2026-04-13 18:47:18,308 DEBUG    https://google.serper.dev:443 "POST /search HTTP/1.1" 400 66
2026-04-13 18:47:18,309 WARNING    Serper error iCIMS/machine learning engineer: 400 Client Error: Bad Request for url: https://google.serper.dev/search | body: {"message":"Query not allowed. Contact support.","statusCode":400}
2026-04-13 18:47:18,811 DEBUG      Serper query (iCIMS / data analyst): site:icims.com "data analyst"
2026-04-13 18:47:18,812 DEBUG    Starting new HTTPS connection (1): google.serper.dev:443
2026-04-13 18:47:18,926 DEBUG    https://google.serper.dev:443 "POST /search HTTP/1.1" 400 66
2026-04-13 18:47:18,927 WARNING    Serper error iCIMS/data analyst: 400 Client Error: Bad Request for url: https://google.serper.dev/search | body: {"message":"Query not allowed. Contact support.","statusCode":400}
2026-04-13 18:47:19,428 DEBUG      Serper query (iCIMS / applied scientist): site:icims.com "applied scientist"
2026-04-13 18:47:19,430 DEBUG    Starting new HTTPS connection (1): google.serper.dev:443
2026-04-13 18:47:19,536 DEBUG    https://google.serper.dev:443 "POST /search HTTP/1.1" 400 66
2026-04-13 18:47:19,536 WARNING    Serper error iCIMS/applied scientist: 400 Client Error: Bad Request for url: https://google.serper.dev/search | body: {"message":"Query not allowed. Contact support.","statusCode":400}
2026-04-13 18:47:20,037 DEBUG      Serper query (iCIMS / AI engineer): site:icims.com "AI engineer"
2026-04-13 18:47:20,039 DEBUG    Starting new HTTPS connection (1): google.serper.dev:443
2026-04-13 18:47:20,166 DEBUG    https://google.serper.dev:443 "POST /search HTTP/1.1" 400 66
2026-04-13 18:47:20,167 WARNING    Serper error iCIMS/AI engineer: 400 Client Error: Bad Request for url: https://google.serper.dev/search | body: {"message":"Query not allowed. Contact support.","statusCode":400}
2026-04-13 18:47:20,668 WARNING    Serper iCIMS (icims.com): 0 results across 5 role queries
2026-04-13 18:47:21,669 DEBUG      Serper query (ADP / data scientist): site:workforcenow.adp.com "data scientist"
2026-04-13 18:47:21,671 DEBUG    Starting new HTTPS connection (1): google.serper.dev:443
2026-04-13 18:47:21,773 DEBUG    https://google.serper.dev:443 "POST /search HTTP/1.1" 400 66
2026-04-13 18:47:21,774 WARNING    Serper error ADP/data scientist: 400 Client Error: Bad Request for url: https://google.serper.dev/search | body: {"message":"Query not allowed. Contact support.","statusCode":400}
2026-04-13 18:47:22,275 DEBUG      Serper query (ADP / machine learning engineer): site:workforcenow.adp.com "machine learning engineer"
2026-04-13 18:47:22,277 DEBUG    Starting new HTTPS connection (1): google.serper.dev:443
2026-04-13 18:47:22,375 DEBUG    https://google.serper.dev:443 "POST /search HTTP/1.1" 400 66
2026-04-13 18:47:22,376 WARNING    Serper error ADP/machine learning engineer: 400 Client Error: Bad Request for url: https://google.serper.dev/search | body: {"message":"Query not allowed. Contact support.","statusCode":400}
2026-04-13 18:47:22,877 DEBUG      Serper query (ADP / data analyst): site:workforcenow.adp.com "data analyst"
2026-04-13 18:47:22,879 DEBUG    Starting new HTTPS connection (1): google.serper.dev:443
2026-04-13 18:47:23,007 DEBUG    https://google.serper.dev:443 "POST /search HTTP/1.1" 400 66
2026-04-13 18:47:23,008 WARNING    Serper error ADP/data analyst: 400 Client Error: Bad Request for url: https://google.serper.dev/search | body: {"message":"Query not allowed. Contact support.","statusCode":400}
2026-04-13 18:47:23,509 DEBUG      Serper query (ADP / applied scientist): site:workforcenow.adp.com "applied scientist"
2026-04-13 18:47:23,511 DEBUG    Starting new HTTPS connection (1): google.serper.dev:443
2026-04-13 18:47:23,630 DEBUG    https://google.serper.dev:443 "POST /search HTTP/1.1" 400 66
2026-04-13 18:47:23,631 WARNING    Serper error ADP/applied scientist: 400 Client Error: Bad Request for url: https://google.serper.dev/search | body: {"message":"Query not allowed. Contact support.","statusCode":400}
2026-04-13 18:47:24,132 DEBUG      Serper query (ADP / AI engineer): site:workforcenow.adp.com "AI engineer"
2026-04-13 18:47:24,134 DEBUG    Starting new HTTPS connection (1): google.serper.dev:443
2026-04-13 18:47:24,237 DEBUG    https://google.serper.dev:443 "POST /search HTTP/1.1" 400 66
2026-04-13 18:47:24,238 WARNING    Serper error ADP/AI engineer: 400 Client Error: Bad Request for url: https://google.serper.dev/search | body: {"message":"Query not allowed. Contact support.","statusCode":400}
2026-04-13 18:47:24,739 WARNING    Serper ADP (workforcenow.adp.com): 0 results across 5 role queries
2026-04-13 18:47:25,740 DEBUG      Serper query (Breezy / data scientist): site:breezy.hr "data scientist"
2026-04-13 18:47:25,741 DEBUG    Starting new HTTPS connection (1): google.serper.dev:443
2026-04-13 18:47:25,849 DEBUG    https://google.serper.dev:443 "POST /search HTTP/1.1" 400 66
2026-04-13 18:47:25,850 WARNING    Serper error Breezy/data scientist: 400 Client Error: Bad Request for url: https://google.serper.dev/search | body: {"message":"Query not allowed. Contact support.","statusCode":400}
2026-04-13 18:47:26,352 DEBUG      Serper query (Breezy / machine learning engineer): site:breezy.hr "machine learning engineer"
2026-04-13 18:47:26,354 DEBUG    Starting new HTTPS connection (1): google.serper.dev:443
2026-04-13 18:47:26,474 DEBUG    https://google.serper.dev:443 "POST /search HTTP/1.1" 400 66
2026-04-13 18:47:26,475 WARNING    Serper error Breezy/machine learning engineer: 400 Client Error: Bad Request for url: https://google.serper.dev/search | body: {"message":"Query not allowed. Contact support.","statusCode":400}
2026-04-13 18:47:26,976 DEBUG      Serper query (Breezy / data analyst): site:breezy.hr "data analyst"
2026-04-13 18:47:26,978 DEBUG    Starting new HTTPS connection (1): google.serper.dev:443
2026-04-13 18:47:27,104 DEBUG    https://google.serper.dev:443 "POST /search HTTP/1.1" 400 66
2026-04-13 18:47:27,105 WARNING    Serper error Breezy/data analyst: 400 Client Error: Bad Request for url: https://google.serper.dev/search | body: {"message":"Query not allowed. Contact support.","statusCode":400}
2026-04-13 18:47:27,606 DEBUG      Serper query (Breezy / applied scientist): site:breezy.hr "applied scientist"
2026-04-13 18:47:27,607 DEBUG    Starting new HTTPS connection (1): google.serper.dev:443
2026-04-13 18:47:27,712 DEBUG    https://google.serper.dev:443 "POST /search HTTP/1.1" 400 66
2026-04-13 18:47:27,712 WARNING    Serper error Breezy/applied scientist: 400 Client Error: Bad Request for url: https://google.serper.dev/search | body: {"message":"Query not allowed. Contact support.","statusCode":400}
2026-04-13 18:47:28,214 DEBUG      Serper query (Breezy / AI engineer): site:breezy.hr "AI engineer"
2026-04-13 18:47:28,215 DEBUG    Starting new HTTPS connection (1): google.serper.dev:443
2026-04-13 18:47:28,322 DEBUG    https://google.serper.dev:443 "POST /search HTTP/1.1" 400 66
2026-04-13 18:47:28,322 WARNING    Serper error Breezy/AI engineer: 400 Client Error: Bad Request for url: https://google.serper.dev/search | body: {"message":"Query not allowed. Contact support.","statusCode":400}
2026-04-13 18:47:28,824 WARNING    Serper Breezy (breezy.hr): 0 results across 5 role queries
2026-04-13 18:47:29,825 DEBUG      Serper query (Workable / data scientist): site:workable.com "data scientist"
2026-04-13 18:47:29,826 DEBUG    Starting new HTTPS connection (1): google.serper.dev:443
2026-04-13 18:47:29,927 DEBUG    https://google.serper.dev:443 "POST /search HTTP/1.1" 400 66
2026-04-13 18:47:29,927 WARNING    Serper error Workable/data scientist: 400 Client Error: Bad Request for url: https://google.serper.dev/search | body: {"message":"Query not allowed. Contact support.","statusCode":400}
2026-04-13 18:47:30,429 DEBUG      Serper query (Workable / machine learning engineer): site:workable.com "machine learning engineer"
2026-04-13 18:47:30,430 DEBUG    Starting new HTTPS connection (1): google.serper.dev:443
2026-04-13 18:47:30,537 DEBUG    https://google.serper.dev:443 "POST /search HTTP/1.1" 400 66
2026-04-13 18:47:30,538 WARNING    Serper error Workable/machine learning engineer: 400 Client Error: Bad Request for url: https://google.serper.dev/search | body: {"message":"Query not allowed. Contact support.","statusCode":400}
2026-04-13 18:47:31,039 DEBUG      Serper query (Workable / data analyst): site:workable.com "data analyst"
2026-04-13 18:47:31,041 DEBUG    Starting new HTTPS connection (1): google.serper.dev:443
2026-04-13 18:47:31,149 DEBUG    https://google.serper.dev:443 "POST /search HTTP/1.1" 400 66
2026-04-13 18:47:31,150 WARNING    Serper error Workable/data analyst: 400 Client Error: Bad Request for url: https://google.serper.dev/search | body: {"message":"Query not allowed. Contact support.","statusCode":400}
2026-04-13 18:47:31,651 DEBUG      Serper query (Workable / applied scientist): site:workable.com "applied scientist"
2026-04-13 18:47:31,653 DEBUG    Starting new HTTPS connection (1): google.serper.dev:443
2026-04-13 18:47:31,760 DEBUG    https://google.serper.dev:443 "POST /search HTTP/1.1" 400 66
2026-04-13 18:47:31,760 WARNING    Serper error Workable/applied scientist: 400 Client Error: Bad Request for url: https://google.serper.dev/search | body: {"message":"Query not allowed. Contact support.","statusCode":400}
2026-04-13 18:47:32,262 DEBUG      Serper query (Workable / AI engineer): site:workable.com "AI engineer"
2026-04-13 18:47:32,264 DEBUG    Starting new HTTPS connection (1): google.serper.dev:443
2026-04-13 18:47:32,375 DEBUG    https://google.serper.dev:443 "POST /search HTTP/1.1" 400 66
2026-04-13 18:47:32,376 WARNING    Serper error Workable/AI engineer: 400 Client Error: Bad Request for url: https://google.serper.dev/search | body: {"message":"Query not allowed. Contact support.","statusCode":400}
2026-04-13 18:47:32,877 WARNING    Serper Workable (workable.com): 0 results across 5 role queries
2026-04-13 18:47:33,878 INFO     [Serper] Total parsed: 0
2026-04-13 18:47:33,879 INFO     Total jobs before filtering: 0
2026-04-13 18:47:33,879 INFO     After dedup: 0 unique (0 collisions)
2026-04-13 18:47:33,879 INFO     Filter stats — date:0 title:0 location:0 sponsor:0 exp:0 seen:0 score:0
2026-04-13 18:47:33,879 INFO     New matches to send: 0
2026-04-13 18:47:34,379 INFO     (dry-run) skipping state save and DB writes
2026-04-13 18:47:34,380 INFO     ═══ Run Summary ═══
2026-04-13 18:47:34,380 INFO       Serper raw results:    0
2026-04-13 18:47:34,380 INFO       After URL dedup:       0
2026-04-13 18:47:34,380 INFO       Dropped — date:        0
2026-04-13 18:47:34,380 INFO       Dropped — title:       0
2026-04-13 18:47:34,380 INFO       Dropped — location:    0  (US filter)
2026-04-13 18:47:34,380 INFO       Dropped — sponsorship: 0
2026-04-13 18:47:34,380 INFO       Dropped — experience:  0
2026-04-13 18:47:34,380 INFO       Dropped — seen in DB:  0
2026-04-13 18:47:34,380 INFO       Dropped — low score:   0
2026-04-13 18:47:34,380 INFO       Sent to Telegram:      0
2026-04-13 18:47:34,380 INFO       DB size (before/after): 0 / 0
2026-04-13 18:47:34,381 INFO     ═══ Done ═══
2026-04-13 21:34:33,144 INFO     ═══ Job Scout v5 starting ═══
2026-04-13 21:34:33,145 INFO     DB reset
2026-04-13 21:34:33,154 INFO     Resume loaded (4024 chars)
2026-04-13 21:34:33,163 INFO     DB contains 0 seen jobs
2026-04-13 21:34:33,163 INFO     Fetching jobs posted since: 2026-03-30 00:00 UTC
2026-04-13 21:34:33,163 INFO     [Serper] Querying 12 ATS domains
2026-04-13 21:34:33,163 DEBUG      Serper query (Greenhouse / data scientist / p1): site:boards.greenhouse.io "data scientist"
2026-04-13 21:34:33,165 DEBUG    Starting new HTTPS connection (1): google.serper.dev:443
2026-04-13 21:34:34,077 DEBUG    https://google.serper.dev:443 "POST /search HTTP/1.1" 200 3318
2026-04-13 21:34:34,580 DEBUG      Serper query (Greenhouse / machine learning engineer / p1): site:boards.greenhouse.io "machine learning engineer"
2026-04-13 21:34:34,582 DEBUG    Starting new HTTPS connection (1): google.serper.dev:443
2026-04-13 21:34:36,155 DEBUG    https://google.serper.dev:443 "POST /search HTTP/1.1" 200 3394
2026-04-13 21:34:36,658 DEBUG      Serper query (Greenhouse / data analyst / p1): site:boards.greenhouse.io "data analyst"
2026-04-13 21:34:36,660 DEBUG    Starting new HTTPS connection (1): google.serper.dev:443
2026-04-13 21:34:37,404 DEBUG    https://google.serper.dev:443 "POST /search HTTP/1.1" 200 3103
2026-04-13 21:34:37,906 DEBUG      Serper query (Greenhouse / applied scientist / p1): site:boards.greenhouse.io "applied scientist"
2026-04-13 21:34:37,907 DEBUG    Starting new HTTPS connection (1): google.serper.dev:443
2026-04-13 21:34:38,570 DEBUG    https://google.serper.dev:443 "POST /search HTTP/1.1" 200 1487
2026-04-13 21:34:39,072 DEBUG      Serper query (Greenhouse / AI engineer / p1): site:boards.greenhouse.io "AI engineer"
2026-04-13 21:34:39,074 DEBUG    Starting new HTTPS connection (1): google.serper.dev:443
2026-04-13 21:34:41,280 DEBUG    https://google.serper.dev:443 "POST /search HTTP/1.1" 200 3391
2026-04-13 21:34:41,782 INFO       Serper Greenhouse (boards.greenhouse.io): 43 total results
2026-04-13 21:34:42,784 DEBUG      Serper query (Lever / data scientist / p1): site:jobs.lever.co "data scientist"
2026-04-13 21:34:42,785 DEBUG    Starting new HTTPS connection (1): google.serper.dev:443
2026-04-13 21:34:43,409 DEBUG    https://google.serper.dev:443 "POST /search HTTP/1.1" 200 3398
2026-04-13 21:34:43,913 DEBUG      Serper query (Lever / machine learning engineer / p1): site:jobs.lever.co "machine learning engineer"
2026-04-13 21:34:43,914 DEBUG    Starting new HTTPS connection (1): google.serper.dev:443
2026-04-13 21:34:45,333 DEBUG    https://google.serper.dev:443 "POST /search HTTP/1.1" 200 3547
2026-04-13 21:34:45,835 DEBUG      Serper query (Lever / data analyst / p1): site:jobs.lever.co "data analyst"
2026-04-13 21:34:45,836 DEBUG    Starting new HTTPS connection (1): google.serper.dev:443
2026-04-13 21:34:46,596 DEBUG    https://google.serper.dev:443 "POST /search HTTP/1.1" 200 3351
2026-04-13 21:34:47,097 DEBUG      Serper query (Lever / applied scientist / p1): site:jobs.lever.co "applied scientist"
2026-04-13 21:34:47,099 DEBUG    Starting new HTTPS connection (1): google.serper.dev:443
2026-04-13 21:34:47,810 DEBUG    https://google.serper.dev:443 "POST /search HTTP/1.1" 200 3607
2026-04-13 21:34:48,312 DEBUG      Serper query (Lever / AI engineer / p1): site:jobs.lever.co "AI engineer"
2026-04-13 21:34:48,314 DEBUG    Starting new HTTPS connection (1): google.serper.dev:443
2026-04-13 21:34:49,324 DEBUG    https://google.serper.dev:443 "POST /search HTTP/1.1" 200 3408
2026-04-13 21:34:49,826 INFO       Serper Lever (jobs.lever.co): 50 total results
2026-04-13 21:34:50,827 DEBUG      Serper query (Ashby / data scientist / p1): site:jobs.ashbyhq.com "data scientist"
2026-04-13 21:34:50,828 DEBUG    Starting new HTTPS connection (1): google.serper.dev:443
2026-04-13 21:34:53,231 DEBUG    https://google.serper.dev:443 "POST /search HTTP/1.1" 200 3626
2026-04-13 21:34:53,734 DEBUG      Serper query (Ashby / machine learning engineer / p1): site:jobs.ashbyhq.com "machine learning engineer"
2026-04-13 21:34:53,735 DEBUG    Starting new HTTPS connection (1): google.serper.dev:443
2026-04-13 21:34:54,481 DEBUG    https://google.serper.dev:443 "POST /search HTTP/1.1" 200 3426
2026-04-13 21:34:54,983 DEBUG      Serper query (Ashby / data analyst / p1): site:jobs.ashbyhq.com "data analyst"
2026-04-13 21:34:54,984 DEBUG    Starting new HTTPS connection (1): google.serper.dev:443
2026-04-13 21:34:55,637 DEBUG    https://google.serper.dev:443 "POST /search HTTP/1.1" 200 3282
2026-04-13 21:34:56,138 DEBUG      Serper query (Ashby / applied scientist / p1): site:jobs.ashbyhq.com "applied scientist"
2026-04-13 21:34:56,140 DEBUG    Starting new HTTPS connection (1): google.serper.dev:443
2026-04-13 21:34:56,822 DEBUG    https://google.serper.dev:443 "POST /search HTTP/1.1" 200 3405
2026-04-13 21:34:57,324 DEBUG      Serper query (Ashby / AI engineer / p1): site:jobs.ashbyhq.com "AI engineer"
2026-04-13 21:34:57,325 DEBUG    Starting new HTTPS connection (1): google.serper.dev:443
2026-04-13 21:34:57,976 DEBUG    https://google.serper.dev:443 "POST /search HTTP/1.1" 200 3295
2026-04-13 21:34:58,477 INFO       Serper Ashby (jobs.ashbyhq.com): 50 total results
2026-04-13 21:34:59,479 DEBUG      Serper query (Workday / data scientist / p1): site:myworkdayjobs.com "data scientist"
2026-04-13 21:34:59,480 DEBUG    Starting new HTTPS connection (1): google.serper.dev:443
2026-04-13 21:35:00,138 DEBUG    https://google.serper.dev:443 "POST /search HTTP/1.1" 200 3549
2026-04-13 21:35:00,640 DEBUG      Serper query (Workday / machine learning engineer / p1): site:myworkdayjobs.com "machine learning engineer"
2026-04-13 21:35:00,641 DEBUG    Starting new HTTPS connection (1): google.serper.dev:443
2026-04-13 21:35:01,864 DEBUG    https://google.serper.dev:443 "POST /search HTTP/1.1" 200 3849
2026-04-13 21:35:02,377 DEBUG      Serper query (Workday / data analyst / p1): site:myworkdayjobs.com "data analyst"
2026-04-13 21:35:02,379 DEBUG    Starting new HTTPS connection (1): google.serper.dev:443
2026-04-13 21:35:03,116 DEBUG    https://google.serper.dev:443 "POST /search HTTP/1.1" 200 3625
2026-04-13 21:35:03,619 DEBUG      Serper query (Workday / applied scientist / p1): site:myworkdayjobs.com "applied scientist"
2026-04-13 21:35:03,621 DEBUG    Starting new HTTPS connection (1): google.serper.dev:443
2026-04-13 21:35:04,820 DEBUG    https://google.serper.dev:443 "POST /search HTTP/1.1" 200 3914
2026-04-13 21:35:05,322 DEBUG      Serper query (Workday / AI engineer / p1): site:myworkdayjobs.com "AI engineer"
2026-04-13 21:35:05,323 DEBUG    Starting new HTTPS connection (1): google.serper.dev:443
2026-04-13 21:35:06,117 DEBUG    https://google.serper.dev:443 "POST /search HTTP/1.1" 200 3491
2026-04-13 21:35:06,620 INFO       Serper Workday (myworkdayjobs.com): 50 total results
2026-04-13 21:35:07,621 DEBUG      Serper query (SmartRecruiters / data scientist / p1): site:jobs.smartrecruiters.com "data scientist"
2026-04-13 21:35:07,622 DEBUG    Starting new HTTPS connection (1): google.serper.dev:443
2026-04-13 21:35:08,219 DEBUG    https://google.serper.dev:443 "POST /search HTTP/1.1" 200 3547
2026-04-13 21:35:08,722 DEBUG      Serper query (SmartRecruiters / machine learning engineer / p1): site:jobs.smartrecruiters.com "machine learning engineer"
2026-04-13 21:35:08,723 DEBUG    Starting new HTTPS connection (1): google.serper.dev:443
2026-04-13 21:35:09,320 DEBUG    https://google.serper.dev:443 "POST /search HTTP/1.1" 200 3837
2026-04-13 21:35:09,822 DEBUG      Serper query (SmartRecruiters / data analyst / p1): site:jobs.smartrecruiters.com "data analyst"
2026-04-13 21:35:09,824 DEBUG    Starting new HTTPS connection (1): google.serper.dev:443
2026-04-13 21:35:10,440 DEBUG    https://google.serper.dev:443 "POST /search HTTP/1.1" 200 4258
2026-04-13 21:35:10,943 DEBUG      Serper query (SmartRecruiters / applied scientist / p1): site:jobs.smartrecruiters.com "applied scientist"
2026-04-13 21:35:10,944 DEBUG    Starting new HTTPS connection (1): google.serper.dev:443
2026-04-13 21:35:11,868 DEBUG    https://google.serper.dev:443 "POST /search HTTP/1.1" 200 3777
2026-04-13 21:35:12,370 DEBUG      Serper query (SmartRecruiters / AI engineer / p1): site:jobs.smartrecruiters.com "AI engineer"
2026-04-13 21:35:12,371 DEBUG    Starting new HTTPS connection (1): google.serper.dev:443
2026-04-13 21:35:13,231 DEBUG    https://google.serper.dev:443 "POST /search HTTP/1.1" 200 4641
2026-04-13 21:35:13,734 INFO       Serper SmartRecruiters (jobs.smartrecruiters.com): 50 total results
2026-04-13 21:35:14,735 DEBUG      Serper query (Jobvite / data scientist / p1): site:jobs.jobvite.com "data scientist"
2026-04-13 21:35:14,736 DEBUG    Starting new HTTPS connection (1): google.serper.dev:443
2026-04-13 21:35:15,345 DEBUG    https://google.serper.dev:443 "POST /search HTTP/1.1" 200 3235
2026-04-13 21:35:15,847 DEBUG      Serper query (Jobvite / machine learning engineer / p1): site:jobs.jobvite.com "machine learning engineer"
2026-04-13 21:35:15,849 DEBUG    Starting new HTTPS connection (1): google.serper.dev:443
2026-04-13 21:35:16,506 DEBUG    https://google.serper.dev:443 "POST /search HTTP/1.1" 200 3252
2026-04-13 21:35:17,008 DEBUG      Serper query (Jobvite / data analyst / p1): site:jobs.jobvite.com "data analyst"
2026-04-13 21:35:17,010 DEBUG    Starting new HTTPS connection (1): google.serper.dev:443
2026-04-13 21:35:17,632 DEBUG    https://google.serper.dev:443 "POST /search HTTP/1.1" 200 3228
2026-04-13 21:35:18,134 DEBUG      Serper query (Jobvite / applied scientist / p1): site:jobs.jobvite.com "applied scientist"
2026-04-13 21:35:18,139 DEBUG    Starting new HTTPS connection (1): google.serper.dev:443
2026-04-13 21:35:18,991 DEBUG    https://google.serper.dev:443 "POST /search HTTP/1.1" 200 159
2026-04-13 21:35:19,493 DEBUG      Serper query (Jobvite / AI engineer / p1): site:jobs.jobvite.com "AI engineer"
2026-04-13 21:35:19,495 DEBUG    Starting new HTTPS connection (1): google.serper.dev:443
2026-04-13 21:35:20,106 DEBUG    https://google.serper.dev:443 "POST /search HTTP/1.1" 200 3296
2026-04-13 21:35:20,608 INFO       Serper Jobvite (jobs.jobvite.com): 40 total results
2026-04-13 21:35:21,610 DEBUG      Serper query (JazzHR / data scientist / p1): site:applytojob.com "data scientist"
2026-04-13 21:35:21,610 DEBUG    Starting new HTTPS connection (1): google.serper.dev:443
2026-04-13 21:35:22,696 DEBUG    https://google.serper.dev:443 "POST /search HTTP/1.1" 200 3528
2026-04-13 21:35:23,198 DEBUG      Serper query (JazzHR / machine learning engineer / p1): site:applytojob.com "machine learning engineer"
2026-04-13 21:35:23,200 DEBUG    Starting new HTTPS connection (1): google.serper.dev:443
2026-04-13 21:35:24,113 DEBUG    https://google.serper.dev:443 "POST /search HTTP/1.1" 200 3687
2026-04-13 21:35:24,616 DEBUG      Serper query (JazzHR / data analyst / p1): site:applytojob.com "data analyst"
2026-04-13 21:35:24,617 DEBUG    Starting new HTTPS connection (1): google.serper.dev:443
2026-04-13 21:35:25,324 DEBUG    https://google.serper.dev:443 "POST /search HTTP/1.1" 200 3518
2026-04-13 21:35:25,826 DEBUG      Serper query (JazzHR / applied scientist / p1): site:applytojob.com "applied scientist"
2026-04-13 21:35:25,827 DEBUG    Starting new HTTPS connection (1): google.serper.dev:443
2026-04-13 21:35:26,676 DEBUG    https://google.serper.dev:443 "POST /search HTTP/1.1" 200 157
2026-04-13 21:35:27,178 DEBUG      Serper query (JazzHR / AI engineer / p1): site:applytojob.com "AI engineer"
2026-04-13 21:35:27,179 DEBUG    Starting new HTTPS connection (1): google.serper.dev:443
2026-04-13 21:35:28,069 DEBUG    https://google.serper.dev:443 "POST /search HTTP/1.1" 200 3357
2026-04-13 21:35:28,572 INFO       Serper JazzHR (applytojob.com): 40 total results
2026-04-13 21:35:29,573 DEBUG      Serper query (Taleo / data scientist / p1): site:taleo.net "data scientist"
2026-04-13 21:35:29,574 DEBUG    Starting new HTTPS connection (1): google.serper.dev:443
2026-04-13 21:35:30,259 DEBUG    https://google.serper.dev:443 "POST /search HTTP/1.1" 200 3702
2026-04-13 21:35:30,761 DEBUG      Serper query (Taleo / machine learning engineer / p1): site:taleo.net "machine learning engineer"
2026-04-13 21:35:30,763 DEBUG    Starting new HTTPS connection (1): google.serper.dev:443
2026-04-13 21:35:31,552 DEBUG    https://google.serper.dev:443 "POST /search HTTP/1.1" 200 3965
2026-04-13 21:35:32,054 DEBUG      Serper query (Taleo / data analyst / p1): site:taleo.net "data analyst"
2026-04-13 21:35:32,055 DEBUG    Starting new HTTPS connection (1): google.serper.dev:443
2026-04-13 21:35:32,978 DEBUG    https://google.serper.dev:443 "POST /search HTTP/1.1" 200 3602
2026-04-13 21:35:33,480 DEBUG      Serper query (Taleo / applied scientist / p1): site:taleo.net "applied scientist"
2026-04-13 21:35:33,482 DEBUG    Starting new HTTPS connection (1): google.serper.dev:443
2026-04-13 21:35:34,134 DEBUG    https://google.serper.dev:443 "POST /search HTTP/1.1" 200 481
2026-04-13 21:35:34,636 DEBUG      Serper query (Taleo / AI engineer / p1): site:taleo.net "AI engineer"
2026-04-13 21:35:34,637 DEBUG    Starting new HTTPS connection (1): google.serper.dev:443
2026-04-13 21:35:35,574 DEBUG    https://google.serper.dev:443 "POST /search HTTP/1.1" 200 3706
2026-04-13 21:35:36,077 INFO       Serper Taleo (taleo.net): 41 total results
2026-04-13 21:35:37,078 DEBUG      Serper query (iCIMS / data scientist / p1): site:icims.com "data scientist"
2026-04-13 21:35:37,080 DEBUG    Starting new HTTPS connection (1): google.serper.dev:443
2026-04-13 21:35:38,165 DEBUG    https://google.serper.dev:443 "POST /search HTTP/1.1" 200 3598
2026-04-13 21:35:38,667 DEBUG      Serper query (iCIMS / machine learning engineer / p1): site:icims.com "machine learning engineer"
2026-04-13 21:35:38,669 DEBUG    Starting new HTTPS connection (1): google.serper.dev:443
2026-04-13 21:35:39,425 DEBUG    https://google.serper.dev:443 "POST /search HTTP/1.1" 200 3578
2026-04-13 21:35:39,927 DEBUG      Serper query (iCIMS / data analyst / p1): site:icims.com "data analyst"
2026-04-13 21:35:39,929 DEBUG    Starting new HTTPS connection (1): google.serper.dev:443
2026-04-13 21:35:40,543 DEBUG    https://google.serper.dev:443 "POST /search HTTP/1.1" 200 3503
2026-04-13 21:35:41,045 DEBUG      Serper query (iCIMS / applied scientist / p1): site:icims.com "applied scientist"
2026-04-13 21:35:41,046 DEBUG    Starting new HTTPS connection (1): google.serper.dev:443
2026-04-13 21:35:41,939 DEBUG    https://google.serper.dev:443 "POST /search HTTP/1.1" 200 821
2026-04-13 21:35:42,441 DEBUG      Serper query (iCIMS / AI engineer / p1): site:icims.com "AI engineer"
2026-04-13 21:35:42,442 DEBUG    Starting new HTTPS connection (1): google.serper.dev:443
2026-04-13 21:35:43,426 DEBUG    https://google.serper.dev:443 "POST /search HTTP/1.1" 200 3446
2026-04-13 21:35:43,930 INFO       Serper iCIMS (icims.com): 42 total results
2026-04-13 21:35:44,931 DEBUG      Serper query (ADP / data scientist / p1): site:workforcenow.adp.com "data scientist"
2026-04-13 21:35:44,933 DEBUG    Starting new HTTPS connection (1): google.serper.dev:443
2026-04-13 21:35:45,489 DEBUG    https://google.serper.dev:443 "POST /search HTTP/1.1" 200 4351
2026-04-13 21:35:45,991 DEBUG      Serper query (ADP / machine learning engineer / p1): site:workforcenow.adp.com "machine learning engineer"
2026-04-13 21:35:45,993 DEBUG    Starting new HTTPS connection (1): google.serper.dev:443
2026-04-13 21:35:46,692 DEBUG    https://google.serper.dev:443 "POST /search HTTP/1.1" 200 4219
2026-04-13 21:35:47,194 DEBUG      Serper query (ADP / data analyst / p1): site:workforcenow.adp.com "data analyst"
2026-04-13 21:35:47,196 DEBUG    Starting new HTTPS connection (1): google.serper.dev:443
2026-04-13 21:35:47,915 DEBUG    https://google.serper.dev:443 "POST /search HTTP/1.1" 200 4275
2026-04-13 21:35:48,418 DEBUG      Serper query (ADP / applied scientist / p1): site:workforcenow.adp.com "applied scientist"
2026-04-13 21:35:48,419 DEBUG    Starting new HTTPS connection (1): google.serper.dev:443
2026-04-13 21:35:49,072 DEBUG    https://google.serper.dev:443 "POST /search HTTP/1.1" 200 1040
2026-04-13 21:35:49,574 DEBUG      Serper query (ADP / AI engineer / p1): site:workforcenow.adp.com "AI engineer"
2026-04-13 21:35:49,575 DEBUG    Starting new HTTPS connection (1): google.serper.dev:443
2026-04-13 21:35:50,410 DEBUG    https://google.serper.dev:443 "POST /search HTTP/1.1" 200 4318
2026-04-13 21:35:50,912 INFO       Serper ADP (workforcenow.adp.com): 42 total results
2026-04-13 21:35:51,914 DEBUG      Serper query (Breezy / data scientist / p1): site:breezy.hr "data scientist"
2026-04-13 21:35:51,915 DEBUG    Starting new HTTPS connection (1): google.serper.dev:443
2026-04-13 21:35:52,593 DEBUG    https://google.serper.dev:443 "POST /search HTTP/1.1" 200 3424
2026-04-13 21:35:53,095 DEBUG      Serper query (Breezy / machine learning engineer / p1): site:breezy.hr "machine learning engineer"
2026-04-13 21:35:53,096 DEBUG    Starting new HTTPS connection (1): google.serper.dev:443
2026-04-13 21:35:53,809 DEBUG    https://google.serper.dev:443 "POST /search HTTP/1.1" 200 3506
2026-04-13 21:35:54,311 DEBUG      Serper query (Breezy / data analyst / p1): site:breezy.hr "data analyst"
2026-04-13 21:35:54,313 DEBUG    Starting new HTTPS connection (1): google.serper.dev:443
2026-04-13 21:35:55,210 DEBUG    https://google.serper.dev:443 "POST /search HTTP/1.1" 200 3513
2026-04-13 21:35:55,713 DEBUG      Serper query (Breezy / applied scientist / p1): site:breezy.hr "applied scientist"
2026-04-13 21:35:55,715 DEBUG    Starting new HTTPS connection (1): google.serper.dev:443
2026-04-13 21:35:56,552 DEBUG    https://google.serper.dev:443 "POST /search HTTP/1.1" 200 3520
2026-04-13 21:35:57,054 DEBUG      Serper query (Breezy / AI engineer / p1): site:breezy.hr "AI engineer"
2026-04-13 21:35:57,056 DEBUG    Starting new HTTPS connection (1): google.serper.dev:443
2026-04-13 21:35:57,853 DEBUG    https://google.serper.dev:443 "POST /search HTTP/1.1" 200 3323
2026-04-13 21:35:58,355 INFO       Serper Breezy (breezy.hr): 50 total results
2026-04-13 21:35:59,356 DEBUG      Serper query (Workable / data scientist / p1): site:workable.com "data scientist"
2026-04-13 21:35:59,357 DEBUG    Starting new HTTPS connection (1): google.serper.dev:443
2026-04-13 21:36:00,298 DEBUG    https://google.serper.dev:443 "POST /search HTTP/1.1" 200 3108
2026-04-13 21:36:00,800 DEBUG      Serper query (Workable / machine learning engineer / p1): site:workable.com "machine learning engineer"
2026-04-13 21:36:00,802 DEBUG    Starting new HTTPS connection (1): google.serper.dev:443
2026-04-13 21:36:01,624 DEBUG    https://google.serper.dev:443 "POST /search HTTP/1.1" 200 3404
2026-04-13 21:36:02,128 DEBUG      Serper query (Workable / data analyst / p1): site:workable.com "data analyst"
2026-04-13 21:36:02,129 DEBUG    Starting new HTTPS connection (1): google.serper.dev:443
2026-04-13 21:36:02,823 DEBUG    https://google.serper.dev:443 "POST /search HTTP/1.1" 200 3246
2026-04-13 21:36:03,325 DEBUG      Serper query (Workable / applied scientist / p1): site:workable.com "applied scientist"
2026-04-13 21:36:03,328 DEBUG    Starting new HTTPS connection (1): google.serper.dev:443
2026-04-13 21:36:03,927 DEBUG    https://google.serper.dev:443 "POST /search HTTP/1.1" 200 3509
2026-04-13 21:36:04,429 DEBUG      Serper query (Workable / AI engineer / p1): site:workable.com "AI engineer"
2026-04-13 21:36:04,430 DEBUG    Starting new HTTPS connection (1): google.serper.dev:443
2026-04-13 21:36:06,034 DEBUG    https://google.serper.dev:443 "POST /search HTTP/1.1" 200 3372
2026-04-13 21:36:06,537 INFO       Serper Workable (workable.com): 50 total results
2026-04-13 21:36:07,538 INFO     [Serper] Total parsed: 548
2026-04-13 21:36:07,538 INFO     Total jobs before filtering: 548
2026-04-13 21:36:07,538 INFO     After dedup: 491 unique (57 collisions)
2026-04-13 21:36:07,538 DEBUG      location-reject (no-signal): Job Application for Data Scientist | https://boards.greenhouse.io/abodo/jobs/7800720
2026-04-13 21:36:07,546 DEBUG      location-reject (no-signal): Job Application for Data Scientist | https://boards.greenhouse.io/geotab/jobs/5174509008
2026-04-13 21:36:07,546 DEBUG      location-reject (no-signal): Machine Learning Engineer | https://boards.greenhouse.io/waymo/jobs/7429811
2026-04-13 21:36:07,549 DEBUG      location-reject (no-signal): Data Analyst II | Career Opportunities | https://boards.greenhouse.io/brex/jobs/8463702002
2026-04-13 21:36:07,549 DEBUG      location-reject (no-signal): Data Analyst- Fraud Detection | https://boards.greenhouse.io/appsflyer/jobs/8443758002
2026-04-13 21:36:07,549 DEBUG      location-reject (no-signal): Data Analyst (Remote | https://boards.greenhouse.io/xapo61/jobs/7616977003
2026-04-13 21:36:07,551 DEBUG      location-reject (no-signal): Job Application for Data Analyst, Data Ops | https://boards.greenhouse.io/harrisassociates/jobs/4661489006
2026-04-13 21:36:07,551 DEBUG      location-reject (no-signal): AI Engineer (Agent Systems & LLM Platforms) | https://boards.greenhouse.io/kaizengaming/jobs/7690521003
2026-04-13 21:36:07,551 DEBUG      location-reject (no-signal): Job Application for Generative AI Engineer | https://boards.greenhouse.io/capco/jobs/5884293
2026-04-13 21:36:07,551 DEBUG      location-reject (no-signal): Data Scientist | https://jobs.lever.co/vacationrenter/b321acdc-81ec-483e-be2e-a048603c0d3b
2026-04-13 21:36:07,552 DEBUG      location-reject (no-signal): Machine Learning Engineer | https://jobs.lever.co/hive/fb175ecc-b6ba-4242-a84a-8699f9b0e971
2026-04-13 21:36:07,552 DEBUG      location-reject (no-signal): Machine Learning Engineer | https://jobs.lever.co/spotify/e68ad741-4c4e-4b06-ae11-9cf1e36dd40f
2026-04-13 21:36:07,552 DEBUG      location-reject (no-signal): Machine Learning Engineer | https://jobs.lever.co/healx/5282b5bb-e95e-4f1c-9460-5d14898b4630
2026-04-13 21:36:07,554 DEBUG      location-reject (no-signal): Machine Learning Engineer Intern, Simulation | https://jobs.lever.co/zoox/f24a2d0c-bda7-48ff-9c83-9a96900128b7
2026-04-13 21:36:07,554 DEBUG      location-reject (no-signal): Data Analyst | https://jobs.lever.co/greenlight/084768a3-1c27-4390-b94c-d987f636811a
2026-04-13 21:36:07,554 DEBUG      location-reject (no-signal): Data Analyst | https://jobs.lever.co/arcadia/cced8545-bd78-4ab6-82e8-28fae21b155e
2026-04-13 21:36:07,554 DEBUG      location-reject (no-signal): Applied Scientist | https://jobs.lever.co/improbable-2/0a7e87f3-d3ed-45a1-9c05-330797824b46
2026-04-13 21:36:07,555 DEBUG      location-reject (no-signal): AI Applied Scientist | https://jobs.lever.co/quantco-/fd1ea712-8e5f-4db1-b9ec-36d0e08ac3ae
2026-04-13 21:36:07,555 DEBUG      location-reject (no-signal): Applied Scientist | https://jobs.lever.co/Grid/835ebab1-aa70-44da-be98-2329b32eba4c
2026-04-13 21:36:07,555 DEBUG      location-reject (no-signal): Applied Scientist — ML, Experimentation & Decision Systems | https://jobs.lever.co/everlywell/948104c7-330a-4674-b1a3-2d5b57d43b1e
2026-04-13 21:36:07,557 DEBUG      location-reject (non-US): Applied Scientist, Computer Vision and Generative Models ... | https://jobs.lever.co/woven-by-toyota/4da61734-1608-4c93-b9fc-f5c532a37d01
2026-04-13 21:36:07,560 DEBUG      location-reject (no-signal): AI Engineer | https://jobs.lever.co/panopto/4c4fe959-597b-493f-bc08-a3a268153a32
2026-04-13 21:36:07,560 DEBUG      location-reject (no-signal): AI Engineer | https://jobs.lever.co/collate/377f2cf3-6285-42c1-8130-dd3dd2c866cb
2026-04-13 21:36:07,560 DEBUG      location-reject (no-signal): AI Engineer | https://jobs.lever.co/influur/e799f7bf-9280-4d22-8f1c-387d322f1011
2026-04-13 21:36:07,560 DEBUG      location-reject (no-signal): Applied AI, Forward Deployed Machine Learning Engineer | https://jobs.lever.co/mistral/77f6fd1b-65cf-45d8-9b68-594c62732f62
2026-04-13 21:36:07,561 DEBUG      location-reject (no-signal): Data Scientist (GTM) @ 0x | https://jobs.ashbyhq.com/0x/6dbca8eb-0553-411d-b903-dfa5f73dfcd3
2026-04-13 21:36:07,561 DEBUG      location-reject (no-signal): Data Scientist @ Tandem | https://jobs.ashbyhq.com/tandem/1ae72b76-5611-4423-a2ea-e11933cea33f
2026-04-13 21:36:07,561 DEBUG      location-reject (no-signal): Data Scientist @ Doppel | https://jobs.ashbyhq.com/Doppel/ff2b9ffa-2f87-4f43-a22e-f1a78523f639
2026-04-13 21:36:07,561 DEBUG      location-reject (no-signal): Data Scientist @ Imprint | https://jobs.ashbyhq.com/imprint/70d4ab62-9e18-49a0-927a-1f31acd947d8
2026-04-13 21:36:07,563 DEBUG      location-reject (no-signal): Data Scientist @ Atticus | https://jobs.ashbyhq.com/atticus/9b841d71-e185-4d4d-ad38-7ffcbc886dd5
2026-04-13 21:36:07,563 DEBUG      location-reject (no-signal): Data Scientist @ Siro | https://jobs.ashbyhq.com/siro/15890b8d-0894-47e2-b47b-7ee5c578ab79
2026-04-13 21:36:07,563 DEBUG      location-reject (no-signal): Data Scientist, Product Analytics @ Whatnot | https://jobs.ashbyhq.com/whatnot/ab093aed-b59a-4efa-a451-0a88e0e084ed
2026-04-13 21:36:07,563 DEBUG      location-reject (no-signal): Machine Learning Engineer @ Arena Intelligence, Inc. | https://jobs.ashbyhq.com/arena/eaeb1f28-cca9-468d-abcf-5ff412ad75de
2026-04-13 21:36:07,565 DEBUG      location-reject (no-signal): Machine Learning Engineer @ Mercor | https://jobs.ashbyhq.com/mercor/e0ba162c-7e0e-4eee-a296-838c8b6e9034
2026-04-13 21:36:07,566 DEBUG      location-reject (no-signal): Machine Learning Engineer @ UnitX | https://jobs.ashbyhq.com/unitxlabs/dd8f4858-46b6-40cf-a529-e21a94f643c3
2026-04-13 21:36:07,567 DEBUG      location-reject (no-signal): Machine Learning Engineer @ Wynd Labs | https://jobs.ashbyhq.com/wynd-labs/a148c710-7685-4184-9be8-c4d46a0a8f04
2026-04-13 21:36:07,567 DEBUG      location-reject (no-signal): Machine Learning Engineer @ Happyrobot Inc. | https://jobs.ashbyhq.com/happyrobot.ai/46cff020-a295-4464-a062-94639689654e
2026-04-13 21:36:07,567 DEBUG      location-reject (no-signal): Machine Learning Engineer @ Sardine | https://jobs.ashbyhq.com/sardine/2c8f0342-b8af-4cc2-85cd-67bc48275568
2026-04-13 21:36:07,569 DEBUG      location-reject (no-signal): Data Analyst I @ Acorns | https://jobs.ashbyhq.com/acorns/8ac268c2-7e82-417a-8e69-d08e532586dd
2026-04-13 21:36:07,569 DEBUG      location-reject (no-signal): Forward Deployed Data Analyst II @ Valon Tech | https://jobs.ashbyhq.com/Valon/99c8a9d5-0261-481a-84f4-f3105f33aa5e
2026-04-13 21:36:07,569 DEBUG      location-reject (no-signal): Data Analyst @ EliseAI | https://jobs.ashbyhq.com/eliseai/5bb948e0-a2fa-4f84-8b46-a8e6eb1e6acc
2026-04-13 21:36:07,569 DEBUG      location-reject (non-US): Data Analyst @ Carwow | https://jobs.ashbyhq.com/carwow/0a75453e-cf3e-4e3e-a47b-9a2f160027a2
2026-04-13 21:36:07,571 DEBUG      location-reject (no-signal): Data Analyst @ Cardless | https://jobs.ashbyhq.com/cardless/5b6e6ff4-3e6d-4571-8e6c-9740fafea5f7
2026-04-13 21:36:07,571 DEBUG      location-reject (no-signal): Data Analyst @ Solace | https://jobs.ashbyhq.com/solace/d33b9659-7c3d-48a9-9a24-dd0f903e3a03
2026-04-13 21:36:07,571 DEBUG      location-reject (no-signal): Data Analyst @ XBOW | https://jobs.ashbyhq.com/xbowcareers/3e3ce097-784a-4a35-bb1f-409bd9c35872
2026-04-13 21:36:07,571 DEBUG      location-reject (non-US): Data Analyst @ Searchable | https://jobs.ashbyhq.com/searchable/ea54dcde-b9f0-4674-a420-edaf96137611
2026-04-13 21:36:07,576 DEBUG      location-reject (no-signal): Applied Scientist II @ UiPath | https://jobs.ashbyhq.com/uipath/7efec871-1ce8-470a-bae1-4c2341a4723f
2026-04-13 21:36:07,576 DEBUG      location-reject (no-signal): Applied Scientist- AI/ML Intern @ Wealth.com | https://jobs.ashbyhq.com/wealth-com/1899d513-4c4a-43b2-a307-8c8e4b877622
2026-04-13 21:36:07,582 DEBUG      location-reject (non-US): AI Engineer @ Distyl AI | https://jobs.ashbyhq.com/Distyl/26cc59d5-af3c-4ae7-9ee9-f70733e68dd7
2026-04-13 21:36:07,582 DEBUG      location-reject (no-signal): AI Engineer @ Quintess AI | https://jobs.ashbyhq.com/quintess-ai/a4472d5d-c309-4ecc-81ac-6b1149db10e4
2026-04-13 21:36:07,582 DEBUG      location-reject (non-US): AI Engineer @ StackOne | https://jobs.ashbyhq.com/stackone/52c111d8-594c-4d94-859f-c12be2ecd857
2026-04-13 21:36:07,586 DEBUG      location-reject (no-signal): AI Engineer @ Reindeer | https://jobs.ashbyhq.com/reindeer-ai/091d4a1b-9d84-4038-a7b1-f376af854023
2026-04-13 21:36:07,586 DEBUG      location-reject (no-signal): Data Scientist | https://workday.wd5.myworkdayjobs.com/en-US/Workday/job/Data-Scientist_JR-0106120
2026-04-13 21:36:07,587 DEBUG      location-reject (no-signal): Data Scientist | https://amplify.wd1.myworkdayjobs.com/en-US/Amplify_Careers/job/Data-Scientist_Req_12331
2026-04-13 21:36:07,588 DEBUG      location-reject (no-signal): Data Scientist | https://davidyurman.wd1.myworkdayjobs.com/en-US/DavidYurmanCareers/job/Data-Scientist_R-100716-1
2026-04-13 21:36:07,589 DEBUG      location-reject (no-signal): Data Scientist (Mid-Level) | https://alteryx.wd108.myworkdayjobs.com/en-US/AlteryxCareers/job/Data-Scientist_R11973
2026-04-13 21:36:07,589 DEBUG      location-reject (no-signal): Data Scientist | https://nasdaq.wd1.myworkdayjobs.com/en-US/Global_External_Site/job/Data-Scientist---Graduate_R0025180
2026-04-13 21:36:07,589 DEBUG      location-reject (no-signal): Machine Learning Engineer III | https://workday.wd5.myworkdayjobs.com/en-US/Workday/job/Sr-Associate-Machine-Learning-Engineer_JR-0104915
2026-04-13 21:36:07,593 DEBUG      location-reject (no-signal): Machine Learning Engineer | https://avav.wd1.myworkdayjobs.com/en-US/AVAV/job/Machine-Learning-Engineer-II_6701
2026-04-13 21:36:07,593 DEBUG      location-reject (no-signal): Machine Learning Engineer | https://cmu.wd5.myworkdayjobs.com/en-US/CMU/job/Machine-Engineer---Autonomy-Lab_2024072
2026-04-13 21:36:07,595 DEBUG      location-reject (no-signal): Associate Data Analyst - Careers | https://workday.wd5.myworkdayjobs.com/en-US/Workday/job/Associate-Data-Analyst_JR-0103084
2026-04-13 21:36:07,595 DEBUG      location-reject (no-signal): Data Analyst | https://methode.wd5.myworkdayjobs.com/en-US/methode/job/Data-Analyst_R23868
2026-04-13 21:36:07,595 DEBUG      location-reject (no-signal): Payor Data Analyst- Remote | https://sharecare.wd1.myworkdayjobs.com/en-US/Sharecare_Careers/job/Payor-Data-Analyst--Remote_R-101672
2026-04-13 21:36:07,595 DEBUG      location-reject (no-signal): Data Analyst, Employee Service Center | https://zillow.wd5.myworkdayjobs.com/en-US/Zillow_Group_External/job/Data-Analyst--Employee-Service-Center_P749235-1
2026-04-13 21:36:07,595 DEBUG      location-reject (no-signal): Data Analyst | https://inizio.wd3.myworkdayjobs.com/en-US/CSO/job/Data-Analyst_JR35253
2026-04-13 21:36:07,595 DEBUG      location-reject (no-signal): Business System Analyst II/ Data Analyst | https://nc.wd108.myworkdayjobs.com/en-US/NC_Careers/job/Business-System-Analyst-II--Data-Analyst_JR-112713
2026-04-13 21:36:07,595 DEBUG      location-reject (no-signal): Data Analyst | https://wiley.wd1.myworkdayjobs.com/en-US/wiley_careers/job/Data-Analyst_R2600186
2026-04-13 21:36:07,595 DEBUG      location-reject (no-signal): Data Analyst C | https://upenn.wd1.myworkdayjobs.com/en-US/PSOM/job/Data-Analyst-C_JR00117909
2026-04-13 21:36:07,595 DEBUG      location-reject (no-signal): Business Data Analyst I | https://liberty.wd5.myworkdayjobs.com/en-US/lu_job_board_staff/job/Business-Data-Analyst-I_R0010425-1
2026-04-13 21:36:07,596 DEBUG      location-reject (no-signal): Data Analyst | https://uchicago.wd5.myworkdayjobs.com/en-US/External/job/Data-Analyst_JR32386
2026-04-13 21:36:07,596 DEBUG      location-reject (no-signal): Applied Scientist, New Construction | https://zillow.wd5.myworkdayjobs.com/en-US/Zillow_Group_External/job/Applied-Scientist--New-Construction_P749137-1
2026-04-13 21:36:07,597 DEBUG      location-reject (no-signal): Applied Scientist III | https://capgroup.wd1.myworkdayjobs.com/en-US/capitalgroupcareers/job/Applied-Scientist-III_JR5292
2026-04-13 21:36:07,597 DEBUG      location-reject (no-signal): AI Applied Scientist | https://zillow.wd5.myworkdayjobs.com/en-US/Zillow_Group_External/job/AI-Applied-Scientist---PhD-Intern--Foundational-AQ---EQ_P748041
2026-04-13 21:36:07,598 DEBUG      location-reject (no-signal): AI Engineer | https://amplify.wd1.myworkdayjobs.com/en-US/Amplify_Careers/job/AI-Engineer_Req_12460
2026-04-13 21:36:07,598 DEBUG      location-reject (no-signal): AI Engineer | https://northeastern.wd1.myworkdayjobs.com/en-US/careers/job/AI-Engineer_R134531
2026-04-13 21:36:07,598 DEBUG      location-reject (no-signal): AI Engineer | https://onemagnify.wd5.myworkdayjobs.com/en-US/OneMagnify_Careers/job/AI-Engineer_R1919
2026-04-13 21:36:07,598 DEBUG      location-reject (no-signal): AI Engineer | https://hhmi.wd1.myworkdayjobs.com/en-US/External/job/AI-Engineer---Vision-Foundation-Model-Pretraining_R-4134
2026-04-13 21:36:07,598 DEBUG      location-reject (no-signal): Applied AI Engineer | https://nb.wd1.myworkdayjobs.com/en-US/NBCareers/job/Applied-AI-Engineer_R0011946
2026-04-13 21:36:07,598 DEBUG      location-reject (no-signal): AI Engineer III | https://premera.wd5.myworkdayjobs.com/en-US/Premera/job/AI-Engineer-III_R28500
2026-04-13 21:36:07,600 DEBUG      location-reject (no-signal): AI Engineer | https://fhlbpgh.wd503.myworkdayjobs.com/en-US/fhlb-pgh/job/AI-Engineer_R394
2026-04-13 21:36:07,600 DEBUG      location-reject (no-signal): Visa Associate Data Scientist, New College Grad | https://jobs.smartrecruiters.com/Visa/744000119124351-associate-data-scientist-new-college-grad-2026-
2026-04-13 21:36:07,603 DEBUG      location-reject (no-signal): Cint Data Scientist | https://jobs.smartrecruiters.com/Cint/744000119976917-data-scientist
2026-04-13 21:36:07,603 DEBUG      location-reject (no-signal): NBCUniversal Data Scientist, Advertising Products & Solution | https://jobs.smartrecruiters.com/NBCUniversal3/744000104752701-data-scientist-advertising-products-solutions
2026-04-13 21:36:07,605 DEBUG      location-reject (no-signal): Intuitive Machine Learning Engineer | https://jobs.smartrecruiters.com/Intuitive/744000118228852-machine-learning-engineer
2026-04-13 21:36:07,605 DEBUG      location-reject (non-US): CERN Machine Learning Engineer (TE-DPS-AIM-2026-94-GRAE) | https://jobs.smartrecruiters.com/CERN/744000117611022-machine-learning-engineer-te-dps-aim-2026-94-grae-
2026-04-13 21:36:07,605 DEBUG      location-reject (no-signal): ProSidian Consulting, LLC Machine Learning Engineer | https://jobs.smartrecruiters.com/prosidianconsulting/744000119029477-machine-learning-engineer
2026-04-13 21:36:07,605 DEBUG      location-reject (non-US): CERN Machine Learning Engineer (IT-CD-PI-2026-98-GRAE) | https://jobs.smartrecruiters.com/CERN/744000119112428-machine-learning-engineer-it-cd-pi-2026-98-grae-
2026-04-13 21:36:07,607 DEBUG      location-reject (no-signal): Visa Machine Learning Engineer | https://jobs.smartrecruiters.com/Visa/744000119618133-machine-learning-engineer-sr-consultant-level
2026-04-13 21:36:07,607 DEBUG      location-reject (no-signal): KIPP Regional Data Analyst | https://jobs.smartrecruiters.com/KIPP/744000120038474-regional-data-analyst
2026-04-13 21:36:07,607 DEBUG      location-reject (no-signal): The Wonderful Company Master Data Analyst | https://jobs.smartrecruiters.com/TheWonderfulCompany/744000120118809-master-data-analyst
2026-04-13 21:36:07,607 DEBUG      location-reject (non-US): Collabera Data Analyst | https://jobs.smartrecruiters.com/Collabera2/96025426-data-analyst
2026-04-13 21:36:07,607 DEBUG      location-reject (no-signal): Certified Data Analyst (CDA) | https://jobs.smartrecruiters.com/prosidianconsulting/744000014935435-certified-data-analyst-cda-excel-spreadsheet-modernization-usda002017-
2026-04-13 21:36:07,607 DEBUG      location-reject (no-signal): pureIntegration Junior Data Analyst | https://jobs.smartrecruiters.com/PureIntegration/744000119224017-junior-data-analyst-
2026-04-13 21:36:07,609 DEBUG      location-reject (no-signal): ProSidian Consulting, LLC Data Analyst | https://jobs.smartrecruiters.com/prosidianconsulting/743999929112636-data-analyst
2026-04-13 21:36:07,609 DEBUG      location-reject (non-US): IT CURA Inc. Data Analyst | https://jobs.smartrecruiters.com/ITCURAInc/91567681-data-analyst
2026-04-13 21:36:07,609 DEBUG      location-reject (non-US): The Nielsen Company Data Analyst II | https://jobs.smartrecruiters.com/TheNielsenCompany/3743990012428141-data-analyst-ii-data-processing-
2026-04-13 21:36:07,609 DEBUG      location-reject (no-signal): ASOS Applied Scientist (Marketing & Customer) | https://jobs.smartrecruiters.com/ASOS/744000118431087-applied-scientist-marketing-customer-
2026-04-13 21:36:07,609 DEBUG      location-reject (no-signal): NBCUniversal AI Engineer | https://jobs.smartrecruiters.com/NBCUniversal3/744000116710571-ai-engineer
2026-04-13 21:36:07,610 DEBUG      location-reject (non-US): Bosch Group [SO] Web Apps AI Engineer (Full-Stack + LLM/ AI) | https://jobs.smartrecruiters.com/BoschGroup/744000105093265--so-web-apps-ai-engineer-full-stack-llm-ai-
2026-04-13 21:36:07,610 DEBUG      location-reject (no-signal): Visa AI Engineer, Digital Sales | https://jobs.smartrecruiters.com/Visa/744000119332632-ai-engineer-digital-sales-
2026-04-13 21:36:07,610 DEBUG      location-reject (non-US): AECOM AI Engineer | https://jobs.smartrecruiters.com/AECOM2/744000111538996-ai-engineer
2026-04-13 21:36:07,611 DEBUG      location-reject (no-signal): Data Scientist | https://jobs.jobvite.com/redalpha/job/o0gSofwg
2026-04-13 21:36:07,612 DEBUG      location-reject (no-signal): Data Scientist | https://jobs.jobvite.com/hiregrowth/job/oOQUafws
2026-04-13 21:36:07,612 DEBUG      location-reject (no-signal): Data Scientist, Legal Analytics | https://jobs.jobvite.com/internetbrands/job/oHNGyfws
2026-04-13 21:36:07,612 DEBUG      location-reject (no-signal): Data Scientist | https://jobs.jobvite.com/actionet/job/o6FRzfwV
2026-04-13 21:36:07,612 DEBUG      location-reject (no-signal): Data Scientist | https://jobs.jobvite.com/carfax/job/o1NXzfw4
2026-04-13 21:36:07,612 DEBUG      location-reject (no-signal): Data Scientist | https://jobs.jobvite.com/varonis-internal/job/oNppzfwU
2026-04-13 21:36:07,612 DEBUG      location-reject (no-signal): Data Scientist | https://jobs.jobvite.com/gvwgroup/job/okX5yfwE
2026-04-13 21:36:07,612 DEBUG      location-reject (no-signal): Power BI Data Analyst | https://jobs.jobvite.com/hnicareers/job/oP0Yzfw6
2026-04-13 21:36:07,612 DEBUG      location-reject (no-signal): Sales Business Data Analyst | https://jobs.jobvite.com/autocar/job/oAJqvfwY
2026-04-13 21:36:07,612 DEBUG      location-reject (no-signal): AI Engineer | https://jobs.jobvite.com/idtus/job/oF7PzfwU
2026-04-13 21:36:07,612 DEBUG      location-reject (no-signal): AI Engineer | https://jobs.jobvite.com/brahma/job/ovQTxfwv
2026-04-13 21:36:07,613 DEBUG      location-reject (non-US): Forward Deployed AI Engineer | https://jobs.jobvite.com/sitecore/job/odFIyfwS
2026-04-13 21:36:07,613 DEBUG      location-reject (no-signal): Data Scientist | https://medreview.applytojob.com/apply/ItikxEfGQn/Data-Scientist
2026-04-13 21:36:07,613 DEBUG      location-reject (no-signal): Data Scientist | https://pointertechnologies.applytojob.com/apply/u9jJOZ0Xo8/Data-Scientist
2026-04-13 21:36:07,613 DEBUG      location-reject (no-signal): Data Scientist II | https://smartlightanalytics.applytojob.com/apply/SuFAvDTqsn/Data-Scientist-II
2026-04-13 21:36:07,613 DEBUG      location-reject (no-signal): Data Scientist | https://analyticallc.applytojob.com/apply/kSwq91FkUJ/Data-Scientist
2026-04-13 21:36:07,613 DEBUG      location-reject (no-signal): Data Scientist- PhD | https://gatelesis.applytojob.com/apply/dHFXK1Arr4/Data-Scientist-PhD
2026-04-13 21:36:07,613 DEBUG      location-reject (no-signal): Data Scientist, Level 3 | https://independentsoftware.applytojob.com/apply/nBMNKjXPU4/Data-Scientist-Level-3
2026-04-13 21:36:07,613 DEBUG      location-reject (no-signal): Data Scientist | https://shineassociatesllc.applytojob.com/apply/tqC5buBanH/Data-Scientist
2026-04-13 21:36:07,613 DEBUG      location-reject (no-signal): Full Stack Data Scientist | https://rockitdata.applytojob.com/apply/2nrF9l4ALq/Full-Stack-Data-Scientist
2026-04-13 21:36:07,613 DEBUG      location-reject (no-signal): Machine Learning Engineer / Data Scientist | https://jobs.fusemachines.com/apply/qUN1H2divA/Machine-Learning-Engineer-Data-Scientist
2026-04-13 21:36:07,613 DEBUG      location-reject (no-signal): Machine Learning Engineer / Data Scientist | https://jobs.fusemachines.com/apply/hJ1yYBWaxu/Machine-Learning-Engineer-Data-Scientist
2026-04-13 21:36:07,614 DEBUG      location-reject (no-signal): Machine Learning Engineer | https://h2oai.applytojob.com/apply/4nNmAq3asO/Machine-Learning-Engineer
2026-04-13 21:36:07,614 DEBUG      location-reject (no-signal): Applied Machine Learning Engineer | https://iunu.applytojob.com/apply/eJVMiKCwhq/Applied-Machine-Learning-Engineer
2026-04-13 21:36:07,614 DEBUG      location-reject (no-signal): Machine Learning Engineer (MLOps) | https://smadexslu.applytojob.com/apply/E1cSUkNgOo/Machine-Learning-Engineer-MLOps
2026-04-13 21:36:07,615 DEBUG      location-reject (no-signal): Machine Learning Engineer | https://olivejardigital.applytojob.com/apply/PUmDHeDH1e/Machine-Learning-Engineer
2026-04-13 21:36:07,616 DEBUG      location-reject (no-signal): Data Analyst | https://worldinsurance.applytojob.com/apply/ZrwqzemlNu/Data-Analyst
2026-04-13 21:36:07,616 DEBUG      location-reject (no-signal): Data Analyst, Programs and Evaluation | https://cure.applytojob.com/apply/IHIe5px5hN/Data-Analyst-Programs-And-Evaluation
2026-04-13 21:36:07,616 DEBUG      location-reject (no-signal): Data Analyst | https://ascendingdc.applytojob.com/apply/LO5jWSdhYR/Data-Analyst
2026-04-13 21:36:07,616 DEBUG      location-reject (no-signal): Data Analyst | https://rightworks.applytojob.com/apply/IuRsyya7nK/Data-Analyst
2026-04-13 21:36:07,616 DEBUG      location-reject (no-signal): Data Analyst | https://goodapple.applytojob.com/apply/Z8TdorkT0r/Data-Analyst
2026-04-13 21:36:07,616 DEBUG      location-reject (no-signal): 5039 Data Analyst Engineering Intern | https://taec.applytojob.com/apply/wHzvfldiK6/5039-Data-Analyst-Engineering-Intern
2026-04-13 21:36:07,616 DEBUG      location-reject (no-signal): Data Analyst | https://griffithcareers.applytojob.com/apply/RDBdYBYaAz/Data-Analyst
2026-04-13 21:36:07,616 DEBUG      location-reject (no-signal): Spotfire Clinical Data Analyst | https://systimmune.applytojob.com/apply/rxrrUDAtT2/Spotfire-Clinical-Data-Analyst
2026-04-13 21:36:07,616 DEBUG      location-reject (no-signal): Data Analyst | https://rantecpowersystemsinc.applytojob.com/apply/cDOWEk7YSb/Data-Analyst
2026-04-13 21:36:07,616 DEBUG      location-reject (non-US): AI Engineer | https://h2oai.applytojob.com/apply/sF5eyD1FgS/AI-Engineer
2026-04-13 21:36:07,618 DEBUG      location-reject (no-signal): AI Engineer | https://cyclotroninc.applytojob.com/apply/KI3VReZkZT/AI-Engineer
2026-04-13 21:36:07,618 DEBUG      location-reject (no-signal): AI Engineer | https://wrshealth.applytojob.com/apply/7IEbpXaLI9/AI-Engineer
2026-04-13 21:36:07,618 DEBUG      location-reject (no-signal): AI Engineer | https://analyticallc.applytojob.com/apply/3AtWTnDnnI/AI-Engineer
2026-04-13 21:36:07,618 DEBUG      location-reject (no-signal): AI Engineer | https://hoplite.applytojob.com/apply/9jEHZK5JSJ/AI-Engineer
2026-04-13 21:36:07,618 DEBUG      location-reject (no-signal): Applied AI Engineer | https://softjourn.applytojob.com/apply/nvDUiOqfA4/Applied-AI-Engineer
2026-04-13 21:36:07,619 DEBUG      location-reject (no-signal): Full-Stack Applied AI Engineer | https://bitovi.applytojob.com/apply/7CtK7ThCEx/FullStack-Applied-AI-Engineer
2026-04-13 21:36:07,619 DEBUG      location-reject (no-signal): DATA ANALYST ( BUREAU OF ASSET MANAGEMENT) (00138760) | https://cookcountyil.taleo.net/careersection/500/jobdetail.ftl
2026-04-13 21:36:07,622 DEBUG      location-reject (no-signal): Data Scientist | https://careers-chickfila.icims.com/jobs/19677/data-scientist---new-restaurants/job
2026-04-13 21:36:07,624 DEBUG      location-reject (no-signal): Junior Data Scientist | https://careers-peraton.icims.com/jobs/160933/junior-data-scientist---object-based-intelligence-%28obi%29-analytic-efficiency/job
2026-04-13 21:36:07,625 DEBUG      location-reject (no-signal): Data Scientist I | https://careers-cadmusgroup.icims.com/jobs/3151/data-scientist-i/job
2026-04-13 21:36:07,630 DEBUG      location-reject (no-signal): Machine Learning Engineer in Remote | https://careers-healthedge.icims.com/jobs/7536/machine-learning-engineer/job
2026-04-13 21:36:07,631 DEBUG      location-reject (no-signal): AI Engineer | https://jobs-fishercareers.icims.com/jobs/16282/machine-learning-engineer-%E2%80%93-data-and-ai/job
2026-04-13 21:36:07,634 DEBUG      location-reject (no-signal): Machine Learning Engineer | https://careers-sig.icims.com/jobs/10709/machine-learning-engineer-%7C-experienced-hire/job
2026-04-13 21:36:07,634 DEBUG      location-reject (no-signal): Data Analyst – Power Platform & Project Management in Remote | https://careers-lmi.icims.com/jobs/13837/data-analyst-%E2%80%93-power-platform-%26-project-management/job
2026-04-13 21:36:07,635 DEBUG      location-reject (no-signal): Transfer Data Analyst III in | Careers | https://careers-loancareservicing.icims.com/jobs/3153/transfer-data-analyst-iii/job
2026-04-13 21:36:07,635 DEBUG      location-reject (no-signal): Data Analyst in | Careers | https://careers-nafinc.icims.com/jobs/7842/data-analyst/job
2026-04-13 21:36:07,635 DEBUG      location-reject (no-signal): Data Analyst – 18 Month Fixed Term Contract in Warrington, C | https://element-ext-row.icims.com/jobs/18610/data-analyst-%E2%80%93-18-month-fixed-term-contract/job
2026-04-13 21:36:07,635 DEBUG      location-reject (non-US): HR Data Analyst in Bangalore | Careers | https://internationalcareers-waters.icims.com/jobs/24819/hr-data-analyst/job
2026-04-13 21:36:07,635 DEBUG      location-reject (no-signal): Financial Data Analyst in Sofia | Careers | https://globalcareers-msci.icims.com/jobs/5096/financial-data-analyst/job
2026-04-13 21:36:07,635 DEBUG      location-reject (no-signal): Applied Scientist | https://careers-markon.icims.com/jobs/8205/applied-scientist---automated-reasoning/job
2026-04-13 21:36:07,637 DEBUG      location-reject (no-signal): Mid-level AI/ML Engineer in | Careers | https://careers-peraton.icims.com/jobs/164157/mid-level-ai-ml-engineer/job
2026-04-13 21:36:07,640 DEBUG      location-reject (no-signal): Technical Advisor, Artificial Intelligence (AI) Engineer in  | https://careers-chai.icims.com/jobs/14925/technical-advisor%2C-artificial-intelligence-%28ai%29-engineer/job
2026-04-13 21:36:07,640 DEBUG      location-reject (no-signal): Data Scientist Job Description | https://breezy.hr/resources/job-descriptions/data-scientist
2026-04-13 21:36:07,642 DEBUG      location-reject (no-signal): Data Scientist | https://lufco.breezy.hr/p/e90a7ee41e91-data-scientist
2026-04-13 21:36:07,642 DEBUG      location-reject (no-signal): Data Scientist | https://vianai-systems.breezy.hr/p/2709786e7a57-data-scientist/apply
2026-04-13 21:36:07,643 DEBUG      location-reject (no-signal): Data Scientist | https://evidencecare.breezy.hr/p/efcbba7aa641-data-scientist
2026-04-13 21:36:07,643 DEBUG      location-reject (no-signal): Data Scientist | https://marketview-education-technology.breezy.hr/p/c3997a24a5f1-data-scientist
2026-04-13 21:36:07,644 DEBUG      location-reject (no-signal): Machine Learning Engineer | https://givzey.breezy.hr/p/199d76bf2904-machine-learning-engineer
2026-04-13 21:36:07,644 DEBUG      location-reject (no-signal): Data Science/Machine Learning Engineer (Remote, Continental  | https://international-consulting-associates-inc.breezy.hr/p/3bcd9a1d7356-data-science-machine-learning-engineer-remote-continental-united-states
2026-04-13 21:36:07,644 DEBUG      location-reject (no-signal): Machine Learning Engineer Interview Questions | https://breezy.hr/resources/interview-questions/machine-learning-engineer
2026-04-13 21:36:07,644 DEBUG      location-reject (no-signal): Machine Learning Engineer | https://givzey.breezy.hr/p/199d76bf2904-machine-learning-engineer/apply
2026-04-13 21:36:07,647 DEBUG      location-reject (no-signal): Machine Learning Engineer | https://exsquaredlatam.breezy.hr/p/c91237d0a397-machine-learning-engineer
2026-04-13 21:36:07,648 DEBUG      location-reject (no-signal): Data Analyst Job Description | https://breezy.hr/resources/job-descriptions/data-analyst
2026-04-13 21:36:07,648 DEBUG      location-reject (no-signal): Data Analyst Interview Questions | https://breezy.hr/resources/interview-questions/data-analyst
2026-04-13 21:36:07,648 DEBUG      location-reject (no-signal): Data Analyst (PowerBI Developer) | https://inallmedia-llc.breezy.hr/p/e91d7e549d84-data-analyst-powerbi-developer
2026-04-13 21:36:07,648 DEBUG      location-reject (no-signal): Data Analyst | https://informct-inc-dba-ctdata-collaborative.breezy.hr/p/54e72b213ef2
2026-04-13 21:36:07,648 DEBUG      location-reject (no-signal): Join Our Talent Pool: Media Data Analyst | https://idea-peddler.breezy.hr/p/17dfcdfbc516-join-our-talent-pool-media-data-analyst
2026-04-13 21:36:07,648 DEBUG      location-reject (no-signal): Data Analyst (Remote) | https://oxchain-inc.breezy.hr/p/62545690ec02-data-analyst-remote
2026-04-13 21:36:07,648 DEBUG      location-reject (no-signal): Data Analyst | https://marketview-education-technology.breezy.hr/p/e6249052a9fa-data-analyst
2026-04-13 21:36:07,654 DEBUG      location-reject (no-signal): Applied Scientist | https://urbantz.breezy.hr/p/07b6d0c2c3d5-applied-scientist-last-mile-delivery-optimization
2026-04-13 21:36:07,657 DEBUG      location-reject (no-signal): Applied Scientist | https://urbantz.breezy.hr/p/07b6d0c2c3d5-applied-data-scientist/apply
2026-04-13 21:36:07,659 DEBUG      location-reject (non-US): AI Engineer | https://datamaxis.breezy.hr/p/a44b91b40761-ai-engineer
2026-04-13 21:36:07,659 DEBUG      location-reject (no-signal): AI Engineer | https://vontive.breezy.hr/p/c492bc0fb545-ai-engineer
2026-04-13 21:36:07,659 DEBUG      location-reject (no-signal): Full Stack + AI Engineer | https://gesture-us-inc.breezy.hr/p/3c09198869a6-full-stack-ai-engineer
2026-04-13 21:36:07,659 DEBUG      location-reject (no-signal): AI Engineer (Platform) | https://nplan.breezy.hr/p/9e31c91c6c69-ai-engineer-platform
2026-04-13 21:36:07,659 DEBUG      location-reject (no-signal): AI Engineer | https://atlas-technica.breezy.hr/p/0e3a36fa3b9e-ai-engineer
2026-04-13 21:36:07,659 DEBUG      location-reject (no-signal): AI Engineer | https://astral-insights.breezy.hr/p/fc7f9dcc8f77-ai-engineer
2026-04-13 21:36:07,662 DEBUG      location-reject (no-signal): Applied AI Engineer | https://social-discovery-ventures.breezy.hr/p/5dab12e04dd801-applied-ai-engineer
2026-04-13 21:36:07,662 DEBUG      location-reject (no-signal): Data Scientist job description | https://resources.workable.com/data-scientist-job-description
2026-04-13 21:36:07,662 DEBUG      location-reject (no-signal): Data Analyst vs. Data Scientist: What's the difference? | https://resources.workable.com/hr-terms/data-analyst-vs-data-scientist
2026-04-13 21:36:07,662 DEBUG      location-reject (no-signal): Associate Data Scientist (W) | https://apply.workable.com/v4c/j/5ECD7A5EAB
2026-04-13 21:36:07,662 DEBUG      location-reject (no-signal): Remote Data Scientist Jobs | https://jobs.workable.com/search/global/remote-data-scientist-jobs
2026-04-13 21:36:07,662 DEBUG      location-reject (no-signal): Data Scientist/Machine Learning Engineer | https://apply.workable.com/sumble-inc/j/484B6B7538
2026-04-13 21:36:07,662 DEBUG      location-reject (no-signal): Data Scientist | https://apply.workable.com/lago-1/j/95B7F7A086
2026-04-13 21:36:07,662 DEBUG      location-reject (no-signal): Data Scientist | https://apply.workable.com/geodelphi/j/58A75EC0A8
2026-04-13 21:36:07,663 DEBUG      location-reject (no-signal): Data Scientist | https://jobs.workable.com/search/global/data-scientist-jobs
2026-04-13 21:36:07,663 DEBUG      location-reject (no-signal): Machine Learning Engineer job description | https://resources.workable.com/machine-learning-engineer-job-description
2026-04-13 21:36:07,663 DEBUG      location-reject (no-signal): Machine Learning Engineer | https://apply.workable.com/k1x/j/F5FD928F5E
2026-04-13 21:36:07,663 DEBUG      location-reject (no-signal): Open-Source Machine Learning Engineer | https://apply.workable.com/huggingface/j/56232F23CB
2026-04-13 21:36:07,666 DEBUG      location-reject (no-signal): Machine Learning Engineer | https://apply.workable.com/winnow/j/9AE4C82D49
2026-04-13 21:36:07,666 DEBUG      location-reject (no-signal): Machine Learning Engineer | https://apply.workable.com/fuku/j/3E76FB3399
2026-04-13 21:36:07,666 DEBUG      location-reject (no-signal): Data Analyst Job Description [+2024 TEMPLATE] | https://resources.workable.com/data-analyst-job-description
2026-04-13 21:36:07,667 DEBUG      location-reject (no-signal): Remote Data Analyst Jobs | https://jobs.workable.com/search/global/remote-data-analyst-jobs
2026-04-13 21:36:07,667 DEBUG      location-reject (no-signal): Data Analyst: Multiple Teams (Remote) | https://apply.workable.com/constructor-1/j/E733A13253
2026-04-13 21:36:07,667 DEBUG      location-reject (no-signal): Data Analyst | https://apply.workable.com/the-logical-answer/j/EC6A15CCAF
2026-04-13 21:36:07,668 DEBUG      location-reject (no-signal): Data Analyst | Middle Seat | https://jobs.workable.com/view/qYGjmiiCFJAHT7jYffDJXx/remote-data-analyst-in-united-states-at-middle-seat
2026-04-13 21:36:07,669 DEBUG      location-reject (no-signal): Applied Scientist | https://apply.workable.com/usealbatross/j/36759C0FC1
2026-04-13 21:36:07,669 DEBUG      location-reject (non-US): Founding Applied Scientist | Weekday AI | https://jobs.workable.com/view/8EVBpdzYnwhSNHsZuXwWcZ/founding-applied-scientist-in-bengaluru-at-weekday-ai
2026-04-13 21:36:07,669 DEBUG      location-reject (no-signal): Founding Applied Scientist | https://apply.workable.com/weekday-1/j/3E8A9150F8
2026-04-13 21:36:07,671 DEBUG      location-reject (no-signal): AI ML Engineer | https://apply.workable.com/flatgigs/j/B006B7D413
2026-04-13 21:36:07,671 DEBUG      location-reject (no-signal): AI Engineer job description | https://resources.workable.com/ai-engineer-job-description
2026-04-13 21:36:07,671 DEBUG      location-reject (no-signal): AI Engineer | PRODYNA | https://jobs.workable.com/view/5xgmWPBGALfPq3mD1wcrYB/hybrid-ai-engineer-in-athens-at-prodyna
2026-04-13 21:36:07,671 DEBUG      location-reject (no-signal): AI Engineer / Machine Learning Engineer | https://apply.workable.com/smartassets/j/1FE5187A8E
2026-04-13 21:36:07,671 DEBUG      location-reject (no-signal): Artificial Intelligence (AI) Engineers | https://apply.workable.com/getsubstance/j/587184A15D
2026-04-13 21:36:07,671 DEBUG      location-reject (no-signal): AI Engineer | https://apply.workable.com/euronet/j/67806E73F9
2026-04-13 21:36:07,671 DEBUG      location-reject (no-signal): AI Engineer | https://apply.workable.com/deeplight/j/86F4823B1B
2026-04-13 21:36:07,671 DEBUG      location-reject (no-signal): Data/AI Engineer | https://apply.workable.com/sandpiper-productions/j/D71FDB6BE9
2026-04-13 21:36:07,671 DEBUG      location-reject (no-signal): AI Engineer | https://jobs.workable.com/view/2e6kCgKWXUs6uEiDJEQAZW/ai-engineer-in-annapolis-junction-at-interimage
2026-04-13 21:36:07,671 INFO     Filter stats — date:0 title:208 location:215 sponsor:0 exp:2 seen:0 score:4
2026-04-13 21:36:07,672 INFO     New matches to send: 50
2026-04-13 21:36:09,173 INFO     (dry-run) skipping state save and DB writes
2026-04-13 21:36:09,174 INFO     ═══ Run Summary ═══
2026-04-13 21:36:09,174 INFO       Serper raw results:    548
2026-04-13 21:36:09,174 INFO       After URL dedup:       491
2026-04-13 21:36:09,174 INFO       Dropped — date:        0
2026-04-13 21:36:09,174 INFO       Dropped — title:       208
2026-04-13 21:36:09,174 INFO       Dropped — location:    215  (US filter)
2026-04-13 21:36:09,174 INFO       Dropped — sponsorship: 0
2026-04-13 21:36:09,174 INFO       Dropped — experience:  2
2026-04-13 21:36:09,174 INFO       Dropped — seen in DB:  0
2026-04-13 21:36:09,174 INFO       Dropped — low score:   4
2026-04-13 21:36:09,174 INFO       Sent to Telegram:      50
2026-04-13 21:36:09,174 INFO       DB size (before/after): 0 / 0
2026-04-13 21:36:09,174 INFO     ═══ Done ═══
2026-04-13 21:36:44,443 INFO     ═══ Job Scout v5 starting ═══
2026-04-13 21:36:44,443 INFO     DB reset
2026-04-13 21:36:44,449 INFO     Resume loaded (4024 chars)
2026-04-13 21:36:44,453 INFO     DB contains 0 seen jobs
2026-04-13 21:36:44,453 INFO     Fetching jobs posted since: 2026-03-30 00:00 UTC
2026-04-13 21:36:44,453 INFO     [Serper] Querying 12 ATS domains
2026-04-13 21:36:50,653 INFO       Serper Greenhouse (boards.greenhouse.io): 43 total results
2026-04-13 21:36:57,816 INFO       Serper Lever (jobs.lever.co): 50 total results
2026-04-13 21:37:04,968 INFO       Serper Ashby (jobs.ashbyhq.com): 50 total results
2026-04-13 21:37:11,843 INFO       Serper Workday (myworkdayjobs.com): 50 total results
2026-04-13 21:37:18,847 INFO       Serper SmartRecruiters (jobs.smartrecruiters.com): 50 total results
2026-04-13 21:37:25,780 INFO       Serper Jobvite (jobs.jobvite.com): 40 total results
2026-04-13 21:37:34,693 INFO       Serper JazzHR (applytojob.com): 40 total results
2026-04-13 21:37:41,554 INFO       Serper Taleo (taleo.net): 41 total results
2026-04-13 21:37:48,388 INFO       Serper iCIMS (icims.com): 41 total results
2026-04-13 21:37:59,055 INFO       Serper ADP (workforcenow.adp.com): 42 total results
2026-04-13 21:38:05,782 INFO       Serper Breezy (breezy.hr): 50 total results
2026-04-13 21:38:13,049 INFO       Serper Workable (workable.com): 50 total results
2026-04-13 21:38:14,050 INFO     [Serper] Total parsed: 547
2026-04-13 21:38:14,050 INFO     Total jobs before filtering: 547
2026-04-13 21:38:14,051 INFO     After dedup: 488 unique (59 collisions)
2026-04-13 21:38:14,301 INFO     Filter stats — date:0 title:212 location:211 sponsor:0 exp:1 seen:0 score:3
2026-04-13 21:38:14,302 INFO     New matches to send: 50
2026-04-13 21:38:16,942 INFO     State saved → /home/omkar/job_scout_v4/last_run.json
2026-04-13 21:38:16,943 INFO     ═══ Run Summary ═══
2026-04-13 21:38:16,943 INFO       Serper raw results:    547
2026-04-13 21:38:16,943 INFO       After URL dedup:       488
2026-04-13 21:38:16,943 INFO       Dropped — date:        0
2026-04-13 21:38:16,943 INFO       Dropped — title:       212
2026-04-13 21:38:16,943 INFO       Dropped — location:    211  (US filter)
2026-04-13 21:38:16,943 INFO       Dropped — sponsorship: 0
2026-04-13 21:38:16,943 INFO       Dropped — experience:  1
2026-04-13 21:38:16,943 INFO       Dropped — seen in DB:  0
2026-04-13 21:38:16,943 INFO       Dropped — low score:   3
2026-04-13 21:38:16,943 INFO       Sent to Telegram:      50
2026-04-13 21:38:16,943 INFO       DB size (before/after): 0 / 61
2026-04-13 21:38:16,943 INFO     ═══ Done ═══
2026-04-13 23:25:31,891 INFO     ═══ Job Scout v5 starting ═══
2026-04-13 23:25:31,893 INFO     DB reset
2026-04-13 23:25:31,899 INFO     Resume loaded (4024 chars)
2026-04-13 23:25:31,906 INFO     DB contains 0 seen jobs
2026-04-13 23:25:31,906 INFO     Fetching jobs posted since: 2026-03-30 00:00 UTC
2026-04-13 23:25:31,906 INFO     [Serper] Querying 12 ATS domains
2026-04-13 23:25:31,906 DEBUG      Serper query (Greenhouse / data scientist / p1): site:boards.greenhouse.io "data scientist"
2026-04-13 23:25:31,909 DEBUG    Starting new HTTPS connection (1): google.serper.dev:443
2026-04-13 23:25:32,640 DEBUG    https://google.serper.dev:443 "POST /search HTTP/1.1" 200 3293
2026-04-13 23:25:33,143 DEBUG      Serper query (Greenhouse / machine learning engineer / p1): site:boards.greenhouse.io "machine learning engineer"
2026-04-13 23:25:33,145 DEBUG    Starting new HTTPS connection (1): google.serper.dev:443
2026-04-13 23:25:34,447 DEBUG    https://google.serper.dev:443 "POST /search HTTP/1.1" 200 3447
2026-04-13 23:25:34,949 DEBUG      Serper query (Greenhouse / data analyst / p1): site:boards.greenhouse.io "data analyst"
2026-04-13 23:25:34,951 DEBUG    Starting new HTTPS connection (1): google.serper.dev:443
2026-04-13 23:25:35,627 DEBUG    https://google.serper.dev:443 "POST /search HTTP/1.1" 200 3077
2026-04-13 23:25:36,130 DEBUG      Serper query (Greenhouse / applied scientist / p1): site:boards.greenhouse.io "applied scientist"
2026-04-13 23:25:36,131 DEBUG    Starting new HTTPS connection (1): google.serper.dev:443
2026-04-13 23:25:36,708 DEBUG    https://google.serper.dev:443 "POST /search HTTP/1.1" 200 1487
2026-04-13 23:25:37,211 DEBUG      Serper query (Greenhouse / AI engineer / p1): site:boards.greenhouse.io "AI engineer"
2026-04-13 23:25:37,212 DEBUG    Starting new HTTPS connection (1): google.serper.dev:443
2026-04-13 23:25:37,878 DEBUG    https://google.serper.dev:443 "POST /search HTTP/1.1" 200 3391
2026-04-13 23:25:38,380 INFO       Serper Greenhouse (boards.greenhouse.io): 43 total results
2026-04-13 23:25:39,381 DEBUG      Serper query (Lever / data scientist / p1): site:jobs.lever.co "data scientist"
2026-04-13 23:25:39,382 DEBUG    Starting new HTTPS connection (1): google.serper.dev:443
2026-04-13 23:25:39,941 DEBUG    https://google.serper.dev:443 "POST /search HTTP/1.1" 200 3409
2026-04-13 23:25:40,444 DEBUG      Serper query (Lever / machine learning engineer / p1): site:jobs.lever.co "machine learning engineer"
2026-04-13 23:25:40,446 DEBUG    Starting new HTTPS connection (1): google.serper.dev:443
2026-04-13 23:25:42,634 DEBUG    https://google.serper.dev:443 "POST /search HTTP/1.1" 200 3547
2026-04-13 23:25:43,136 DEBUG      Serper query (Lever / data analyst / p1): site:jobs.lever.co "data analyst"
2026-04-13 23:25:43,138 DEBUG    Starting new HTTPS connection (1): google.serper.dev:443
2026-04-13 23:25:43,691 DEBUG    https://google.serper.dev:443 "POST /search HTTP/1.1" 200 3351
2026-04-13 23:25:44,192 DEBUG      Serper query (Lever / applied scientist / p1): site:jobs.lever.co "applied scientist"
2026-04-13 23:25:44,194 DEBUG    Starting new HTTPS connection (1): google.serper.dev:443
2026-04-13 23:25:45,183 DEBUG    https://google.serper.dev:443 "POST /search HTTP/1.1" 200 3607
2026-04-13 23:25:45,685 DEBUG      Serper query (Lever / AI engineer / p1): site:jobs.lever.co "AI engineer"
2026-04-13 23:25:45,686 DEBUG    Starting new HTTPS connection (1): google.serper.dev:443
2026-04-13 23:25:46,276 DEBUG    https://google.serper.dev:443 "POST /search HTTP/1.1" 200 3327
2026-04-13 23:25:46,777 INFO       Serper Lever (jobs.lever.co): 50 total results
2026-04-13 23:25:47,779 DEBUG      Serper query (Ashby / data scientist / p1): site:jobs.ashbyhq.com "data scientist"
2026-04-13 23:25:47,780 DEBUG    Starting new HTTPS connection (1): google.serper.dev:443
2026-04-13 23:25:48,473 DEBUG    https://google.serper.dev:443 "POST /search HTTP/1.1" 200 3630
2026-04-13 23:25:48,975 DEBUG      Serper query (Ashby / machine learning engineer / p1): site:jobs.ashbyhq.com "machine learning engineer"
2026-04-13 23:25:48,976 DEBUG    Starting new HTTPS connection (1): google.serper.dev:443
2026-04-13 23:25:49,700 DEBUG    https://google.serper.dev:443 "POST /search HTTP/1.1" 200 3818
2026-04-13 23:25:50,202 DEBUG      Serper query (Ashby / data analyst / p1): site:jobs.ashbyhq.com "data analyst"
2026-04-13 23:25:50,204 DEBUG    Starting new HTTPS connection (1): google.serper.dev:443
2026-04-13 23:25:50,909 DEBUG    https://google.serper.dev:443 "POST /search HTTP/1.1" 200 3683
2026-04-13 23:25:51,410 DEBUG      Serper query (Ashby / applied scientist / p1): site:jobs.ashbyhq.com "applied scientist"
2026-04-13 23:25:51,412 DEBUG    Starting new HTTPS connection (1): google.serper.dev:443
2026-04-13 23:25:52,270 DEBUG    https://google.serper.dev:443 "POST /search HTTP/1.1" 200 3405
2026-04-13 23:25:52,773 DEBUG      Serper query (Ashby / AI engineer / p1): site:jobs.ashbyhq.com "AI engineer"
2026-04-13 23:25:52,774 DEBUG    Starting new HTTPS connection (1): google.serper.dev:443
2026-04-13 23:25:53,338 DEBUG    https://google.serper.dev:443 "POST /search HTTP/1.1" 200 3294
2026-04-13 23:25:53,841 INFO       Serper Ashby (jobs.ashbyhq.com): 50 total results
2026-04-13 23:25:54,842 DEBUG      Serper query (Workday / data scientist / p1): site:myworkdayjobs.com "data scientist"
2026-04-13 23:25:54,843 DEBUG    Starting new HTTPS connection (1): google.serper.dev:443
2026-04-13 23:25:55,726 DEBUG    https://google.serper.dev:443 "POST /search HTTP/1.1" 200 3590
2026-04-13 23:25:56,228 DEBUG      Serper query (Workday / machine learning engineer / p1): site:myworkdayjobs.com "machine learning engineer"
2026-04-13 23:25:56,229 DEBUG    Starting new HTTPS connection (1): google.serper.dev:443
2026-04-13 23:25:56,916 DEBUG    https://google.serper.dev:443 "POST /search HTTP/1.1" 200 3951
2026-04-13 23:25:57,418 DEBUG      Serper query (Workday / data analyst / p1): site:myworkdayjobs.com "data analyst"
2026-04-13 23:25:57,420 DEBUG    Starting new HTTPS connection (1): google.serper.dev:443
2026-04-13 23:25:58,094 DEBUG    https://google.serper.dev:443 "POST /search HTTP/1.1" 200 3693
2026-04-13 23:25:58,596 DEBUG      Serper query (Workday / applied scientist / p1): site:myworkdayjobs.com "applied scientist"
2026-04-13 23:25:58,598 DEBUG    Starting new HTTPS connection (1): google.serper.dev:443
2026-04-13 23:25:59,222 DEBUG    https://google.serper.dev:443 "POST /search HTTP/1.1" 200 4944
2026-04-13 23:25:59,724 DEBUG      Serper query (Workday / AI engineer / p1): site:myworkdayjobs.com "AI engineer"
2026-04-13 23:25:59,725 DEBUG    Starting new HTTPS connection (1): google.serper.dev:443
2026-04-13 23:26:00,617 DEBUG    https://google.serper.dev:443 "POST /search HTTP/1.1" 200 3470
2026-04-13 23:26:01,120 INFO       Serper Workday (myworkdayjobs.com): 50 total results
2026-04-13 23:26:02,121 DEBUG      Serper query (SmartRecruiters / data scientist / p1): site:jobs.smartrecruiters.com "data scientist"
2026-04-13 23:26:02,122 DEBUG    Starting new HTTPS connection (1): google.serper.dev:443
2026-04-13 23:26:02,828 DEBUG    https://google.serper.dev:443 "POST /search HTTP/1.1" 200 4093
2026-04-13 23:26:03,331 DEBUG      Serper query (SmartRecruiters / machine learning engineer / p1): site:jobs.smartrecruiters.com "machine learning engineer"
2026-04-13 23:26:03,332 DEBUG    Starting new HTTPS connection (1): google.serper.dev:443
2026-04-13 23:26:04,217 DEBUG    https://google.serper.dev:443 "POST /search HTTP/1.1" 200 3795
2026-04-13 23:26:04,720 DEBUG      Serper query (SmartRecruiters / data analyst / p1): site:jobs.smartrecruiters.com "data analyst"
2026-04-13 23:26:04,721 DEBUG    Starting new HTTPS connection (1): google.serper.dev:443
2026-04-13 23:26:05,517 DEBUG    https://google.serper.dev:443 "POST /search HTTP/1.1" 200 4250
2026-04-13 23:26:06,020 DEBUG      Serper query (SmartRecruiters / applied scientist / p1): site:jobs.smartrecruiters.com "applied scientist"
2026-04-13 23:26:06,022 DEBUG    Starting new HTTPS connection (1): google.serper.dev:443
2026-04-13 23:26:06,750 DEBUG    https://google.serper.dev:443 "POST /search HTTP/1.1" 200 3714
2026-04-13 23:26:07,252 DEBUG      Serper query (SmartRecruiters / AI engineer / p1): site:jobs.smartrecruiters.com "AI engineer"
2026-04-13 23:26:07,253 DEBUG    Starting new HTTPS connection (1): google.serper.dev:443
2026-04-13 23:26:08,047 DEBUG    https://google.serper.dev:443 "POST /search HTTP/1.1" 200 3999
2026-04-13 23:26:08,549 INFO       Serper SmartRecruiters (jobs.smartrecruiters.com): 50 total results
2026-04-13 23:26:09,550 DEBUG      Serper query (Jobvite / data scientist / p1): site:jobs.jobvite.com "data scientist"
2026-04-13 23:26:09,551 DEBUG    Starting new HTTPS connection (1): google.serper.dev:443
2026-04-13 23:26:10,437 DEBUG    https://google.serper.dev:443 "POST /search HTTP/1.1" 200 3235
2026-04-13 23:26:10,940 DEBUG      Serper query (Jobvite / machine learning engineer / p1): site:jobs.jobvite.com "machine learning engineer"
2026-04-13 23:26:10,942 DEBUG    Starting new HTTPS connection (1): google.serper.dev:443
2026-04-13 23:26:11,680 DEBUG    https://google.serper.dev:443 "POST /search HTTP/1.1" 200 3154
2026-04-13 23:26:12,183 DEBUG      Serper query (Jobvite / data analyst / p1): site:jobs.jobvite.com "data analyst"
2026-04-13 23:26:12,184 DEBUG    Starting new HTTPS connection (1): google.serper.dev:443
2026-04-13 23:26:12,784 DEBUG    https://google.serper.dev:443 "POST /search HTTP/1.1" 200 3213
2026-04-13 23:26:13,287 DEBUG      Serper query (Jobvite / applied scientist / p1): site:jobs.jobvite.com "applied scientist"
2026-04-13 23:26:13,288 DEBUG    Starting new HTTPS connection (1): google.serper.dev:443
2026-04-13 23:26:14,718 DEBUG    https://google.serper.dev:443 "POST /search HTTP/1.1" 200 159
2026-04-13 23:26:15,221 DEBUG      Serper query (Jobvite / AI engineer / p1): site:jobs.jobvite.com "AI engineer"
2026-04-13 23:26:15,222 DEBUG    Starting new HTTPS connection (1): google.serper.dev:443
2026-04-13 23:26:15,873 DEBUG    https://google.serper.dev:443 "POST /search HTTP/1.1" 200 3296
2026-04-13 23:26:16,375 INFO       Serper Jobvite (jobs.jobvite.com): 40 total results
2026-04-13 23:26:17,376 DEBUG      Serper query (JazzHR / data scientist / p1): site:applytojob.com "data scientist"
2026-04-13 23:26:17,377 DEBUG    Starting new HTTPS connection (1): google.serper.dev:443
2026-04-13 23:26:18,214 DEBUG    https://google.serper.dev:443 "POST /search HTTP/1.1" 200 3528
2026-04-13 23:26:18,716 DEBUG      Serper query (JazzHR / machine learning engineer / p1): site:applytojob.com "machine learning engineer"
2026-04-13 23:26:18,718 DEBUG    Starting new HTTPS connection (1): google.serper.dev:443
2026-04-13 23:26:19,367 DEBUG    https://google.serper.dev:443 "POST /search HTTP/1.1" 200 3699
2026-04-13 23:26:19,869 DEBUG      Serper query (JazzHR / data analyst / p1): site:applytojob.com "data analyst"
2026-04-13 23:26:19,870 DEBUG    Starting new HTTPS connection (1): google.serper.dev:443
2026-04-13 23:26:20,542 DEBUG    https://google.serper.dev:443 "POST /search HTTP/1.1" 200 3533
2026-04-13 23:26:21,044 DEBUG      Serper query (JazzHR / applied scientist / p1): site:applytojob.com "applied scientist"
2026-04-13 23:26:21,046 DEBUG    Starting new HTTPS connection (1): google.serper.dev:443
2026-04-13 23:26:22,309 DEBUG    https://google.serper.dev:443 "POST /search HTTP/1.1" 200 157
2026-04-13 23:26:22,811 DEBUG      Serper query (JazzHR / AI engineer / p1): site:applytojob.com "AI engineer"
2026-04-13 23:26:22,813 DEBUG    Starting new HTTPS connection (1): google.serper.dev:443
2026-04-13 23:26:23,477 DEBUG    https://google.serper.dev:443 "POST /search HTTP/1.1" 200 3362
2026-04-13 23:26:23,979 INFO       Serper JazzHR (applytojob.com): 40 total results
2026-04-13 23:26:24,981 DEBUG      Serper query (Taleo / data scientist / p1): site:taleo.net "data scientist"
2026-04-13 23:26:24,982 DEBUG    Starting new HTTPS connection (1): google.serper.dev:443
2026-04-13 23:26:25,685 DEBUG    https://google.serper.dev:443 "POST /search HTTP/1.1" 200 3704
2026-04-13 23:26:26,187 DEBUG      Serper query (Taleo / machine learning engineer / p1): site:taleo.net "machine learning engineer"
2026-04-13 23:26:26,189 DEBUG    Starting new HTTPS connection (1): google.serper.dev:443
2026-04-13 23:26:26,725 DEBUG    https://google.serper.dev:443 "POST /search HTTP/1.1" 200 3842
2026-04-13 23:26:27,228 DEBUG      Serper query (Taleo / data analyst / p1): site:taleo.net "data analyst"
2026-04-13 23:26:27,229 DEBUG    Starting new HTTPS connection (1): google.serper.dev:443
2026-04-13 23:26:27,902 DEBUG    https://google.serper.dev:443 "POST /search HTTP/1.1" 200 3649
2026-04-13 23:26:28,404 DEBUG      Serper query (Taleo / applied scientist / p1): site:taleo.net "applied scientist"
2026-04-13 23:26:28,406 DEBUG    Starting new HTTPS connection (1): google.serper.dev:443
2026-04-13 23:26:29,026 DEBUG    https://google.serper.dev:443 "POST /search HTTP/1.1" 200 514
2026-04-13 23:26:29,528 DEBUG      Serper query (Taleo / AI engineer / p1): site:taleo.net "AI engineer"
2026-04-13 23:26:29,530 DEBUG    Starting new HTTPS connection (1): google.serper.dev:443
2026-04-13 23:26:30,118 DEBUG    https://google.serper.dev:443 "POST /search HTTP/1.1" 200 3592
2026-04-13 23:26:30,620 INFO       Serper Taleo (taleo.net): 41 total results
2026-04-13 23:26:31,621 DEBUG      Serper query (iCIMS / data scientist / p1): site:icims.com "data scientist"
2026-04-13 23:26:31,622 DEBUG    Starting new HTTPS connection (1): google.serper.dev:443
2026-04-13 23:26:32,286 DEBUG    https://google.serper.dev:443 "POST /search HTTP/1.1" 200 3629
2026-04-13 23:26:32,788 DEBUG      Serper query (iCIMS / machine learning engineer / p1): site:icims.com "machine learning engineer"
2026-04-13 23:26:32,790 DEBUG    Starting new HTTPS connection (1): google.serper.dev:443
2026-04-13 23:26:33,502 DEBUG    https://google.serper.dev:443 "POST /search HTTP/1.1" 200 3578
2026-04-13 23:26:34,004 DEBUG      Serper query (iCIMS / data analyst / p1): site:icims.com "data analyst"
2026-04-13 23:26:34,006 DEBUG    Starting new HTTPS connection (1): google.serper.dev:443
2026-04-13 23:26:34,774 DEBUG    https://google.serper.dev:443 "POST /search HTTP/1.1" 200 3482
2026-04-13 23:26:35,275 DEBUG      Serper query (iCIMS / applied scientist / p1): site:icims.com "applied scientist"
2026-04-13 23:26:35,277 DEBUG    Starting new HTTPS connection (1): google.serper.dev:443
2026-04-13 23:26:35,890 DEBUG    https://google.serper.dev:443 "POST /search HTTP/1.1" 200 473
2026-04-13 23:26:36,392 DEBUG      Serper query (iCIMS / AI engineer / p1): site:icims.com "AI engineer"
2026-04-13 23:26:36,394 DEBUG    Starting new HTTPS connection (1): google.serper.dev:443
2026-04-13 23:26:36,965 DEBUG    https://google.serper.dev:443 "POST /search HTTP/1.1" 200 3446
2026-04-13 23:26:37,467 INFO       Serper iCIMS (icims.com): 41 total results
2026-04-13 23:26:38,468 DEBUG      Serper query (ADP / data scientist / p1): site:workforcenow.adp.com "data scientist"
2026-04-13 23:26:38,469 DEBUG    Starting new HTTPS connection (1): google.serper.dev:443
2026-04-13 23:26:39,110 DEBUG    https://google.serper.dev:443 "POST /search HTTP/1.1" 200 4313
2026-04-13 23:26:39,613 DEBUG      Serper query (ADP / machine learning engineer / p1): site:workforcenow.adp.com "machine learning engineer"
2026-04-13 23:26:39,614 DEBUG    Starting new HTTPS connection (1): google.serper.dev:443
2026-04-13 23:26:40,215 DEBUG    https://google.serper.dev:443 "POST /search HTTP/1.1" 200 4219
2026-04-13 23:26:40,717 DEBUG      Serper query (ADP / data analyst / p1): site:workforcenow.adp.com "data analyst"
2026-04-13 23:26:40,719 DEBUG    Starting new HTTPS connection (1): google.serper.dev:443
2026-04-13 23:26:41,647 DEBUG    https://google.serper.dev:443 "POST /search HTTP/1.1" 200 4199
2026-04-13 23:26:42,149 DEBUG      Serper query (ADP / applied scientist / p1): site:workforcenow.adp.com "applied scientist"
2026-04-13 23:26:42,150 DEBUG    Starting new HTTPS connection (1): google.serper.dev:443
2026-04-13 23:26:42,876 DEBUG    https://google.serper.dev:443 "POST /search HTTP/1.1" 200 1040
2026-04-13 23:26:43,378 DEBUG      Serper query (ADP / AI engineer / p1): site:workforcenow.adp.com "AI engineer"
2026-04-13 23:26:43,379 DEBUG    Starting new HTTPS connection (1): google.serper.dev:443
2026-04-13 23:26:43,905 DEBUG    https://google.serper.dev:443 "POST /search HTTP/1.1" 200 4318
2026-04-13 23:26:44,408 INFO       Serper ADP (workforcenow.adp.com): 42 total results
2026-04-13 23:26:45,409 DEBUG      Serper query (Breezy / data scientist / p1): site:breezy.hr "data scientist"
2026-04-13 23:26:45,410 DEBUG    Starting new HTTPS connection (1): google.serper.dev:443
2026-04-13 23:26:45,964 DEBUG    https://google.serper.dev:443 "POST /search HTTP/1.1" 200 3422
2026-04-13 23:26:46,466 DEBUG      Serper query (Breezy / machine learning engineer / p1): site:breezy.hr "machine learning engineer"
2026-04-13 23:26:46,467 DEBUG    Starting new HTTPS connection (1): google.serper.dev:443
2026-04-13 23:26:47,203 DEBUG    https://google.serper.dev:443 "POST /search HTTP/1.1" 200 3567
2026-04-13 23:26:47,706 DEBUG      Serper query (Breezy / data analyst / p1): site:breezy.hr "data analyst"
2026-04-13 23:26:47,709 DEBUG    Starting new HTTPS connection (1): google.serper.dev:443
2026-04-13 23:26:48,501 DEBUG    https://google.serper.dev:443 "POST /search HTTP/1.1" 200 3494
2026-04-13 23:26:49,003 DEBUG      Serper query (Breezy / applied scientist / p1): site:breezy.hr "applied scientist"
2026-04-13 23:26:49,005 DEBUG    Starting new HTTPS connection (1): google.serper.dev:443
2026-04-13 23:26:49,683 DEBUG    https://google.serper.dev:443 "POST /search HTTP/1.1" 200 3472
2026-04-13 23:26:50,185 DEBUG      Serper query (Breezy / AI engineer / p1): site:breezy.hr "AI engineer"
2026-04-13 23:26:50,186 DEBUG    Starting new HTTPS connection (1): google.serper.dev:443
2026-04-13 23:26:50,877 DEBUG    https://google.serper.dev:443 "POST /search HTTP/1.1" 200 3331
2026-04-13 23:26:51,379 INFO       Serper Breezy (breezy.hr): 50 total results
2026-04-13 23:26:52,380 DEBUG      Serper query (Workable / data scientist / p1): site:workable.com "data scientist"
2026-04-13 23:26:52,381 DEBUG    Starting new HTTPS connection (1): google.serper.dev:443
2026-04-13 23:26:53,109 DEBUG    https://google.serper.dev:443 "POST /search HTTP/1.1" 200 3129
2026-04-13 23:26:53,612 DEBUG      Serper query (Workable / machine learning engineer / p1): site:workable.com "machine learning engineer"
2026-04-13 23:26:53,614 DEBUG    Starting new HTTPS connection (1): google.serper.dev:443
2026-04-13 23:26:54,264 DEBUG    https://google.serper.dev:443 "POST /search HTTP/1.1" 200 3404
2026-04-13 23:26:54,766 DEBUG      Serper query (Workable / data analyst / p1): site:workable.com "data analyst"
2026-04-13 23:26:54,768 DEBUG    Starting new HTTPS connection (1): google.serper.dev:443
2026-04-13 23:26:55,406 DEBUG    https://google.serper.dev:443 "POST /search HTTP/1.1" 200 3246
2026-04-13 23:26:55,907 DEBUG      Serper query (Workable / applied scientist / p1): site:workable.com "applied scientist"
2026-04-13 23:26:55,909 DEBUG    Starting new HTTPS connection (1): google.serper.dev:443
2026-04-13 23:26:56,480 DEBUG    https://google.serper.dev:443 "POST /search HTTP/1.1" 200 3509
2026-04-13 23:26:56,982 DEBUG      Serper query (Workable / AI engineer / p1): site:workable.com "AI engineer"
2026-04-13 23:26:56,984 DEBUG    Starting new HTTPS connection (1): google.serper.dev:443
2026-04-13 23:26:57,781 DEBUG    https://google.serper.dev:443 "POST /search HTTP/1.1" 200 3372
2026-04-13 23:26:58,283 INFO       Serper Workable (workable.com): 50 total results
2026-04-13 23:26:59,285 INFO     [Serper] Total parsed: 547
2026-04-13 23:26:59,285 INFO     Total jobs before filtering: 547
2026-04-13 23:26:59,285 INFO     After dedup: 490 unique (57 collisions)
2026-04-13 23:26:59,289 DEBUG      location-reject (no-signal): Job Application for Data Scientist | https://boards.greenhouse.io/geotab/jobs/5174509008
2026-04-13 23:26:59,289 DEBUG      title-reject ('staff'): Job Application for Staff Data Scientist, Product (Crypto)
2026-04-13 23:26:59,289 DEBUG      title-reject ('senior'): Senior Data Scientist, Borrow
2026-04-13 23:26:59,289 DEBUG      location-reject (no-signal): Job Application for Data Scientist | https://boards.greenhouse.io/abodo/jobs/7800720
2026-04-13 23:26:59,289 DEBUG      title-reject ('senior'): Job Application for Senior Data Scientist, Education
2026-04-13 23:26:59,289 DEBUG      title-reject ('senior'): Senior Data Scientist, AI Products, Remote
2026-04-13 23:26:59,289 DEBUG      title-reject ('sr.'): Sr. Machine Learning Engineer
2026-04-13 23:26:59,289 DEBUG      title-reject ('senior'): Senior Machine Learning Engineer, Perception
2026-04-13 23:26:59,289 DEBUG      location-reject (no-signal): Machine Learning Engineer, Genai Technology | https://boards.greenhouse.io/point72/jobs/8392983002
2026-04-13 23:26:59,289 DEBUG      title-reject ('senior'): Senior Staff Machine Learning Engineer, Search & Discovery
2026-04-13 23:26:59,290 DEBUG      location-reject (no-signal): Machine Learning Engineer | https://boards.greenhouse.io/waymo/jobs/7429811
2026-04-13 23:26:59,290 DEBUG      title-reject ('senior'): Senior Machine Learning Engineer, AI Platform
2026-04-13 23:26:59,290 DEBUG      title-reject ('senior'): Job Application for Senior Machine Learning Engineer I // II
2026-04-13 23:26:59,290 DEBUG      title-reject ('lead'): Lead, Machine Learning Engineer
2026-04-13 23:26:59,290 DEBUG      title-reject ('sr.'): Sr. Staff Machine Learning Engineer (Eats Search & Discovery)
2026-04-13 23:26:59,292 DEBUG      title-reject ('senior'): Senior Data Analyst
2026-04-13 23:26:59,292 DEBUG      title-reject (level-numeral): Data Analyst II | Career Opportunities
2026-04-13 23:26:59,292 DEBUG      title-reject ('senior'): Senior Data Analyst
2026-04-13 23:26:59,292 DEBUG      location-reject (no-signal): Data Analyst (Remote | https://boards.greenhouse.io/xapo61/jobs/7616977003
2026-04-13 23:26:59,292 DEBUG      location-reject (no-signal): Data Analyst- Fraud Detection | https://boards.greenhouse.io/appsflyer/jobs/8443758002
2026-04-13 23:26:59,294 DEBUG      title-reject ('senior'): Senior Marketing Data Analyst
2026-04-13 23:26:59,294 DEBUG      title-reject ('senior'): Senior Applied Scientist II, Ads Optimization
2026-04-13 23:26:59,294 DEBUG      title-reject ('senior'): Job Application for Senior AI Engineer, AI Platform
2026-04-13 23:26:59,294 DEBUG      title-reject ('senior'): Job Application for Senior AI Engineer
2026-04-13 23:26:59,294 DEBUG      location-reject (no-signal): AI Engineer (Agent Systems & LLM Platforms) | https://boards.greenhouse.io/kaizengaming/jobs/7690521003
2026-04-13 23:26:59,294 DEBUG      title-reject ('staff'): Job Application for Staff AI Engineer
2026-04-13 23:26:59,294 DEBUG      title-reject ('senior'): Job Application for Senior AI Engineer
2026-04-13 23:26:59,294 DEBUG      title-reject ('senior'): Senior Applied AI Engineer
2026-04-13 23:26:59,294 DEBUG      title-reject ('principal'): Job Application for Principal AI Engineer, Chatbot Development
2026-04-13 23:26:59,294 DEBUG      title-reject ('staff'): Staff AI Engineer, Model Post-Training and Alignment
2026-04-13 23:26:59,294 DEBUG      location-reject (no-signal): Job Application for Generative AI Engineer | https://boards.greenhouse.io/capco/jobs/5884293
2026-04-13 23:26:59,294 DEBUG      title-reject ('senior'): Job Application for Senior AI Engineer
2026-04-13 23:26:59,294 DEBUG      title-reject ('senior'): Data Scientist/Senior Data Scientist
2026-04-13 23:26:59,295 DEBUG      location-reject (no-signal): Data Scientist | https://jobs.lever.co/vacationrenter/b321acdc-81ec-483e-be2e-a048603c0d3b
2026-04-13 23:26:59,295 DEBUG      location-reject (no-signal): Machine Learning Engineer | https://jobs.lever.co/hive/fb175ecc-b6ba-4242-a84a-8699f9b0e971
2026-04-13 23:26:59,295 DEBUG      location-reject (no-signal): Machine Learning Engineer | https://jobs.lever.co/spotify/e68ad741-4c4e-4b06-ae11-9cf1e36dd40f
2026-04-13 23:26:59,295 DEBUG      title-reject ('senior'): Senior Machine Learning Engineer (Data Science Algorithms)
2026-04-13 23:26:59,295 DEBUG      title-reject ('senior'): Senior Machine Learning Engineer
2026-04-13 23:26:59,295 DEBUG      location-reject (no-signal): Machine Learning Engineer | https://jobs.lever.co/healx/5282b5bb-e95e-4f1c-9460-5d14898b4630
2026-04-13 23:26:59,297 DEBUG      location-reject (no-signal): Machine Learning Engineer Intern, Simulation | https://jobs.lever.co/zoox/f24a2d0c-bda7-48ff-9c83-9a96900128b7
2026-04-13 23:26:59,297 DEBUG      location-reject (no-signal): Data Analyst | https://jobs.lever.co/greenlight/084768a3-1c27-4390-b94c-d987f636811a
2026-04-13 23:26:59,297 DEBUG      location-reject (no-signal): Data Analyst | https://jobs.lever.co/arcadia/cced8545-bd78-4ab6-82e8-28fae21b155e
2026-04-13 23:26:59,297 DEBUG      title-reject ('senior'): Senior Data Analyst
2026-04-13 23:26:59,297 DEBUG      location-reject (no-signal): Applied Scientist | https://jobs.lever.co/improbable-2/0a7e87f3-d3ed-45a1-9c05-330797824b46
2026-04-13 23:26:59,297 DEBUG      location-reject (no-signal): AI Applied Scientist | https://jobs.lever.co/quantco-/fd1ea712-8e5f-4db1-b9ec-36d0e08ac3ae
2026-04-13 23:26:59,297 DEBUG      location-reject (no-signal): Applied Scientist | https://jobs.lever.co/Grid/835ebab1-aa70-44da-be98-2329b32eba4c
2026-04-13 23:26:59,297 DEBUG      location-reject (no-signal): Applied Scientist — ML, Experimentation & Decision Systems | https://jobs.lever.co/everlywell/948104c7-330a-4674-b1a3-2d5b57d43b1e
2026-04-13 23:26:59,299 DEBUG      location-reject (non-US): Applied Scientist, Computer Vision and Generative Models ... | https://jobs.lever.co/woven-by-toyota/4da61734-1608-4c93-b9fc-f5c532a37d01
2026-04-13 23:26:59,302 DEBUG      location-reject (no-signal): AI Engineer | https://jobs.lever.co/panopto/4c4fe959-597b-493f-bc08-a3a268153a32
2026-04-13 23:26:59,302 DEBUG      location-reject (no-signal): AI Engineer | https://jobs.lever.co/collate/377f2cf3-6285-42c1-8130-dd3dd2c866cb
2026-04-13 23:26:59,302 DEBUG      title-reject ('senior'): Senior AI Engineer (Engineering Productivity)
2026-04-13 23:26:59,302 DEBUG      title-reject ('senior'): Senior Applied AI Engineer (Multimodal Perception & Reasoning)
2026-04-13 23:26:59,302 DEBUG      location-reject (no-signal): AI Engineer | https://jobs.lever.co/sonarsource/3694f242-8346-4c76-826a-b6340da1797b
2026-04-13 23:26:59,303 DEBUG      location-reject (no-signal): Data Scientist (GTM) @ 0x | https://jobs.ashbyhq.com/0x/6dbca8eb-0553-411d-b903-dfa5f73dfcd3
2026-04-13 23:26:59,303 DEBUG      location-reject (no-signal): Data Scientist @ Tandem | https://jobs.ashbyhq.com/tandem/1ae72b76-5611-4423-a2ea-e11933cea33f
2026-04-13 23:26:59,303 DEBUG      location-reject (no-signal): Data Scientist @ Doppel | https://jobs.ashbyhq.com/Doppel/ff2b9ffa-2f87-4f43-a22e-f1a78523f639
2026-04-13 23:26:59,303 DEBUG      location-reject (no-signal): Data Scientist @ Imprint | https://jobs.ashbyhq.com/imprint/70d4ab62-9e18-49a0-927a-1f31acd947d8
2026-04-13 23:26:59,304 DEBUG      location-reject (no-signal): Data Scientist @ Atticus | https://jobs.ashbyhq.com/atticus/9b841d71-e185-4d4d-ad38-7ffcbc886dd5
2026-04-13 23:26:59,304 DEBUG      location-reject (no-signal): Data Scientist @ Siro | https://jobs.ashbyhq.com/siro/15890b8d-0894-47e2-b47b-7ee5c578ab79
2026-04-13 23:26:59,304 DEBUG      title-reject ('senior'): Senior Data Scientist, Content + Social @ Suno
2026-04-13 23:26:59,305 DEBUG      title-reject ('senior'): Senior Data Scientist @ Mysten Labs
2026-04-13 23:26:59,305 DEBUG      location-reject (no-signal): Machine Learning Engineer @ Arena Intelligence, Inc. | https://jobs.ashbyhq.com/arena/eaeb1f28-cca9-468d-abcf-5ff412ad75de
2026-04-13 23:26:59,306 DEBUG      location-reject (no-signal): Machine Learning Engineer @ Mercor | https://jobs.ashbyhq.com/mercor/e0ba162c-7e0e-4eee-a296-838c8b6e9034
2026-04-13 23:26:59,308 DEBUG      location-reject (no-signal): Machine Learning Engineer @ UnitX | https://jobs.ashbyhq.com/unitxlabs/dd8f4858-46b6-40cf-a529-e21a94f643c3
2026-04-13 23:26:59,308 DEBUG      title-reject ('senior'): Senior Machine Learning Engineer @ Troveo AI
2026-04-13 23:26:59,308 DEBUG      location-reject (no-signal): Machine Learning Engineer @ Happyrobot Inc. | https://jobs.ashbyhq.com/happyrobot.ai/46cff020-a295-4464-a062-94639689654e
2026-04-13 23:26:59,308 DEBUG      location-reject (no-signal): Machine Learning Engineer @ Sardine | https://jobs.ashbyhq.com/sardine/2c8f0342-b8af-4cc2-85cd-67bc48275568
2026-04-13 23:26:59,310 DEBUG      location-reject (no-signal): Data Analyst I @ Acorns | https://jobs.ashbyhq.com/acorns/8ac268c2-7e82-417a-8e69-d08e532586dd
2026-04-13 23:26:59,310 DEBUG      title-reject (level-numeral): Forward Deployed Data Analyst II @ Valon Tech
2026-04-13 23:26:59,311 DEBUG      location-reject (no-signal): Data Analyst @ EliseAI | https://jobs.ashbyhq.com/eliseai/5bb948e0-a2fa-4f84-8b46-a8e6eb1e6acc
2026-04-13 23:26:59,311 DEBUG      location-reject (non-US): Data Analyst @ Carwow | https://jobs.ashbyhq.com/carwow/0a75453e-cf3e-4e3e-a47b-9a2f160027a2
2026-04-13 23:26:59,311 DEBUG      location-reject (no-signal): Data Analyst @ Solace | https://jobs.ashbyhq.com/solace/d33b9659-7c3d-48a9-9a24-dd0f903e3a03
2026-04-13 23:26:59,311 DEBUG      title-reject ('senior'): Senior Data Analyst, Analytics Engineering @ Pearl Health
2026-04-13 23:26:59,312 DEBUG      location-reject (no-signal): Data Analyst @ Cardless | https://jobs.ashbyhq.com/cardless/5b6e6ff4-3e6d-4571-8e6c-9740fafea5f7
2026-04-13 23:26:59,312 DEBUG      title-reject ('senior'): Senior Data Analyst @ Hyperbolic Labs
2026-04-13 23:26:59,312 DEBUG      location-reject (no-signal): Data Analyst @ Canals | https://jobs.ashbyhq.com/canals/47420eef-e328-4b1a-9fa4-8ae95ecd76fb
2026-04-13 23:26:59,312 DEBUG      title-reject ('principal'): Principal Applied Scientist- AI @ UiPath
2026-04-13 23:26:59,312 DEBUG      title-reject ('staff'): Staff Applied Scientist @ Range
2026-04-13 23:26:59,312 DEBUG      title-reject ('sr.'): Sr. Applied Scientist
2026-04-13 23:26:59,315 DEBUG      title-reject ('senior'): Senior Applied Scientist @ Hippocratic AI
2026-04-13 23:26:59,315 DEBUG      location-reject (no-signal): Applied Scientist- AI/ML Intern @ Wealth.com | https://jobs.ashbyhq.com/wealth-com/1899d513-4c4a-43b2-a307-8c8e4b877622
2026-04-13 23:26:59,315 DEBUG      title-reject (level-numeral): Applied Scientist II @ UiPath
2026-04-13 23:26:59,316 DEBUG      title-reject ('senior'): Senior Applied Scientist
2026-04-13 23:26:59,322 DEBUG      location-reject (no-signal): AI Engineer @ Quintess AI | https://jobs.ashbyhq.com/quintess-ai/a4472d5d-c309-4ecc-81ac-6b1149db10e4
2026-04-13 23:26:59,322 DEBUG      location-reject (non-US): AI Engineer @ Distyl AI | https://jobs.ashbyhq.com/Distyl/26cc59d5-af3c-4ae7-9ee9-f70733e68dd7
2026-04-13 23:26:59,322 DEBUG      location-reject (non-US): AI Engineer @ StackOne | https://jobs.ashbyhq.com/stackone/52c111d8-594c-4d94-859f-c12be2ecd857
2026-04-13 23:26:59,325 DEBUG      location-reject (no-signal): AI Engineer @ Reflow | https://jobs.ashbyhq.com/reflow/cd4b3752-b07d-4c33-acb3-169a3562d71a
2026-04-13 23:26:59,325 DEBUG      location-reject (no-signal): Data Scientist | https://workday.wd5.myworkdayjobs.com/en-US/Workday/job/Data-Scientist_JR-0106120
2026-04-13 23:26:59,325 DEBUG      title-reject ('principal'): Principal Data Scientist, Digital & AI
2026-04-13 23:26:59,327 DEBUG      title-reject ('sr '): Sr Data Scientist
2026-04-13 23:26:59,327 DEBUG      location-reject (no-signal): Data Scientist | https://davidyurman.wd1.myworkdayjobs.com/en-US/DavidYurmanCareers/job/Data-Scientist_R-100716-1
2026-04-13 23:26:59,327 DEBUG      location-reject (no-signal): Data Scientist | https://amplify.wd1.myworkdayjobs.com/en-US/Amplify_Careers/job/Data-Scientist_Req_12331
2026-04-13 23:26:59,327 DEBUG      title-reject ('senior'): Senior Data Scientist
2026-04-13 23:26:59,328 DEBUG      location-reject (no-signal): Data Scientist | https://nasdaq.wd1.myworkdayjobs.com/en-US/Global_External_Site/job/Data-Scientist---Graduate_R0025180
2026-04-13 23:26:59,330 DEBUG      title-reject (level-numeral): Machine Learning Engineer III
2026-04-13 23:26:59,332 DEBUG      location-reject (no-signal): R&D Machine Learning Engineer (Engineering Scientist Associa | https://utaustin.wd1.myworkdayjobs.com/en-US/UTstaff/job/R-D-Machine-Learning-Engineer--Engineering-Scientist-Associate-_R_00041479
2026-04-13 23:26:59,332 DEBUG      location-reject (no-signal): Machine Learning Engineer | https://avav.wd1.myworkdayjobs.com/en-US/AVAV/job/Machine-Learning-Engineer_7437
2026-04-13 23:26:59,332 DEBUG      title-reject ('lead'): Lead Machine Learning Engineer
2026-04-13 23:26:59,332 DEBUG      title-reject ('senior'): Senior Machine Learning Engineer
2026-04-13 23:26:59,334 DEBUG      location-reject (non-US): Machine Learning Engineer, Artificial Intelligence Office | https://rakuten.wd1.myworkdayjobs.com/en-US/RakutenInc/job/Machine-Learning-Engineer--Artificial-Intelligence-Office--Rakuten-Travel_1025433-1
2026-04-13 23:26:59,334 DEBUG      title-reject ('senior'): Senior Machine Learning Engineer
2026-04-13 23:26:59,334 DEBUG      location-reject (no-signal): Associate Data Analyst - Careers | https://workday.wd5.myworkdayjobs.com/en-US/Workday/job/Associate-Data-Analyst_JR-0103084
2026-04-13 23:26:59,334 DEBUG      location-reject (no-signal): Data Analyst | https://methode.wd5.myworkdayjobs.com/en-US/methode/job/Data-Analyst_R23868
2026-04-13 23:26:59,334 DEBUG      location-reject (no-signal): Payor Data Analyst- Remote | https://sharecare.wd1.myworkdayjobs.com/en-US/Sharecare_Careers/job/Payor-Data-Analyst--Remote_R-101672
2026-04-13 23:26:59,334 DEBUG      location-reject (no-signal): Data Analyst, Employee Service Center | https://zillow.wd5.myworkdayjobs.com/en-US/Zillow_Group_External/job/Data-Analyst--Employee-Service-Center_P749235-1
2026-04-13 23:26:59,334 DEBUG      title-reject ('senior'): Senior Data Analyst
2026-04-13 23:26:59,334 DEBUG      location-reject (no-signal): Human Services Data Analyst | https://nc.wd108.myworkdayjobs.com/NC_Careers/job/Wake-County-NC/Human-Services-Data-Analyst_JR-112389
2026-04-13 23:26:59,334 DEBUG      location-reject (no-signal): Data Analyst | https://wiley.wd1.myworkdayjobs.com/en-US/wiley_careers/job/Data-Analyst_R2600186
2026-04-13 23:26:59,335 DEBUG      location-reject (no-signal): Data Analyst C | https://upenn.wd1.myworkdayjobs.com/en-US/PSOM/job/Data-Analyst-C_JR00117909
2026-04-13 23:26:59,335 DEBUG      title-reject (level-numeral): Data Analyst III
2026-04-13 23:26:59,335 DEBUG      title-reject ('principal'): Principal Applied Scientist, Agentic AI
2026-04-13 23:26:59,335 DEBUG      title-reject (level-numeral): Applied Scientist III
2026-04-13 23:26:59,335 DEBUG      location-reject (no-signal): Applied Scientist, New Construction | https://zillow.wd5.myworkdayjobs.com/en-US/Zillow_Group_External/job/Applied-Scientist--New-Construction_P749137-1
2026-04-13 23:26:59,335 DEBUG      location-reject (no-signal): AI Applied Scientist | https://zillow.wd5.myworkdayjobs.com/en-US/Zillow_Group_External/job/AI-Applied-Scientist---PhD-Intern--Foundational-AQ---EQ_P748041
2026-04-13 23:26:59,335 DEBUG      location-reject (no-signal): Applied Scientist 3 | https://adobe.wd5.myworkdayjobs.com/en-US/external_experienced/job/Applied-Scientist-3_R166850
2026-04-13 23:26:59,335 DEBUG      title-reject ('principal'): Principal Applied Scientist
2026-04-13 23:26:59,335 DEBUG      title-reject ('staff'): Staff Applied Scientist, Generative AI/ML
2026-04-13 23:26:59,335 DEBUG      title-reject ('lead'): Lead Applied Scientist (Evergreen)
2026-04-13 23:26:59,335 DEBUG      title-reject ('senior'): Senior Applied Scientist, Rich Media Experiences
2026-04-13 23:26:59,335 DEBUG      location-reject (no-signal): Applied Scientist 5.5 | https://adobe.wd5.myworkdayjobs.com/ja-JP/external_experienced/job/Applied-Scientist-55_R167424-1
2026-04-13 23:26:59,335 DEBUG      location-reject (no-signal): AI Engineer | https://amplify.wd1.myworkdayjobs.com/en-US/Amplify_Careers/job/AI-Engineer_Req_12460
2026-04-13 23:26:59,335 DEBUG      location-reject (no-signal): AI Engineer | https://northeastern.wd1.myworkdayjobs.com/en-US/careers/job/AI-Engineer_R134531
2026-04-13 23:26:59,335 DEBUG      title-reject ('senior'): Senior AI Engineer
2026-04-13 23:26:59,336 DEBUG      location-reject (no-signal): AI Engineer | https://onemagnify.wd5.myworkdayjobs.com/en-US/OneMagnify_Careers/job/AI-Engineer_R1919
2026-04-13 23:26:59,336 DEBUG      title-reject ('senior'): Senior High Performance AI Engineer
2026-04-13 23:26:59,336 DEBUG      location-reject (no-signal): AI Engineer | https://hhmi.wd1.myworkdayjobs.com/en-US/External/job/AI-Engineer---Vision-Foundation-Model-Pretraining_R-4134
2026-04-13 23:26:59,336 DEBUG      title-reject (level-numeral): AI Engineer III
2026-04-13 23:26:59,336 DEBUG      location-reject (no-signal): AI Engineer | https://fhlbpgh.wd503.myworkdayjobs.com/en-US/fhlb-pgh/job/AI-Engineer_R394
2026-04-13 23:26:59,336 DEBUG      location-reject (no-signal): Applied AI Engineer | https://nb.wd1.myworkdayjobs.com/en-US/NBCareers/job/Applied-AI-Engineer_R0011946
2026-04-13 23:26:59,336 DEBUG      title-reject (level-numeral): AI Engineer III
2026-04-13 23:26:59,336 DEBUG      location-reject (no-signal): Visa Associate Data Scientist, New College Grad | https://jobs.smartrecruiters.com/Visa/744000119124351-associate-data-scientist-new-college-grad-2026-
2026-04-13 23:26:59,336 DEBUG      location-reject (no-signal): Intuitive Operations Data Scientist | https://jobs.smartrecruiters.com/Intuitive/744000120063898-operations-data-scientist
2026-04-13 23:26:59,336 DEBUG      location-reject (no-signal): Cint Data Scientist | https://jobs.smartrecruiters.com/Cint/744000119976917-data-scientist
2026-04-13 23:26:59,336 DEBUG      title-reject ('senior'): NielsenIQ Senior Data Scientist
2026-04-13 23:26:59,336 DEBUG      title-reject (level-numeral): Domino's Data Scientist III (REF38738G)
2026-04-13 23:26:59,338 DEBUG      location-reject (no-signal): NBCUniversal Data Scientist, Advertising Products & Solution | https://jobs.smartrecruiters.com/NBCUniversal3/744000104752701-data-scientist-advertising-products-solutions
2026-04-13 23:26:59,338 DEBUG      title-reject ('sr.'): Visa Sr. Data Scientist
2026-04-13 23:26:59,338 DEBUG      title-reject ('sr.'): Sandisk Sr. People Data Scientist
2026-04-13 23:26:59,338 DEBUG      location-reject (no-signal): AbbVie Data Scientist, Feasibility & Real-World Data Analyti | https://jobs.smartrecruiters.com/AbbVie/3743990012571106-data-scientist-feasibility-real-world-data-analytics
2026-04-13 23:26:59,338 DEBUG      location-reject (no-signal): Intuitive Machine Learning Engineer | https://jobs.smartrecruiters.com/Intuitive/744000118228852-machine-learning-engineer
2026-04-13 23:26:59,338 DEBUG      location-reject (non-US): CERN Machine Learning Engineer (TE-DPS-AIM-2026-94-GRAE) | https://jobs.smartrecruiters.com/CERN/744000117611022-machine-learning-engineer-te-dps-aim-2026-94-grae-
2026-04-13 23:26:59,338 DEBUG      location-reject (no-signal): Nearmap Machine Learning Engineer | https://jobs.smartrecruiters.com/Nearmap/744000114151719-machine-learning-engineer-insurance-ai-
2026-04-13 23:26:59,339 DEBUG      location-reject (no-signal): ProSidian Consulting, LLC Machine Learning Engineer | https://jobs.smartrecruiters.com/prosidianconsulting/744000119029477-machine-learning-engineer
2026-04-13 23:26:59,339 DEBUG      title-reject ('sr.'): Sr. Staff Software Engineer, Machine Learning
2026-04-13 23:26:59,340 DEBUG      location-reject (no-signal): Visa Machine Learning Engineer | https://jobs.smartrecruiters.com/Visa/744000119618133-machine-learning-engineer-sr-consultant-level
2026-04-13 23:26:59,340 DEBUG      title-reject ('staff'): Intuitive Staff Machine Learning Engineer
2026-04-13 23:26:59,340 DEBUG      title-reject ('senior'): Wabtec Senior Machine Learning Engineer
2026-04-13 23:26:59,340 DEBUG      title-reject ('senior'): Senior Machine Learning Engineer
2026-04-13 23:26:59,340 DEBUG      location-reject (no-signal): KIPP Regional Data Analyst | https://jobs.smartrecruiters.com/KIPP/744000120038472-regional-data-analyst
2026-04-13 23:26:59,341 DEBUG      location-reject (no-signal): Bosch Group Master Data Analyst | https://jobs.smartrecruiters.com/BoschGroup/744000120009040-master-data-analyst
2026-04-13 23:26:59,341 DEBUG      location-reject (no-signal): VIVIO Health Data Analyst (Healthcare Data Analytics) | https://jobs.smartrecruiters.com/VIVIOHealth/744000119680641-data-analyst-healthcare-data-analytics-
2026-04-13 23:26:59,341 DEBUG      location-reject (non-US): Collabera Data Analyst | https://jobs.smartrecruiters.com/Collabera2/96025426-data-analyst
2026-04-13 23:26:59,341 DEBUG      location-reject (no-signal): pureIntegration Junior Data Analyst | https://jobs.smartrecruiters.com/PureIntegration/744000119224017-junior-data-analyst-
2026-04-13 23:26:59,341 DEBUG      location-reject (no-signal): ProSidian Consulting, LLC Data Analyst | https://jobs.smartrecruiters.com/prosidianconsulting/743999929112636-data-analyst
2026-04-13 23:26:59,342 DEBUG      title-reject (level-numeral): The Nielsen Company Data Analyst II
2026-04-13 23:26:59,343 DEBUG      location-reject (non-US): IT CURA Inc. Data Analyst | https://jobs.smartrecruiters.com/ITCURAInc/91567681-data-analyst
2026-04-13 23:26:59,343 DEBUG      title-reject ('senior'): Senior HR Data Analyst (8+ years ) SQL , Data visualization ,Analytics
2026-04-13 23:26:59,343 DEBUG      title-reject ('senior'): LinkedIn Senior Applied Scientist, AI/ML
2026-04-13 23:26:59,343 DEBUG      title-reject ('lead'): Visa Lead Applied Scientist
2026-04-13 23:26:59,343 DEBUG      title-reject ('staff'): LinkedIn Staff Applied Scientist
2026-04-13 23:26:59,343 DEBUG      title-reject ('senior'): LinkedIn Senior Staff Applied Scientist, Infrastructure DS
2026-04-13 23:26:59,343 DEBUG      location-reject (no-signal): ASOS Applied Scientist (Marketing & Customer) | https://jobs.smartrecruiters.com/ASOS/744000118431087-applied-scientist-marketing-customer-
2026-04-13 23:26:59,343 DEBUG      title-reject ('senior'): Grab Senior Data Scientist (GrabMaps)
2026-04-13 23:26:59,343 DEBUG      title-reject ('senior'): ASOS Senior Data Scientist (Operations Research)
2026-04-13 23:26:59,343 DEBUG      location-reject (no-signal): NBCUniversal AI Engineer | https://jobs.smartrecruiters.com/NBCUniversal3/744000116710571-ai-engineer
2026-04-13 23:26:59,343 DEBUG      title-reject ('senior'): LinkedIn Senior AI Engineer
2026-04-13 23:26:59,343 DEBUG      title-reject ('staff'): LinkedIn Staff AI Engineer
2026-04-13 23:26:59,343 DEBUG      title-reject ('senior'): Senior Staff AI Engineer, Network Growth AI
2026-04-13 23:26:59,343 DEBUG      title-reject ('senior'): Senior Staff AI Engineer | Senior Technical Lead
2026-04-13 23:26:59,343 DEBUG      location-reject (no-signal): Visa AI Engineer, Digital Sales | https://jobs.smartrecruiters.com/Visa/744000119332632-ai-engineer-digital-sales-
2026-04-13 23:26:59,343 DEBUG      location-reject (non-US): AECOM AI Engineer | https://jobs.smartrecruiters.com/AECOM2/744000111538996-ai-engineer
2026-04-13 23:26:59,343 DEBUG      title-reject ('staff'): LinkedIn Staff AI Engineer, AI Privacy Specialist
2026-04-13 23:26:59,344 DEBUG      title-reject ('senior'): SmartRecruiters Inc Senior AI Engineer
2026-04-13 23:26:59,345 DEBUG      location-reject (no-signal): Data Scientist | https://jobs.jobvite.com/redalpha/job/o0gSofwg
2026-04-13 23:26:59,345 DEBUG      title-reject ('senior'): Senior Data Scientist
2026-04-13 23:26:59,345 DEBUG      location-reject (no-signal): Data Scientist | https://jobs.jobvite.com/hiregrowth/job/oOQUafws
2026-04-13 23:26:59,345 DEBUG      location-reject (no-signal): Data Scientist | https://jobs.jobvite.com/varonis-internal/job/oNppzfwU
2026-04-13 23:26:59,345 DEBUG      location-reject (no-signal): Data Scientist, Legal Analytics | https://jobs.jobvite.com/internetbrands/job/oHNGyfws
2026-04-13 23:26:59,346 DEBUG      location-reject (no-signal): Data Scientist | https://jobs.jobvite.com/carfax/job/o1NXzfw4
2026-04-13 23:26:59,346 DEBUG      location-reject (no-signal): Data Scientist | https://jobs.jobvite.com/actionet/job/o6FRzfwV
2026-04-13 23:26:59,346 DEBUG      location-reject (no-signal): Data Scientist | https://jobs.jobvite.com/gvwgroup/job/okX5yfwE
2026-04-13 23:26:59,346 DEBUG      title-reject ('senior'): Senior GenAI / Machine Learning Engineer
2026-04-13 23:26:59,346 DEBUG      title-reject ('senior'): Senior AI Data Analyst, User & Content Insights
2026-04-13 23:26:59,346 DEBUG      title-reject ('sr.'): Sr. Data Analyst, AdTech/Omnichannel (Remote, India)
2026-04-13 23:26:59,346 DEBUG      location-reject (no-signal): Power BI Data Analyst | https://jobs.jobvite.com/hnicareers/job/oP0Yzfw6
2026-04-13 23:26:59,346 DEBUG      location-reject (no-signal): AI Engineer | https://jobs.jobvite.com/idtus/job/oF7PzfwU
2026-04-13 23:26:59,346 DEBUG      title-reject ('senior'): Senior Full Stack AI Engineer
2026-04-13 23:26:59,346 DEBUG      location-reject (no-signal): AI Engineer | https://jobs.jobvite.com/brahma/job/ovQTxfwv
2026-04-13 23:26:59,346 DEBUG      location-reject (non-US): Forward Deployed AI Engineer | https://jobs.jobvite.com/sitecore/job/odFIyfwS
2026-04-13 23:26:59,346 DEBUG      location-reject (no-signal): Data Scientist | https://medreview.applytojob.com/apply/ItikxEfGQn/Data-Scientist
2026-04-13 23:26:59,346 DEBUG      location-reject (no-signal): Data Scientist | https://pointertechnologies.applytojob.com/apply/u9jJOZ0Xo8/Data-Scientist
2026-04-13 23:26:59,347 DEBUG      title-reject (level-numeral): Data Scientist II
2026-04-13 23:26:59,347 DEBUG      location-reject (no-signal): Data Scientist | https://ikigai.applytojob.com/apply/HmVH9C0CBV/Data-Scientist
2026-04-13 23:26:59,347 DEBUG      location-reject (no-signal): Data Scientist- PhD | https://gatelesis.applytojob.com/apply/dHFXK1Arr4/Data-Scientist-PhD
2026-04-13 23:26:59,347 DEBUG      location-reject (no-signal): Applied Data Scientist | https://gainsystems.applytojob.com/apply/PXUNIuJHW7/Applied-Data-Scientist
2026-04-13 23:26:59,347 DEBUG      location-reject (no-signal): Data Scientist, Level 3 | https://independentsoftware.applytojob.com/apply/nBMNKjXPU4/Data-Scientist-Level-3
2026-04-13 23:26:59,347 DEBUG      title-reject ('senior'): Data Scientist/Senior Data Scientist
2026-04-13 23:26:59,347 DEBUG      title-reject ('senior'): Senior Data Scientist
2026-04-13 23:26:59,347 DEBUG      location-reject (no-signal): Data Scientist | https://shineassociatesllc.applytojob.com/apply/tqC5buBanH/Data-Scientist
2026-04-13 23:26:59,347 DEBUG      location-reject (no-signal): Machine Learning Engineer / Data Scientist | https://jobs.fusemachines.com/apply/oeIGLtNIqM/Machine-Learning-Engineer-Data-Scientist
2026-04-13 23:26:59,347 DEBUG      location-reject (no-signal): Machine Learning Engineer | https://h2oai.applytojob.com/apply/4nNmAq3asO/Machine-Learning-Engineer
2026-04-13 23:26:59,347 DEBUG      location-reject (no-signal): Applied Machine Learning Engineer | https://iunu.applytojob.com/apply/eJVMiKCwhq/Applied-Machine-Learning-Engineer
2026-04-13 23:26:59,347 DEBUG      title-reject ('sr.'): Sr. Machine Learning Engineer (Perception and Tracking)
2026-04-13 23:26:59,349 DEBUG      title-reject ('senior'): Senior Machine Learning Engineer
2026-04-13 23:26:59,349 DEBUG      location-reject (no-signal): Machine Learning Engineer (MLOps) | https://smadexslu.applytojob.com/apply/E1cSUkNgOo/Machine-Learning-Engineer-MLOps
2026-04-13 23:26:59,351 DEBUG      location-reject (no-signal): Machine Learning Engineer | https://j5holdingscorporation.applytojob.com/apply/4LVsjWuw2G/Machine-Learning-Engineer
2026-04-13 23:26:59,351 DEBUG      location-reject (no-signal): Machine Learning Engineer | https://ikigai.applytojob.com/apply/PIleYeWvCd/Machine-Learning-Engineer
2026-04-13 23:26:59,351 DEBUG      location-reject (no-signal): Data Analyst | https://worldinsurance.applytojob.com/apply/ZrwqzemlNu/Data-Analyst
2026-04-13 23:26:59,351 DEBUG      location-reject (no-signal): Data Analyst, Programs and Evaluation | https://cure.applytojob.com/apply/IHIe5px5hN/Data-Analyst-Programs-And-Evaluation
2026-04-13 23:26:59,351 DEBUG      location-reject (no-signal): Data Analyst | https://ascendingdc.applytojob.com/apply/LO5jWSdhYR/Data-Analyst
2026-04-13 23:26:59,351 DEBUG      location-reject (no-signal): Data Analyst | https://rightworks.applytojob.com/apply/IuRsyya7nK/Data-Analyst
2026-04-13 23:26:59,351 DEBUG      location-reject (no-signal): Data Analyst | https://goodapple.applytojob.com/apply/Z8TdorkT0r/Data-Analyst
2026-04-13 23:26:59,351 DEBUG      location-reject (no-signal): 5039 Data Analyst Engineering Intern | https://taec.applytojob.com/apply/wHzvfldiK6/5039-Data-Analyst-Engineering-Intern
2026-04-13 23:26:59,351 DEBUG      location-reject (no-signal): Human Resources Data Analyst | https://marcjacobs.applytojob.com/apply/sl5byccQ8Z/Human-Resources-Data-Analyst
2026-04-13 23:26:59,352 DEBUG      location-reject (no-signal): Data Analyst | https://rantecpowersystemsinc.applytojob.com/apply/cDOWEk7YSb/Data-Analyst
2026-04-13 23:26:59,352 DEBUG      location-reject (no-signal): Spotfire Clinical Data Analyst | https://systimmune.applytojob.com/apply/rxrrUDAtT2/Spotfire-Clinical-Data-Analyst
2026-04-13 23:26:59,352 DEBUG      location-reject (non-US): AI Engineer | https://h2oai.applytojob.com/apply/xTHyQngUvw/AI-Engineer
2026-04-13 23:26:59,353 DEBUG      location-reject (no-signal): AI Engineer | https://cyclotroninc.applytojob.com/apply/KI3VReZkZT/AI-Engineer
2026-04-13 23:26:59,353 DEBUG      location-reject (no-signal): AI Engineer | https://wrshealth.applytojob.com/apply/7IEbpXaLI9/AI-Engineer
2026-04-13 23:26:59,353 DEBUG      location-reject (no-signal): AI Engineer | https://analyticallc.applytojob.com/apply/3AtWTnDnnI/AI-Engineer
2026-04-13 23:26:59,354 DEBUG      title-reject ('senior'): AI Engineer / Senior AI Engineer
2026-04-13 23:26:59,354 DEBUG      title-reject ('senior'): Senior AI Engineer
2026-04-13 23:26:59,354 DEBUG      location-reject (no-signal): AI Engineer | https://hoplite.applytojob.com/apply/9jEHZK5JSJ/AI-Engineer
2026-04-13 23:26:59,354 DEBUG      location-reject (no-signal): Full-Stack Applied AI Engineer | https://bitovi.applytojob.com/apply/7CtK7ThCEx/FullStack-Applied-AI-Engineer
2026-04-13 23:26:59,354 DEBUG      location-reject (no-signal): Applied AI Engineer | https://softjourn.applytojob.com/apply/nvDUiOqfA4/Applied-AI-Engineer
2026-04-13 23:26:59,354 DEBUG      location-reject (no-signal): Data Scientist | https://careers-lmi.icims.com/jobs/13799/data-scientist---ts-sci-with-polygraph-required/job
2026-04-13 23:26:59,357 DEBUG      location-reject (no-signal): Junior Data Scientist | https://careers-peraton.icims.com/jobs/160933/junior-data-scientist---object-based-intelligence-%28obi%29-analytic-efficiency/job
2026-04-13 23:26:59,357 DEBUG      title-reject ('senior'): Senior Data Scientist in Remote
2026-04-13 23:26:59,357 DEBUG      title-reject ('senior'): Senior Data Scientist in New York, New York
2026-04-13 23:26:59,358 DEBUG      title-reject (level-numeral): Data Scientist II in | Careers
2026-04-13 23:26:59,359 DEBUG      location-reject (no-signal): Data Scientist I | https://careers-cadmusgroup.icims.com/jobs/3151/data-scientist-i/job
2026-04-13 23:26:59,363 DEBUG      location-reject (no-signal): Machine Learning Engineer in Remote | https://careers-healthedge.icims.com/jobs/7536/machine-learning-engineer/job
2026-04-13 23:26:59,364 DEBUG      title-reject ('staff'): Staff Machine Learning Engineer | Careers
2026-04-13 23:26:59,364 DEBUG      title-reject (level-numeral): Machine Learning Engineer II in Atlanta, Georgia | Careers
2026-04-13 23:26:59,365 DEBUG      location-reject (no-signal): AI Engineer | https://jobs-fishercareers.icims.com/jobs/16282/machine-learning-engineer-%E2%80%93-data-and-ai/job
2026-04-13 23:26:59,365 DEBUG      title-reject ('senior'): Senior Staff Machine Learning Engineer
2026-04-13 23:26:59,366 DEBUG      location-reject (no-signal): Machine Learning Engineer | https://careers-sig.icims.com/jobs/10709/machine-learning-engineer-%7C-experienced-hire/job
2026-04-13 23:26:59,368 DEBUG      location-reject (no-signal): Data Analyst in Remote | https://careers-aptiveresources.icims.com/jobs/4278/data-analyst/job
2026-04-13 23:26:59,370 DEBUG      location-reject (no-signal): Data Analyst | https://uscareers-nyu.icims.com/jobs/15304/data-analyst---cas%2C-office-of-academic-affairs/job
2026-04-13 23:26:59,371 DEBUG      title-reject ('sr '): Sr Fraud Data Analyst in Remote - Job Listings
2026-04-13 23:26:59,371 DEBUG      title-reject ('senior'): Senior Data Analyst in Atlanta, Georgia | Careers
2026-04-13 23:26:59,371 DEBUG      location-reject (no-signal): Data Analyst- Performance Improvement | https://careers-shriners.icims.com/jobs/8513/data-analyst--performance-improvement/job
2026-04-13 23:26:59,372 DEBUG      location-reject (no-signal): Data Analyst - Careers | https://careers-araglegal.icims.com/jobs/2513/data-analyst/job
2026-04-13 23:26:59,372 DEBUG      title-reject ('senior'): Senior Staff Applied Scientist, AI/ML in Remote | Careers
2026-04-13 23:26:59,374 DEBUG      title-reject ('senior'): Senior AI Engineer in Richardson, Texas | Careers
2026-04-13 23:26:59,374 DEBUG      title-reject ('mid-level'): Mid-level AI/ML Engineer in | Careers
2026-04-13 23:26:59,374 DEBUG      title-reject ('principal'): Principal AI Engineer in Sterling, Virginia - Job Listings
2026-04-13 23:26:59,377 DEBUG      location-reject (no-signal): Technical Advisor, Artificial Intelligence (AI) Engineer in  | https://careers-chai.icims.com/jobs/14925/technical-advisor%2C-artificial-intelligence-%28ai%29-engineer/job
2026-04-13 23:26:59,377 DEBUG      title-reject ('senior'): Senior AI Engineer in Remote | Careers
2026-04-13 23:26:59,377 DEBUG      location-reject (no-signal): Data Scientist Job Description | https://breezy.hr/resources/job-descriptions/data-scientist
2026-04-13 23:26:59,379 DEBUG      location-reject (no-signal): Data Scientist | https://vianai-systems.breezy.hr/p/2709786e7a57-data-scientist/apply
2026-04-13 23:26:59,380 DEBUG      title-reject ('manager'): Data Scientist / Manager
2026-04-13 23:26:59,380 DEBUG      location-reject (no-signal): Data Scientist | https://evidencecare.breezy.hr/p/efcbba7aa641-data-scientist
2026-04-13 23:26:59,380 DEBUG      location-reject (no-signal): Data Scientist | https://marketview-education-technology.breezy.hr/p/c3997a24a5f1-data-scientist
2026-04-13 23:26:59,380 DEBUG      title-reject ('lead'): Lead Data Scientist, Computational Biology & Imaging
2026-04-13 23:26:59,380 DEBUG      location-reject (no-signal): Data Scientist | https://ninjaholdings.breezy.hr/p/5c3bc4e2cf1f-data-scientist
2026-04-13 23:26:59,381 DEBUG      location-reject (no-signal): Data Scientist | https://lufco.breezy.hr/p/e90a7ee41e91-data-scientist
2026-04-13 23:26:59,381 DEBUG      location-reject (no-signal): Machine Learning Engineer Interview Questions | https://breezy.hr/resources/interview-questions/machine-learning-engineer
2026-04-13 23:26:59,381 DEBUG      location-reject (no-signal): Data Science/Machine Learning Engineer (Remote, Continental  | https://international-consulting-associates-inc.breezy.hr/p/3bcd9a1d7356-data-science-machine-learning-engineer-remote-continental-united-states
2026-04-13 23:26:59,381 DEBUG      location-reject (no-signal): Machine Learning Engineer | https://givzey.breezy.hr/p/199d76bf2904-machine-learning-engineer/apply
2026-04-13 23:26:59,381 DEBUG      title-reject ('principal'): Principal Machine Learning Engineer 2026
2026-04-13 23:26:59,384 DEBUG      location-reject (no-signal): Machine Learning Engineer | https://givzey.breezy.hr/p/199d76bf2904-machine-learning-engineer
2026-04-13 23:26:59,384 DEBUG      location-reject (no-signal): Machine Learning Engineer | https://exsquaredlatam.breezy.hr/p/c91237d0a397-machine-learning-engineer
2026-04-13 23:26:59,384 DEBUG      title-reject ('lead'): Lead Machine Learning Engineer 2026- US, UK, COL
2026-04-13 23:26:59,384 DEBUG      location-reject (no-signal): Machine Learning Engineer | https://kredivo-group.breezy.hr/p/f2c6755dea7b-machine-learning-engineer
2026-04-13 23:26:59,384 DEBUG      location-reject (no-signal): Data Analyst Job Description | https://breezy.hr/resources/job-descriptions/data-analyst
2026-04-13 23:26:59,385 DEBUG      location-reject (no-signal): Data Analyst Interview Questions | https://breezy.hr/resources/interview-questions/data-analyst
2026-04-13 23:26:59,385 DEBUG      title-reject ('senior'): Senior Data Analyst
2026-04-13 23:26:59,385 DEBUG      location-reject (no-signal): Data Analyst (PowerBI Developer) | https://inallmedia-llc.breezy.hr/p/e91d7e549d84-data-analyst-powerbi-developer
2026-04-13 23:26:59,385 DEBUG      location-reject (no-signal): Join Our Talent Pool: Media Data Analyst | https://idea-peddler.breezy.hr/p/17dfcdfbc516-join-our-talent-pool-media-data-analyst
2026-04-13 23:26:59,385 DEBUG      title-reject ('senior'): Senior Data Analyst, Clinical & Commercial Analytics
2026-04-13 23:26:59,385 DEBUG      location-reject (no-signal): Data Analyst | https://zantech-it.breezy.hr/p/54461d31a721-data-analyst
2026-04-13 23:26:59,385 DEBUG      title-reject ('senior'): Senior Data Analyst
2026-04-13 23:26:59,385 DEBUG      location-reject (no-signal): Data Analyst (Remote) | https://oxchain-inc.breezy.hr/p/62545690ec02-data-analyst-remote
2026-04-13 23:26:59,387 DEBUG      title-reject ('senior'): Senior Applied Scientist: Multimodal AI and Video Intelligence (PhD ...
2026-04-13 23:26:59,387 DEBUG      location-reject (no-signal): Applied Scientist | https://urbantz.breezy.hr/p/07b6d0c2c3d5-applied-scientist-last-mile-delivery-optimization
2026-04-13 23:26:59,388 DEBUG      title-reject ('principal'): Principal Applied Scientist
2026-04-13 23:26:59,390 DEBUG      location-reject (no-signal): Applied Scientist | https://urbantz.breezy.hr/p/07b6d0c2c3d5-applied-data-scientist/apply
2026-04-13 23:26:59,393 DEBUG      location-reject (non-US): AI Engineer | https://datamaxis.breezy.hr/p/a44b91b40761-ai-engineer
2026-04-13 23:26:59,393 DEBUG      location-reject (no-signal): AI Engineer (Platform) | https://nplan.breezy.hr/p/9e31c91c6c69-ai-engineer-platform
2026-04-13 23:26:59,393 DEBUG      location-reject (no-signal): Full Stack AI Engineer | https://cardahealth.breezy.hr/p/95e9f2e27554-full-stack-ai-engineer
2026-04-13 23:26:59,393 DEBUG      title-reject ('senior'): Senior AI Engineer - Israel
2026-04-13 23:26:59,393 DEBUG      location-reject (no-signal): AI Engineer | https://atlas-technica.breezy.hr/p/0e3a36fa3b9e-ai-engineer
2026-04-13 23:26:59,393 DEBUG      location-reject (no-signal): AI Engineer | https://astral-insights.breezy.hr/p/fc7f9dcc8f77-ai-engineer
2026-04-13 23:26:59,395 DEBUG      location-reject (no-signal): Data Scientist job description | https://resources.workable.com/data-scientist-job-description
2026-04-13 23:26:59,395 DEBUG      location-reject (no-signal): Data Analyst vs. Data Scientist: What's the difference? | https://resources.workable.com/hr-terms/data-analyst-vs-data-scientist
2026-04-13 23:26:59,395 DEBUG      location-reject (no-signal): Remote Data Scientist Jobs | https://jobs.workable.com/search/global/remote-data-scientist-jobs
2026-04-13 23:26:59,395 DEBUG      title-reject ('lead'): Lead Data Scientist interview questions and answers
2026-04-13 23:26:59,395 DEBUG      location-reject (no-signal): Data Scientist/Machine Learning Engineer | https://apply.workable.com/sumble-inc/j/484B6B7538
2026-04-13 23:26:59,395 DEBUG      location-reject (no-signal): Associate Data Scientist (W) | https://apply.workable.com/v4c/j/5ECD7A5EAB
2026-04-13 23:26:59,395 DEBUG      location-reject (no-signal): Data Scientist | https://jobs.workable.com/search/global/data-scientist-jobs
2026-04-13 23:26:59,395 DEBUG      location-reject (no-signal): Data Scientist/Machine Learning Engineer | https://apply.workable.com/cathexis/j/E6AAC49FB4
2026-04-13 23:26:59,395 DEBUG      title-reject ('staff'): Staff Data Scientist
2026-04-13 23:26:59,395 DEBUG      location-reject (non-US): Data Scientist | https://apply.workable.com/costello-medical/j/7369226E95
2026-04-13 23:26:59,396 DEBUG      location-reject (no-signal): Machine Learning Engineer job description | https://resources.workable.com/machine-learning-engineer-job-description
2026-04-13 23:26:59,396 DEBUG      location-reject (no-signal): Machine Learning Engineer | https://apply.workable.com/k1x/j/F5FD928F5E
2026-04-13 23:26:59,396 DEBUG      location-reject (no-signal): Open-Source Machine Learning Engineer | https://apply.workable.com/huggingface/j/56232F23CB
2026-04-13 23:26:59,396 DEBUG      title-reject ('senior'): Senior AI/Machine Learning Engineer
2026-04-13 23:26:59,399 DEBUG      location-reject (no-signal): Machine Learning Engineer | https://apply.workable.com/winnow/j/9AE4C82D49
2026-04-13 23:26:59,399 DEBUG      title-reject ('staff'): AI Staff Machine Learning Engineer, General AI, ML & Big Data
2026-04-13 23:26:59,399 DEBUG      location-reject (no-signal): Machine Learning Engineer | https://apply.workable.com/fuku/j/3E76FB3399
2026-04-13 23:26:59,399 DEBUG      location-reject (no-signal): Data Analyst Job Description [+2024 TEMPLATE] | https://resources.workable.com/data-analyst-job-description
2026-04-13 23:26:59,400 DEBUG      location-reject (no-signal): Remote Data Analyst Jobs | https://jobs.workable.com/search/global/remote-data-analyst-jobs
2026-04-13 23:26:59,400 DEBUG      title-reject ('senior'): Senior Data Analyst
2026-04-13 23:26:59,401 DEBUG      title-reject ('senior'): Senior Product Data Analyst
2026-04-13 23:26:59,402 DEBUG      location-reject (no-signal): Data Analyst | Middle Seat | https://jobs.workable.com/view/qYGjmiiCFJAHT7jYffDJXx/remote-data-analyst-in-united-states-at-middle-seat
2026-04-13 23:26:59,402 DEBUG      location-reject (no-signal): Data Analyst: Multiple Teams (Remote) | https://apply.workable.com/constructor-1/j/E733A13253
2026-04-13 23:26:59,402 DEBUG      location-reject (no-signal): Data Analyst | https://apply.workable.com/the-logical-answer/j/EC6A15CCAF
2026-04-13 23:26:59,402 DEBUG      title-reject ('senior'): Senior/Lead ML Applied Scientist
2026-04-13 23:26:59,402 DEBUG      location-reject (no-signal): Applied Scientist | https://apply.workable.com/usealbatross/j/36759C0FC1
2026-04-13 23:26:59,402 DEBUG      location-reject (non-US): Founding Applied Scientist | Weekday AI | https://jobs.workable.com/view/8EVBpdzYnwhSNHsZuXwWcZ/founding-applied-scientist-in-bengaluru-at-weekday-ai
2026-04-13 23:26:59,402 DEBUG      location-reject (no-signal): Founding Applied Scientist | https://apply.workable.com/weekday-1/j/3E8A9150F8
2026-04-13 23:26:59,403 DEBUG      title-reject ('senior'): Staff/Senior Applied Scientist
2026-04-13 23:26:59,403 DEBUG      title-reject ('senior'): Senior/Lead ML Applied Scientist
2026-04-13 23:26:59,403 DEBUG      title-reject ('staff'): Lead Machine Learning Engineer / Staff Applied Scientist
2026-04-13 23:26:59,403 DEBUG      location-reject (no-signal): AI ML Engineer | https://apply.workable.com/flatgigs/j/B006B7D413
2026-04-13 23:26:59,403 DEBUG      title-reject ('senior'): Senior NLP Applied Scientist | Dyania Health
2026-04-13 23:26:59,403 DEBUG      location-reject (no-signal): AI Engineer job description | https://resources.workable.com/ai-engineer-job-description
2026-04-13 23:26:59,404 DEBUG      location-reject (no-signal): AI Engineer | PRODYNA | https://jobs.workable.com/view/5xgmWPBGALfPq3mD1wcrYB/hybrid-ai-engineer-in-athens-at-prodyna
2026-04-13 23:26:59,404 DEBUG      location-reject (no-signal): AI Engineer / Machine Learning Engineer | https://apply.workable.com/smartassets/j/1FE5187A8E
2026-04-13 23:26:59,404 DEBUG      location-reject (no-signal): Artificial Intelligence (AI) Engineers | https://apply.workable.com/getsubstance/j/587184A15D
2026-04-13 23:26:59,404 DEBUG      location-reject (no-signal): AI Engineer | https://apply.workable.com/euronet/j/67806E73F9
2026-04-13 23:26:59,404 DEBUG      title-reject ('architect'): AI Engineer (Solutions Architect + Applied AI)
2026-04-13 23:26:59,404 DEBUG      location-reject (no-signal): AI Engineer | https://apply.workable.com/deeplight/j/86F4823B1B
2026-04-13 23:26:59,404 DEBUG      location-reject (no-signal): Applied AI Engineer | https://apply.workable.com/fuseenergy/j/64F3A20A10
2026-04-13 23:26:59,404 DEBUG      location-reject (no-signal): Data/AI Engineer | https://apply.workable.com/sandpiper-productions/j/D71FDB6BE9
2026-04-13 23:26:59,404 DEBUG      location-reject (no-signal): AI Engineer | https://jobs.workable.com/view/2e6kCgKWXUs6uEiDJEQAZW/ai-engineer-in-annapolis-junction-at-interimage
2026-04-13 23:26:59,404 INFO     Filter stats — date:0 title:230 location:197 sponsor:0 exp:0 seen:0 score:3
2026-04-13 23:26:59,404 INFO     New matches to send: 50
2026-04-13 23:27:00,906 INFO     (dry-run) skipping state save and DB writes
2026-04-13 23:27:00,906 INFO     ═══ Run Summary ═══
2026-04-13 23:27:00,906 INFO       Serper raw results:    547
2026-04-13 23:27:00,907 INFO       After URL dedup:       490
2026-04-13 23:27:00,907 INFO       Dropped — date:        0
2026-04-13 23:27:00,907 INFO       Dropped — title:       230
2026-04-13 23:27:00,907 INFO       Dropped — location:    197  (US filter)
2026-04-13 23:27:00,907 INFO       Dropped — sponsorship: 0
2026-04-13 23:27:00,907 INFO       Dropped — experience:  0
2026-04-13 23:27:00,907 INFO       Dropped — seen in DB:  0
2026-04-13 23:27:00,907 INFO       Dropped — low score:   3
2026-04-13 23:27:00,907 INFO       Sent to Telegram:      50
2026-04-13 23:27:00,907 INFO       DB size (before/after): 0 / 0
2026-04-13 23:27:00,907 INFO     ═══ Done ═══
2026-04-14 14:43:43,319 INFO     ═══ Job Scout v5 starting ═══
2026-04-14 14:43:43,322 INFO     Resume loaded (4024 chars)
2026-04-14 14:43:43,330 INFO     DB contains 0 seen jobs
2026-04-14 14:43:43,330 INFO     Fetching jobs posted since: 2026-04-13 21:38 UTC
2026-04-14 14:43:43,330 INFO     [Serper] Querying 12 ATS domains
2026-04-14 14:43:50,933 INFO       Serper Greenhouse (boards.greenhouse.io): 42 total results
2026-04-14 14:43:59,962 INFO       Serper Lever (jobs.lever.co): 50 total results
2026-04-14 14:44:07,958 INFO       Serper Ashby (jobs.ashbyhq.com): 50 total results
2026-04-14 14:44:16,468 INFO       Serper Workday (myworkdayjobs.com): 50 total results
2026-04-14 14:44:23,909 INFO       Serper SmartRecruiters (jobs.smartrecruiters.com): 50 total results
2026-04-14 14:44:31,217 INFO       Serper Jobvite (jobs.jobvite.com): 40 total results
2026-04-14 14:44:39,273 INFO       Serper JazzHR (applytojob.com): 40 total results
2026-04-14 14:44:47,555 INFO       Serper Taleo (taleo.net): 40 total results
2026-04-14 14:44:57,163 INFO       Serper iCIMS (icims.com): 41 total results
2026-04-14 14:45:05,978 INFO       Serper ADP (workforcenow.adp.com): 42 total results
2026-04-14 14:45:13,484 INFO       Serper Breezy (breezy.hr): 50 total results
2026-04-14 14:45:21,447 INFO       Serper Workable (workable.com): 50 total results
2026-04-14 14:45:22,448 INFO     [Serper] Total parsed: 545
2026-04-14 14:45:22,448 INFO     Total jobs before filtering: 545
2026-04-14 14:45:22,449 INFO     After dedup: 486 unique (59 collisions)
2026-04-14 14:45:22,768 INFO     Filter stats — date:0 title:218 location:207 sponsor:0 exp:2 seen:0 score:3
2026-04-14 14:45:22,768 INFO     New matches to send: 50
2026-04-14 14:45:25,570 INFO     State saved → /home/omkar/job_scout_v4/last_run.json
2026-04-14 14:45:25,570 INFO     ═══ Run Summary ═══
2026-04-14 14:45:25,571 INFO       Serper raw results:    545
2026-04-14 14:45:25,571 INFO       After URL dedup:       486
2026-04-14 14:45:25,571 INFO       Dropped — date:        0
2026-04-14 14:45:25,571 INFO       Dropped — title:       218
2026-04-14 14:45:25,571 INFO       Dropped — location:    207  (US filter)
2026-04-14 14:45:25,571 INFO       Dropped — sponsorship: 0
2026-04-14 14:45:25,571 INFO       Dropped — experience:  2
2026-04-14 14:45:25,571 INFO       Dropped — seen in DB:  0
2026-04-14 14:45:25,571 INFO       Dropped — low score:   3
2026-04-14 14:45:25,571 INFO       Sent to Telegram:      50
2026-04-14 14:45:25,571 INFO       DB size (before/after): 0 / 56
2026-04-14 14:45:25,571 INFO     ═══ Done ═══
2026-04-15 16:54:05,460 INFO     ═══ Job Scout v5 starting ═══
2026-04-15 16:54:05,460 INFO     ═══ Job Scout v5 starting ═══
2026-04-15 16:54:05,463 INFO     Resume loaded (4024 chars)
2026-04-15 16:54:05,463 INFO     Resume loaded (4024 chars)
2026-04-15 16:54:05,471 INFO     DB contains 56 seen jobs
2026-04-15 16:54:05,471 INFO     DB contains 56 seen jobs
2026-04-15 16:54:05,471 INFO     Fetching jobs posted since: 2026-04-14 14:45 UTC
2026-04-15 16:54:05,471 INFO     Fetching jobs posted since: 2026-04-14 14:45 UTC
2026-04-15 16:54:05,471 INFO     [Serper] Querying 12 ATS domains
2026-04-15 16:54:05,471 INFO     [Serper] Querying 12 ATS domains
2026-04-15 16:54:12,101 INFO       Serper Greenhouse (boards.greenhouse.io): 42 total results
2026-04-15 16:54:12,101 INFO       Serper Greenhouse (boards.greenhouse.io): 42 total results
2026-04-15 16:54:19,803 INFO       Serper Lever (jobs.lever.co): 50 total results
2026-04-15 16:54:19,803 INFO       Serper Lever (jobs.lever.co): 50 total results
2026-04-15 16:54:27,720 INFO       Serper Ashby (jobs.ashbyhq.com): 50 total results
2026-04-15 16:54:27,720 INFO       Serper Ashby (jobs.ashbyhq.com): 50 total results
2026-04-15 16:54:36,222 INFO       Serper Workday (myworkdayjobs.com): 50 total results
2026-04-15 16:54:36,222 INFO       Serper Workday (myworkdayjobs.com): 50 total results
2026-04-15 16:54:43,688 INFO       Serper SmartRecruiters (jobs.smartrecruiters.com): 49 total results
2026-04-15 16:54:43,688 INFO       Serper SmartRecruiters (jobs.smartrecruiters.com): 49 total results
2026-04-15 16:54:52,430 INFO       Serper Jobvite (jobs.jobvite.com): 40 total results
2026-04-15 16:54:52,430 INFO       Serper Jobvite (jobs.jobvite.com): 40 total results
2026-04-15 16:55:00,731 INFO       Serper JazzHR (applytojob.com): 40 total results
2026-04-15 16:55:00,731 INFO       Serper JazzHR (applytojob.com): 40 total results
2026-04-15 16:55:03,421 INFO     ═══ Job Scout v5 starting ═══
2026-04-15 16:55:03,421 INFO     ═══ Job Scout v5 starting ═══
2026-04-15 16:55:03,422 INFO     Resume loaded (4024 chars)
2026-04-15 16:55:03,422 INFO     Resume loaded (4024 chars)
2026-04-15 16:55:03,427 INFO     DB contains 56 seen jobs
2026-04-15 16:55:03,427 INFO     DB contains 56 seen jobs
2026-04-15 16:55:03,427 INFO     Fetching jobs posted since: 2026-04-14 14:45 UTC
2026-04-15 16:55:03,427 INFO     Fetching jobs posted since: 2026-04-14 14:45 UTC
2026-04-15 16:55:03,427 INFO     [Serper] Querying 12 ATS domains
2026-04-15 16:55:03,427 INFO     [Serper] Querying 12 ATS domains
2026-04-15 16:55:08,615 INFO       Serper Taleo (taleo.net): 41 total results
2026-04-15 16:55:08,615 INFO       Serper Taleo (taleo.net): 41 total results
2026-04-15 16:55:09,164 INFO       Serper Greenhouse (boards.greenhouse.io): 42 total results
2026-04-15 16:55:09,164 INFO       Serper Greenhouse (boards.greenhouse.io): 42 total results
2026-04-15 16:55:16,498 INFO       Serper iCIMS (icims.com): 42 total results
2026-04-15 16:55:16,498 INFO       Serper iCIMS (icims.com): 42 total results
2026-04-15 16:55:16,557 INFO       Serper Lever (jobs.lever.co): 50 total results
2026-04-15 16:55:16,557 INFO       Serper Lever (jobs.lever.co): 50 total results
2026-04-15 16:55:23,812 INFO       Serper ADP (workforcenow.adp.com): 42 total results
2026-04-15 16:55:23,812 INFO       Serper ADP (workforcenow.adp.com): 42 total results
2026-04-15 16:55:24,595 INFO       Serper Ashby (jobs.ashbyhq.com): 50 total results
2026-04-15 16:55:24,595 INFO       Serper Ashby (jobs.ashbyhq.com): 50 total results
2026-04-15 16:55:31,589 INFO       Serper Breezy (breezy.hr): 50 total results
2026-04-15 16:55:31,589 INFO       Serper Breezy (breezy.hr): 50 total results
2026-04-15 16:55:32,489 INFO       Serper Workday (myworkdayjobs.com): 50 total results
2026-04-15 16:55:32,489 INFO       Serper Workday (myworkdayjobs.com): 50 total results
2026-04-15 16:55:39,720 INFO       Serper SmartRecruiters (jobs.smartrecruiters.com): 49 total results
2026-04-15 16:55:39,720 INFO       Serper SmartRecruiters (jobs.smartrecruiters.com): 49 total results
2026-04-15 16:55:40,482 INFO       Serper Workable (workable.com): 50 total results
2026-04-15 16:55:40,482 INFO       Serper Workable (workable.com): 50 total results
2026-04-15 16:55:41,483 INFO     [Serper] Total parsed: 546
2026-04-15 16:55:41,483 INFO     [Serper] Total parsed: 546
2026-04-15 16:55:41,484 INFO     Total jobs before filtering: 546
2026-04-15 16:55:41,484 INFO     Total jobs before filtering: 546
2026-04-15 16:55:41,484 INFO     After dedup: 493 unique (53 collisions)
2026-04-15 16:55:41,484 INFO     After dedup: 493 unique (53 collisions)
2026-04-15 16:55:41,610 INFO     Filter stats — date:0 title:227 location:198 sponsor:0 exp:0 seen:40 score:3
2026-04-15 16:55:41,610 INFO     Filter stats — date:0 title:227 location:198 sponsor:0 exp:0 seen:40 score:3
2026-04-15 16:55:41,610 INFO     New matches to send: 25
2026-04-15 16:55:41,610 INFO     New matches to send: 25
2026-04-15 16:55:43,427 INFO     State saved → /home/omkar/job_scout_v4/last_run.json
2026-04-15 16:55:43,427 INFO     State saved → /home/omkar/job_scout_v4/last_run.json
2026-04-15 16:55:43,428 INFO     ═══ Run Summary ═══
2026-04-15 16:55:43,428 INFO     ═══ Run Summary ═══
2026-04-15 16:55:43,428 INFO       Serper raw results:    546
2026-04-15 16:55:43,428 INFO       Serper raw results:    546
2026-04-15 16:55:43,428 INFO       After URL dedup:       493
2026-04-15 16:55:43,428 INFO       After URL dedup:       493
2026-04-15 16:55:43,428 INFO       Dropped — date:        0
2026-04-15 16:55:43,428 INFO       Dropped — date:        0
2026-04-15 16:55:43,428 INFO       Dropped — title:       227
2026-04-15 16:55:43,428 INFO       Dropped — title:       227
2026-04-15 16:55:43,428 INFO       Dropped — location:    198  (US filter)
2026-04-15 16:55:43,428 INFO       Dropped — location:    198  (US filter)
2026-04-15 16:55:43,428 INFO       Dropped — sponsorship: 0
2026-04-15 16:55:43,428 INFO       Dropped — sponsorship: 0
2026-04-15 16:55:43,428 INFO       Dropped — experience:  0
2026-04-15 16:55:43,428 INFO       Dropped — experience:  0
2026-04-15 16:55:43,428 INFO       Dropped — seen in DB:  40
2026-04-15 16:55:43,428 INFO       Dropped — seen in DB:  40
2026-04-15 16:55:43,428 INFO       Dropped — low score:   3
2026-04-15 16:55:43,428 INFO       Dropped — low score:   3
2026-04-15 16:55:43,428 INFO       Sent to Telegram:      25
2026-04-15 16:55:43,428 INFO       Sent to Telegram:      25
2026-04-15 16:55:43,428 INFO       DB size (before/after): 56 / 81
2026-04-15 16:55:43,428 INFO       DB size (before/after): 56 / 81
2026-04-15 16:55:43,428 INFO     ═══ Done ═══
2026-04-15 16:55:43,428 INFO     ═══ Done ═══
2026-04-15 16:55:47,358 INFO       Serper Jobvite (jobs.jobvite.com): 40 total results
2026-04-15 16:55:47,358 INFO       Serper Jobvite (jobs.jobvite.com): 40 total results
2026-04-15 16:55:55,263 INFO       Serper JazzHR (applytojob.com): 40 total results
2026-04-15 16:55:55,263 INFO       Serper JazzHR (applytojob.com): 40 total results
2026-04-15 16:56:02,621 INFO       Serper Taleo (taleo.net): 41 total results
2026-04-15 16:56:02,621 INFO       Serper Taleo (taleo.net): 41 total results
2026-04-15 16:56:02,768 INFO     ═══ Job Scout v5 starting ═══
2026-04-15 16:56:02,768 INFO     ═══ Job Scout v5 starting ═══
2026-04-15 16:56:02,769 INFO     Resume loaded (4024 chars)
2026-04-15 16:56:02,769 INFO     Resume loaded (4024 chars)
2026-04-15 16:56:02,773 INFO     DB contains 81 seen jobs
2026-04-15 16:56:02,773 INFO     DB contains 81 seen jobs
2026-04-15 16:56:02,773 INFO     Fetching jobs posted since: 2026-04-15 16:55 UTC
2026-04-15 16:56:02,773 INFO     Fetching jobs posted since: 2026-04-15 16:55 UTC
2026-04-15 16:56:02,773 INFO     [Serper] Querying 12 ATS domains
2026-04-15 16:56:02,773 INFO     [Serper] Querying 12 ATS domains
2026-04-15 16:56:09,221 INFO       Serper Greenhouse (boards.greenhouse.io): 42 total results
2026-04-15 16:56:09,221 INFO       Serper Greenhouse (boards.greenhouse.io): 42 total results
2026-04-15 16:56:10,085 INFO       Serper iCIMS (icims.com): 42 total results
2026-04-15 16:56:10,085 INFO       Serper iCIMS (icims.com): 42 total results
2026-04-15 16:56:17,069 INFO       Serper ADP (workforcenow.adp.com): 42 total results
2026-04-15 16:56:17,069 INFO       Serper ADP (workforcenow.adp.com): 42 total results
2026-04-15 16:56:17,666 INFO       Serper Lever (jobs.lever.co): 50 total results
2026-04-15 16:56:17,666 INFO       Serper Lever (jobs.lever.co): 50 total results
2026-04-15 16:56:24,689 INFO       Serper Breezy (breezy.hr): 50 total results
2026-04-15 16:56:24,689 INFO       Serper Breezy (breezy.hr): 50 total results
2026-04-15 16:56:25,257 INFO       Serper Ashby (jobs.ashbyhq.com): 50 total results
2026-04-15 16:56:25,257 INFO       Serper Ashby (jobs.ashbyhq.com): 50 total results
2026-04-15 16:56:32,671 INFO       Serper Workable (workable.com): 50 total results
2026-04-15 16:56:32,671 INFO       Serper Workable (workable.com): 50 total results
2026-04-15 16:56:33,025 INFO       Serper Workday (myworkdayjobs.com): 50 total results
2026-04-15 16:56:33,025 INFO       Serper Workday (myworkdayjobs.com): 50 total results
2026-04-15 16:56:33,673 INFO     [Serper] Total parsed: 546
2026-04-15 16:56:33,673 INFO     [Serper] Total parsed: 546
2026-04-15 16:56:33,673 INFO     Total jobs before filtering: 546
2026-04-15 16:56:33,673 INFO     Total jobs before filtering: 546
2026-04-15 16:56:33,673 INFO     After dedup: 489 unique (57 collisions)
2026-04-15 16:56:33,673 INFO     After dedup: 489 unique (57 collisions)
2026-04-15 16:56:33,728 INFO     Filter stats — date:0 title:224 location:199 sponsor:0 exp:0 seen:54 score:3
2026-04-15 16:56:33,728 INFO     Filter stats — date:0 title:224 location:199 sponsor:0 exp:0 seen:54 score:3
2026-04-15 16:56:33,728 INFO     New matches to send: 9
2026-04-15 16:56:33,728 INFO     New matches to send: 9
2026-04-15 16:56:34,634 INFO     State saved → /home/omkar/job_scout_v4/last_run.json
2026-04-15 16:56:34,634 INFO     State saved → /home/omkar/job_scout_v4/last_run.json
2026-04-15 16:56:34,635 INFO     ═══ Run Summary ═══
2026-04-15 16:56:34,635 INFO     ═══ Run Summary ═══
2026-04-15 16:56:34,635 INFO       Serper raw results:    546
2026-04-15 16:56:34,635 INFO       Serper raw results:    546
2026-04-15 16:56:34,635 INFO       After URL dedup:       489
2026-04-15 16:56:34,635 INFO       After URL dedup:       489
2026-04-15 16:56:34,635 INFO       Dropped — date:        0
2026-04-15 16:56:34,635 INFO       Dropped — date:        0
2026-04-15 16:56:34,635 INFO       Dropped — title:       224
2026-04-15 16:56:34,635 INFO       Dropped — title:       224
2026-04-15 16:56:34,635 INFO       Dropped — location:    199  (US filter)
2026-04-15 16:56:34,635 INFO       Dropped — location:    199  (US filter)
2026-04-15 16:56:34,635 INFO       Dropped — sponsorship: 0
2026-04-15 16:56:34,635 INFO       Dropped — sponsorship: 0
2026-04-15 16:56:34,635 INFO       Dropped — experience:  0
2026-04-15 16:56:34,635 INFO       Dropped — experience:  0
2026-04-15 16:56:34,635 INFO       Dropped — seen in DB:  54
2026-04-15 16:56:34,635 INFO       Dropped — seen in DB:  54
2026-04-15 16:56:34,635 INFO       Dropped — low score:   3
2026-04-15 16:56:34,635 INFO       Dropped — low score:   3
2026-04-15 16:56:34,635 INFO       Sent to Telegram:      9
2026-04-15 16:56:34,635 INFO       Sent to Telegram:      9
2026-04-15 16:56:34,636 INFO       DB size (before/after): 56 / 90
2026-04-15 16:56:34,636 INFO       DB size (before/after): 56 / 90
2026-04-15 16:56:34,636 INFO     ═══ Done ═══
2026-04-15 16:56:34,636 INFO     ═══ Done ═══
2026-04-15 16:56:40,193 INFO       Serper SmartRecruiters (jobs.smartrecruiters.com): 49 total results
2026-04-15 16:56:40,193 INFO       Serper SmartRecruiters (jobs.smartrecruiters.com): 49 total results
2026-04-15 16:56:47,612 INFO       Serper Jobvite (jobs.jobvite.com): 40 total results
2026-04-15 16:56:47,612 INFO       Serper Jobvite (jobs.jobvite.com): 40 total results
2026-04-15 16:56:55,122 INFO       Serper JazzHR (applytojob.com): 40 total results
2026-04-15 16:56:55,122 INFO       Serper JazzHR (applytojob.com): 40 total results
2026-04-15 16:57:02,413 INFO       Serper Taleo (taleo.net): 41 total results
2026-04-15 16:57:02,413 INFO       Serper Taleo (taleo.net): 41 total results
2026-04-15 16:57:03,268 INFO     ═══ Job Scout v5 starting ═══
2026-04-15 16:57:03,268 INFO     ═══ Job Scout v5 starting ═══
2026-04-15 16:57:03,269 INFO     Resume loaded (4024 chars)
2026-04-15 16:57:03,269 INFO     Resume loaded (4024 chars)
2026-04-15 16:57:03,273 INFO     DB contains 90 seen jobs
2026-04-15 16:57:03,273 INFO     DB contains 90 seen jobs
2026-04-15 16:57:03,274 INFO     Fetching jobs posted since: 2026-04-15 16:56 UTC
2026-04-15 16:57:03,274 INFO     Fetching jobs posted since: 2026-04-15 16:56 UTC
2026-04-15 16:57:03,274 INFO     [Serper] Querying 12 ATS domains
2026-04-15 16:57:03,274 INFO     [Serper] Querying 12 ATS domains
2026-04-15 16:57:09,996 INFO       Serper Greenhouse (boards.greenhouse.io): 42 total results
2026-04-15 16:57:09,996 INFO       Serper Greenhouse (boards.greenhouse.io): 42 total results
2026-04-15 16:57:11,457 INFO       Serper iCIMS (icims.com): 42 total results
2026-04-15 16:57:11,457 INFO       Serper iCIMS (icims.com): 42 total results
2026-04-15 16:57:16,702 INFO       Serper Lever (jobs.lever.co): 50 total results
2026-04-15 16:57:16,702 INFO       Serper Lever (jobs.lever.co): 50 total results
2026-04-15 16:57:18,447 INFO       Serper ADP (workforcenow.adp.com): 42 total results
2026-04-15 16:57:18,447 INFO       Serper ADP (workforcenow.adp.com): 42 total results
2026-04-15 16:57:23,854 INFO       Serper Ashby (jobs.ashbyhq.com): 50 total results
2026-04-15 16:57:23,854 INFO       Serper Ashby (jobs.ashbyhq.com): 50 total results
2026-04-15 16:57:25,419 INFO       Serper Breezy (breezy.hr): 50 total results
2026-04-15 16:57:25,419 INFO       Serper Breezy (breezy.hr): 50 total results
2026-04-15 16:57:30,680 INFO       Serper Workday (myworkdayjobs.com): 50 total results
2026-04-15 16:57:30,680 INFO       Serper Workday (myworkdayjobs.com): 50 total results
2026-04-15 16:57:32,726 INFO       Serper Workable (workable.com): 50 total results
2026-04-15 16:57:32,726 INFO       Serper Workable (workable.com): 50 total results
2026-04-15 16:57:33,727 INFO     [Serper] Total parsed: 546
2026-04-15 16:57:33,727 INFO     [Serper] Total parsed: 546
2026-04-15 16:57:33,728 INFO     Total jobs before filtering: 546
2026-04-15 16:57:33,728 INFO     Total jobs before filtering: 546
2026-04-15 16:57:33,728 INFO     After dedup: 490 unique (56 collisions)
2026-04-15 16:57:33,728 INFO     After dedup: 490 unique (56 collisions)
2026-04-15 16:57:33,767 INFO     Filter stats — date:0 title:218 location:211 sponsor:0 exp:0 seen:55 score:3
2026-04-15 16:57:33,767 INFO     Filter stats — date:0 title:218 location:211 sponsor:0 exp:0 seen:55 score:3
2026-04-15 16:57:33,767 INFO     New matches to send: 3
2026-04-15 16:57:33,767 INFO     New matches to send: 3
2026-04-15 16:57:34,678 INFO     State saved → /home/omkar/job_scout_v4/last_run.json
2026-04-15 16:57:34,678 INFO     State saved → /home/omkar/job_scout_v4/last_run.json
2026-04-15 16:57:34,679 INFO     ═══ Run Summary ═══
2026-04-15 16:57:34,679 INFO     ═══ Run Summary ═══
2026-04-15 16:57:34,679 INFO       Serper raw results:    546
2026-04-15 16:57:34,679 INFO       Serper raw results:    546
2026-04-15 16:57:34,679 INFO       After URL dedup:       490
2026-04-15 16:57:34,679 INFO       After URL dedup:       490
2026-04-15 16:57:34,679 INFO       Dropped — date:        0
2026-04-15 16:57:34,679 INFO       Dropped — date:        0
2026-04-15 16:57:34,679 INFO       Dropped — title:       218
2026-04-15 16:57:34,679 INFO       Dropped — title:       218
2026-04-15 16:57:34,679 INFO       Dropped — location:    211  (US filter)
2026-04-15 16:57:34,679 INFO       Dropped — location:    211  (US filter)
2026-04-15 16:57:34,679 INFO       Dropped — sponsorship: 0
2026-04-15 16:57:34,679 INFO       Dropped — sponsorship: 0
2026-04-15 16:57:34,679 INFO       Dropped — experience:  0
2026-04-15 16:57:34,679 INFO       Dropped — experience:  0
2026-04-15 16:57:34,679 INFO       Dropped — seen in DB:  55
2026-04-15 16:57:34,679 INFO       Dropped — seen in DB:  55
2026-04-15 16:57:34,679 INFO       Dropped — low score:   3
2026-04-15 16:57:34,679 INFO       Dropped — low score:   3
2026-04-15 16:57:34,679 INFO       Sent to Telegram:      3
2026-04-15 16:57:34,679 INFO       Sent to Telegram:      3
2026-04-15 16:57:34,679 INFO       DB size (before/after): 81 / 93
2026-04-15 16:57:34,679 INFO       DB size (before/after): 81 / 93
2026-04-15 16:57:34,679 INFO     ═══ Done ═══
2026-04-15 16:57:34,679 INFO     ═══ Done ═══
2026-04-15 16:57:37,842 INFO       Serper SmartRecruiters (jobs.smartrecruiters.com): 49 total results
2026-04-15 16:57:37,842 INFO       Serper SmartRecruiters (jobs.smartrecruiters.com): 49 total results
2026-04-15 16:57:45,279 INFO       Serper Jobvite (jobs.jobvite.com): 40 total results
2026-04-15 16:57:45,279 INFO       Serper Jobvite (jobs.jobvite.com): 40 total results
2026-04-15 16:57:52,248 INFO       Serper JazzHR (applytojob.com): 40 total results
2026-04-15 16:57:52,248 INFO       Serper JazzHR (applytojob.com): 40 total results
2026-04-15 16:58:00,698 INFO       Serper Taleo (taleo.net): 41 total results
2026-04-15 16:58:00,698 INFO       Serper Taleo (taleo.net): 41 total results
2026-04-15 16:58:03,212 INFO     ═══ Job Scout v5 starting ═══
2026-04-15 16:58:03,212 INFO     ═══ Job Scout v5 starting ═══
2026-04-15 16:58:03,213 INFO     Resume loaded (4024 chars)
2026-04-15 16:58:03,213 INFO     Resume loaded (4024 chars)
2026-04-15 16:58:03,217 INFO     DB contains 93 seen jobs
2026-04-15 16:58:03,217 INFO     DB contains 93 seen jobs
2026-04-15 16:58:03,218 INFO     Fetching jobs posted since: 2026-04-15 16:57 UTC
2026-04-15 16:58:03,218 INFO     Fetching jobs posted since: 2026-04-15 16:57 UTC
2026-04-15 16:58:03,218 INFO     [Serper] Querying 12 ATS domains
2026-04-15 16:58:03,218 INFO     [Serper] Querying 12 ATS domains
2026-04-15 16:58:07,919 INFO       Serper iCIMS (icims.com): 42 total results
2026-04-15 16:58:07,919 INFO       Serper iCIMS (icims.com): 42 total results
2026-04-15 16:58:09,458 INFO       Serper Greenhouse (boards.greenhouse.io): 42 total results
2026-04-15 16:58:09,458 INFO       Serper Greenhouse (boards.greenhouse.io): 42 total results
2026-04-15 16:58:15,052 INFO       Serper ADP (workforcenow.adp.com): 42 total results
2026-04-15 16:58:15,052 INFO       Serper ADP (workforcenow.adp.com): 42 total results
2026-04-15 16:58:16,366 INFO       Serper Lever (jobs.lever.co): 50 total results
2026-04-15 16:58:16,366 INFO       Serper Lever (jobs.lever.co): 50 total results
2026-04-15 16:58:22,558 INFO       Serper Breezy (breezy.hr): 50 total results
2026-04-15 16:58:22,558 INFO       Serper Breezy (breezy.hr): 50 total results
2026-04-15 16:58:23,627 INFO       Serper Ashby (jobs.ashbyhq.com): 50 total results
2026-04-15 16:58:23,627 INFO       Serper Ashby (jobs.ashbyhq.com): 50 total results
2026-04-15 16:58:29,314 INFO       Serper Workable (workable.com): 50 total results
2026-04-15 16:58:29,314 INFO       Serper Workable (workable.com): 50 total results
2026-04-15 16:58:30,315 INFO     [Serper] Total parsed: 546
2026-04-15 16:58:30,315 INFO     [Serper] Total parsed: 546
2026-04-15 16:58:30,316 INFO     Total jobs before filtering: 546
2026-04-15 16:58:30,316 INFO     Total jobs before filtering: 546
2026-04-15 16:58:30,316 INFO     After dedup: 486 unique (60 collisions)
2026-04-15 16:58:30,316 INFO     After dedup: 486 unique (60 collisions)
2026-04-15 16:58:30,347 INFO     Filter stats — date:0 title:222 location:199 sponsor:0 exp:0 seen:60 score:3
2026-04-15 16:58:30,347 INFO     Filter stats — date:0 title:222 location:199 sponsor:0 exp:0 seen:60 score:3
2026-04-15 16:58:30,347 INFO     New matches to send: 2
2026-04-15 16:58:30,347 INFO     New matches to send: 2
2026-04-15 16:58:31,244 INFO     State saved → /home/omkar/job_scout_v4/last_run.json
2026-04-15 16:58:31,244 INFO     State saved → /home/omkar/job_scout_v4/last_run.json
2026-04-15 16:58:31,244 INFO     ═══ Run Summary ═══
2026-04-15 16:58:31,244 INFO     ═══ Run Summary ═══
2026-04-15 16:58:31,244 INFO       Serper raw results:    546
2026-04-15 16:58:31,244 INFO       Serper raw results:    546
2026-04-15 16:58:31,244 INFO       After URL dedup:       486
2026-04-15 16:58:31,244 INFO       After URL dedup:       486
2026-04-15 16:58:31,245 INFO       Dropped — date:        0
2026-04-15 16:58:31,245 INFO       Dropped — date:        0
2026-04-15 16:58:31,245 INFO       Dropped — title:       222
2026-04-15 16:58:31,245 INFO       Dropped — title:       222
2026-04-15 16:58:31,245 INFO       Dropped — location:    199  (US filter)
2026-04-15 16:58:31,245 INFO       Dropped — location:    199  (US filter)
2026-04-15 16:58:31,245 INFO       Dropped — sponsorship: 0
2026-04-15 16:58:31,245 INFO       Dropped — sponsorship: 0
2026-04-15 16:58:31,245 INFO       Dropped — experience:  0
2026-04-15 16:58:31,245 INFO       Dropped — experience:  0
2026-04-15 16:58:31,245 INFO       Dropped — seen in DB:  60
2026-04-15 16:58:31,245 INFO       Dropped — seen in DB:  60
2026-04-15 16:58:31,245 INFO       Dropped — low score:   3
2026-04-15 16:58:31,245 INFO       Dropped — low score:   3
2026-04-15 16:58:31,245 INFO       Sent to Telegram:      2
2026-04-15 16:58:31,245 INFO       Sent to Telegram:      2
2026-04-15 16:58:31,245 INFO       DB size (before/after): 90 / 95
2026-04-15 16:58:31,245 INFO       DB size (before/after): 90 / 95
2026-04-15 16:58:31,245 INFO     ═══ Done ═══
2026-04-15 16:58:31,245 INFO     ═══ Done ═══
2026-04-15 16:58:31,253 INFO       Serper Workday (myworkdayjobs.com): 50 total results
2026-04-15 16:58:31,253 INFO       Serper Workday (myworkdayjobs.com): 50 total results
2026-04-15 16:58:38,358 INFO       Serper SmartRecruiters (jobs.smartrecruiters.com): 49 total results
2026-04-15 16:58:38,358 INFO       Serper SmartRecruiters (jobs.smartrecruiters.com): 49 total results
2026-04-15 16:58:45,481 INFO       Serper Jobvite (jobs.jobvite.com): 40 total results
2026-04-15 16:58:45,481 INFO       Serper Jobvite (jobs.jobvite.com): 40 total results
2026-04-15 16:58:52,479 INFO       Serper JazzHR (applytojob.com): 40 total results
2026-04-15 16:58:52,479 INFO       Serper JazzHR (applytojob.com): 40 total results
2026-04-15 16:58:59,611 INFO       Serper Taleo (taleo.net): 41 total results
2026-04-15 16:58:59,611 INFO       Serper Taleo (taleo.net): 41 total results
2026-04-15 16:59:07,576 INFO       Serper iCIMS (icims.com): 42 total results
2026-04-15 16:59:07,576 INFO       Serper iCIMS (icims.com): 42 total results
2026-04-15 16:59:14,566 INFO       Serper ADP (workforcenow.adp.com): 42 total results
2026-04-15 16:59:14,566 INFO       Serper ADP (workforcenow.adp.com): 42 total results
2026-04-15 16:59:22,115 INFO       Serper Breezy (breezy.hr): 50 total results
2026-04-15 16:59:22,115 INFO       Serper Breezy (breezy.hr): 50 total results
2026-04-15 16:59:29,474 INFO       Serper Workable (workable.com): 50 total results
2026-04-15 16:59:29,474 INFO       Serper Workable (workable.com): 50 total results
2026-04-15 16:59:30,475 INFO     [Serper] Total parsed: 546
2026-04-15 16:59:30,475 INFO     [Serper] Total parsed: 546
2026-04-15 16:59:30,475 INFO     Total jobs before filtering: 546
2026-04-15 16:59:30,475 INFO     Total jobs before filtering: 546
2026-04-15 16:59:30,476 INFO     After dedup: 490 unique (56 collisions)
2026-04-15 16:59:30,476 INFO     After dedup: 490 unique (56 collisions)
2026-04-15 16:59:30,517 INFO     Filter stats — date:0 title:219 location:204 sponsor:0 exp:1 seen:58 score:3
2026-04-15 16:59:30,517 INFO     Filter stats — date:0 title:219 location:204 sponsor:0 exp:1 seen:58 score:3
2026-04-15 16:59:30,517 INFO     New matches to send: 5
2026-04-15 16:59:30,517 INFO     New matches to send: 5
2026-04-15 16:59:31,420 INFO     State saved → /home/omkar/job_scout_v4/last_run.json
2026-04-15 16:59:31,420 INFO     State saved → /home/omkar/job_scout_v4/last_run.json
2026-04-15 16:59:31,420 INFO     ═══ Run Summary ═══
2026-04-15 16:59:31,420 INFO     ═══ Run Summary ═══
2026-04-15 16:59:31,420 INFO       Serper raw results:    546
2026-04-15 16:59:31,420 INFO       Serper raw results:    546
2026-04-15 16:59:31,420 INFO       After URL dedup:       490
2026-04-15 16:59:31,420 INFO       After URL dedup:       490
2026-04-15 16:59:31,420 INFO       Dropped — date:        0
2026-04-15 16:59:31,420 INFO       Dropped — date:        0
2026-04-15 16:59:31,420 INFO       Dropped — title:       219
2026-04-15 16:59:31,420 INFO       Dropped — title:       219
2026-04-15 16:59:31,420 INFO       Dropped — location:    204  (US filter)
2026-04-15 16:59:31,420 INFO       Dropped — location:    204  (US filter)
2026-04-15 16:59:31,420 INFO       Dropped — sponsorship: 0
2026-04-15 16:59:31,420 INFO       Dropped — sponsorship: 0
2026-04-15 16:59:31,420 INFO       Dropped — experience:  1
2026-04-15 16:59:31,420 INFO       Dropped — experience:  1
2026-04-15 16:59:31,420 INFO       Dropped — seen in DB:  58
2026-04-15 16:59:31,420 INFO       Dropped — seen in DB:  58
2026-04-15 16:59:31,420 INFO       Dropped — low score:   3
2026-04-15 16:59:31,420 INFO       Dropped — low score:   3
2026-04-15 16:59:31,420 INFO       Sent to Telegram:      5
2026-04-15 16:59:31,420 INFO       Sent to Telegram:      5
2026-04-15 16:59:31,420 INFO       DB size (before/after): 93 / 100
2026-04-15 16:59:31,420 INFO       DB size (before/after): 93 / 100
2026-04-15 16:59:31,420 INFO     ═══ Done ═══
2026-04-15 16:59:31,420 INFO     ═══ Done ═══
2026-04-15 18:46:04,019 INFO     ═══ Job Scout v5 starting ═══
2026-04-15 18:46:04,019 INFO     ═══ Job Scout v5 starting ═══
2026-04-15 18:46:04,021 INFO     Resume loaded (4024 chars)
2026-04-15 18:46:04,021 INFO     Resume loaded (4024 chars)
2026-04-15 18:46:04,029 INFO     DB contains 100 seen jobs
2026-04-15 18:46:04,029 INFO     DB contains 100 seen jobs
2026-04-15 18:46:04,029 INFO     Fetching jobs posted since: 2026-04-15 16:59 UTC
2026-04-15 18:46:04,029 INFO     Fetching jobs posted since: 2026-04-15 16:59 UTC
2026-04-15 18:46:04,029 INFO     [Serper] Querying 12 ATS domains
2026-04-15 18:46:04,029 INFO     [Serper] Querying 12 ATS domains
2026-04-15 18:46:10,254 INFO       Serper Greenhouse (boards.greenhouse.io): 42 total results
2026-04-15 18:46:10,254 INFO       Serper Greenhouse (boards.greenhouse.io): 42 total results
2026-04-15 18:46:17,688 INFO       Serper Lever (jobs.lever.co): 50 total results
2026-04-15 18:46:17,688 INFO       Serper Lever (jobs.lever.co): 50 total results
2026-04-15 18:46:24,695 INFO       Serper Ashby (jobs.ashbyhq.com): 50 total results
2026-04-15 18:46:24,695 INFO       Serper Ashby (jobs.ashbyhq.com): 50 total results
2026-04-15 18:46:32,185 INFO       Serper Workday (myworkdayjobs.com): 50 total results
2026-04-15 18:46:32,185 INFO       Serper Workday (myworkdayjobs.com): 50 total results
2026-04-15 18:46:39,738 INFO       Serper SmartRecruiters (jobs.smartrecruiters.com): 50 total results
2026-04-15 18:46:39,738 INFO       Serper SmartRecruiters (jobs.smartrecruiters.com): 50 total results
2026-04-15 18:46:46,883 INFO       Serper Jobvite (jobs.jobvite.com): 40 total results
2026-04-15 18:46:46,883 INFO       Serper Jobvite (jobs.jobvite.com): 40 total results
2026-04-15 18:46:54,443 INFO       Serper JazzHR (applytojob.com): 40 total results
2026-04-15 18:46:54,443 INFO       Serper JazzHR (applytojob.com): 40 total results
2026-04-15 18:47:01,841 INFO       Serper Taleo (taleo.net): 41 total results
2026-04-15 18:47:01,841 INFO       Serper Taleo (taleo.net): 41 total results
2026-04-15 18:47:03,526 INFO     ═══ Job Scout v5 starting ═══
2026-04-15 18:47:03,526 INFO     ═══ Job Scout v5 starting ═══
2026-04-15 18:47:03,527 INFO     Resume loaded (4024 chars)
2026-04-15 18:47:03,527 INFO     Resume loaded (4024 chars)
2026-04-15 18:47:03,530 INFO     DB contains 100 seen jobs
2026-04-15 18:47:03,530 INFO     DB contains 100 seen jobs
2026-04-15 18:47:03,530 INFO     Fetching jobs posted since: 2026-04-15 16:59 UTC
2026-04-15 18:47:03,530 INFO     Fetching jobs posted since: 2026-04-15 16:59 UTC
2026-04-15 18:47:03,531 INFO     [Serper] Querying 12 ATS domains
2026-04-15 18:47:03,531 INFO     [Serper] Querying 12 ATS domains
2026-04-15 18:47:09,836 INFO       Serper iCIMS (icims.com): 42 total results
2026-04-15 18:47:09,836 INFO       Serper iCIMS (icims.com): 42 total results
2026-04-15 18:47:09,947 INFO       Serper Greenhouse (boards.greenhouse.io): 42 total results
2026-04-15 18:47:09,947 INFO       Serper Greenhouse (boards.greenhouse.io): 42 total results
2026-04-15 18:47:17,178 INFO       Serper Lever (jobs.lever.co): 50 total results
2026-04-15 18:47:17,178 INFO       Serper Lever (jobs.lever.co): 50 total results
2026-04-15 18:47:17,693 INFO       Serper ADP (workforcenow.adp.com): 42 total results
2026-04-15 18:47:17,693 INFO       Serper ADP (workforcenow.adp.com): 42 total results
2026-04-15 18:47:24,240 INFO       Serper Ashby (jobs.ashbyhq.com): 50 total results
2026-04-15 18:47:24,240 INFO       Serper Ashby (jobs.ashbyhq.com): 50 total results
2026-04-15 18:47:24,888 INFO       Serper Breezy (breezy.hr): 50 total results
2026-04-15 18:47:24,888 INFO       Serper Breezy (breezy.hr): 50 total results
2026-04-15 18:47:31,821 INFO       Serper Workday (myworkdayjobs.com): 50 total results
2026-04-15 18:47:31,821 INFO       Serper Workday (myworkdayjobs.com): 50 total results
2026-04-15 18:47:32,046 INFO       Serper Workable (workable.com): 50 total results
2026-04-15 18:47:32,046 INFO       Serper Workable (workable.com): 50 total results
2026-04-15 18:47:33,047 INFO     [Serper] Total parsed: 547
2026-04-15 18:47:33,047 INFO     [Serper] Total parsed: 547
2026-04-15 18:47:33,048 INFO     Total jobs before filtering: 547
2026-04-15 18:47:33,048 INFO     Total jobs before filtering: 547
2026-04-15 18:47:33,048 INFO     After dedup: 490 unique (57 collisions)
2026-04-15 18:47:33,048 INFO     After dedup: 490 unique (57 collisions)
2026-04-15 18:47:33,076 INFO     Filter stats — date:0 title:218 location:202 sponsor:0 exp:0 seen:66 score:3
2026-04-15 18:47:33,076 INFO     Filter stats — date:0 title:218 location:202 sponsor:0 exp:0 seen:66 score:3
2026-04-15 18:47:33,077 INFO     New matches to send: 1
2026-04-15 18:47:33,077 INFO     New matches to send: 1
2026-04-15 18:47:33,988 INFO     State saved → /home/omkar/job_scout_v4/last_run.json
2026-04-15 18:47:33,988 INFO     State saved → /home/omkar/job_scout_v4/last_run.json
2026-04-15 18:47:33,989 INFO     ═══ Run Summary ═══
2026-04-15 18:47:33,989 INFO     ═══ Run Summary ═══
2026-04-15 18:47:33,989 INFO       Serper raw results:    547
2026-04-15 18:47:33,989 INFO       Serper raw results:    547
2026-04-15 18:47:33,989 INFO       After URL dedup:       490
2026-04-15 18:47:33,989 INFO       After URL dedup:       490
2026-04-15 18:47:33,989 INFO       Dropped — date:        0
2026-04-15 18:47:33,989 INFO       Dropped — date:        0
2026-04-15 18:47:33,990 INFO       Dropped — title:       218
2026-04-15 18:47:33,990 INFO       Dropped — title:       218
2026-04-15 18:47:33,990 INFO       Dropped — location:    202  (US filter)
2026-04-15 18:47:33,990 INFO       Dropped — location:    202  (US filter)
2026-04-15 18:47:33,990 INFO       Dropped — sponsorship: 0
2026-04-15 18:47:33,990 INFO       Dropped — sponsorship: 0
2026-04-15 18:47:33,990 INFO       Dropped — experience:  0
2026-04-15 18:47:33,990 INFO       Dropped — experience:  0
2026-04-15 18:47:33,990 INFO       Dropped — seen in DB:  66
2026-04-15 18:47:33,990 INFO       Dropped — seen in DB:  66
2026-04-15 18:47:33,990 INFO       Dropped — low score:   3
2026-04-15 18:47:33,990 INFO       Dropped — low score:   3
2026-04-15 18:47:33,990 INFO       Sent to Telegram:      1
2026-04-15 18:47:33,990 INFO       Sent to Telegram:      1
2026-04-15 18:47:33,990 INFO       DB size (before/after): 100 / 101
2026-04-15 18:47:33,990 INFO       DB size (before/after): 100 / 101
2026-04-15 18:47:33,990 INFO     ═══ Done ═══
2026-04-15 18:47:33,990 INFO     ═══ Done ═══
2026-04-15 18:47:39,970 INFO       Serper SmartRecruiters (jobs.smartrecruiters.com): 50 total results
2026-04-15 18:47:39,970 INFO       Serper SmartRecruiters (jobs.smartrecruiters.com): 50 total results
2026-04-15 18:47:46,904 INFO       Serper Jobvite (jobs.jobvite.com): 40 total results
2026-04-15 18:47:46,904 INFO       Serper Jobvite (jobs.jobvite.com): 40 total results
2026-04-15 18:47:54,031 INFO       Serper JazzHR (applytojob.com): 40 total results
2026-04-15 18:47:54,031 INFO       Serper JazzHR (applytojob.com): 40 total results
2026-04-15 18:48:01,437 INFO       Serper Taleo (taleo.net): 41 total results
2026-04-15 18:48:01,437 INFO       Serper Taleo (taleo.net): 41 total results
2026-04-15 18:48:02,733 INFO     ═══ Job Scout v5 starting ═══
2026-04-15 18:48:02,733 INFO     ═══ Job Scout v5 starting ═══
2026-04-15 18:48:02,734 INFO     Resume loaded (4024 chars)
2026-04-15 18:48:02,734 INFO     Resume loaded (4024 chars)
2026-04-15 18:48:02,737 INFO     DB contains 101 seen jobs
2026-04-15 18:48:02,737 INFO     DB contains 101 seen jobs
2026-04-15 18:48:02,738 INFO     Fetching jobs posted since: 2026-04-15 18:47 UTC
2026-04-15 18:48:02,738 INFO     Fetching jobs posted since: 2026-04-15 18:47 UTC
2026-04-15 18:48:02,738 INFO     [Serper] Querying 12 ATS domains
2026-04-15 18:48:02,738 INFO     [Serper] Querying 12 ATS domains
2026-04-15 18:48:08,486 INFO       Serper iCIMS (icims.com): 42 total results
2026-04-15 18:48:08,486 INFO       Serper iCIMS (icims.com): 42 total results
2026-04-15 18:48:10,334 INFO       Serper Greenhouse (boards.greenhouse.io): 42 total results
2026-04-15 18:48:10,334 INFO       Serper Greenhouse (boards.greenhouse.io): 42 total results
2026-04-15 18:48:15,850 INFO       Serper ADP (workforcenow.adp.com): 42 total results
2026-04-15 18:48:15,850 INFO       Serper ADP (workforcenow.adp.com): 42 total results
2026-04-15 18:48:17,704 INFO       Serper Lever (jobs.lever.co): 50 total results
2026-04-15 18:48:17,704 INFO       Serper Lever (jobs.lever.co): 50 total results
2026-04-15 18:48:23,328 INFO       Serper Breezy (breezy.hr): 50 total results
2026-04-15 18:48:23,328 INFO       Serper Breezy (breezy.hr): 50 total results
2026-04-15 18:48:25,091 INFO       Serper Ashby (jobs.ashbyhq.com): 50 total results
2026-04-15 18:48:25,091 INFO       Serper Ashby (jobs.ashbyhq.com): 50 total results
2026-04-15 18:48:30,926 INFO       Serper Workable (workable.com): 50 total results
2026-04-15 18:48:30,926 INFO       Serper Workable (workable.com): 50 total results
2026-04-15 18:48:31,927 INFO     [Serper] Total parsed: 547
2026-04-15 18:48:31,927 INFO     [Serper] Total parsed: 547
2026-04-15 18:48:31,928 INFO     Total jobs before filtering: 547
2026-04-15 18:48:31,928 INFO     Total jobs before filtering: 547
2026-04-15 18:48:31,928 INFO     After dedup: 492 unique (55 collisions)
2026-04-15 18:48:31,928 INFO     After dedup: 492 unique (55 collisions)
2026-04-15 18:48:31,970 INFO     Filter stats — date:0 title:228 location:196 sponsor:0 exp:1 seen:59 score:3
2026-04-15 18:48:31,970 INFO     Filter stats — date:0 title:228 location:196 sponsor:0 exp:1 seen:59 score:3
2026-04-15 18:48:31,970 INFO     New matches to send: 5
2026-04-15 18:48:31,970 INFO     New matches to send: 5
2026-04-15 18:48:32,923 INFO     State saved → /home/omkar/job_scout_v4/last_run.json
2026-04-15 18:48:32,923 INFO     State saved → /home/omkar/job_scout_v4/last_run.json
2026-04-15 18:48:32,923 INFO     ═══ Run Summary ═══
2026-04-15 18:48:32,923 INFO     ═══ Run Summary ═══
2026-04-15 18:48:32,923 INFO       Serper raw results:    547
2026-04-15 18:48:32,923 INFO       Serper raw results:    547
2026-04-15 18:48:32,924 INFO       After URL dedup:       492
2026-04-15 18:48:32,924 INFO       After URL dedup:       492
2026-04-15 18:48:32,924 INFO       Dropped — date:        0
2026-04-15 18:48:32,924 INFO       Dropped — date:        0
2026-04-15 18:48:32,924 INFO       Dropped — title:       228
2026-04-15 18:48:32,924 INFO       Dropped — title:       228
2026-04-15 18:48:32,924 INFO       Dropped — location:    196  (US filter)
2026-04-15 18:48:32,924 INFO       Dropped — location:    196  (US filter)
2026-04-15 18:48:32,924 INFO       Dropped — sponsorship: 0
2026-04-15 18:48:32,924 INFO       Dropped — sponsorship: 0
2026-04-15 18:48:32,924 INFO       Dropped — experience:  1
2026-04-15 18:48:32,924 INFO       Dropped — experience:  1
2026-04-15 18:48:32,924 INFO       Dropped — seen in DB:  59
2026-04-15 18:48:32,924 INFO       Dropped — seen in DB:  59
2026-04-15 18:48:32,924 INFO       Dropped — low score:   3
2026-04-15 18:48:32,924 INFO       Dropped — low score:   3
2026-04-15 18:48:32,924 INFO       Sent to Telegram:      5
2026-04-15 18:48:32,924 INFO       Sent to Telegram:      5
2026-04-15 18:48:32,924 INFO       DB size (before/after): 100 / 106
2026-04-15 18:48:32,924 INFO       DB size (before/after): 100 / 106
2026-04-15 18:48:32,924 INFO     ═══ Done ═══
2026-04-15 18:48:32,924 INFO     ═══ Done ═══
2026-04-15 18:48:33,045 INFO       Serper Workday (myworkdayjobs.com): 50 total results
2026-04-15 18:48:33,045 INFO       Serper Workday (myworkdayjobs.com): 50 total results
2026-04-15 18:48:39,924 INFO       Serper SmartRecruiters (jobs.smartrecruiters.com): 50 total results
2026-04-15 18:48:39,924 INFO       Serper SmartRecruiters (jobs.smartrecruiters.com): 50 total results
2026-04-15 18:48:46,975 INFO       Serper Jobvite (jobs.jobvite.com): 40 total results
2026-04-15 18:48:46,975 INFO       Serper Jobvite (jobs.jobvite.com): 40 total results
2026-04-15 18:48:54,110 INFO       Serper JazzHR (applytojob.com): 40 total results
2026-04-15 18:48:54,110 INFO       Serper JazzHR (applytojob.com): 40 total results
2026-04-15 18:49:01,363 INFO       Serper Taleo (taleo.net): 41 total results
2026-04-15 18:49:01,363 INFO       Serper Taleo (taleo.net): 41 total results
2026-04-15 18:49:02,444 INFO     ═══ Job Scout v5 starting ═══
2026-04-15 18:49:02,444 INFO     ═══ Job Scout v5 starting ═══
2026-04-15 18:49:02,445 INFO     Resume loaded (4024 chars)
2026-04-15 18:49:02,445 INFO     Resume loaded (4024 chars)
2026-04-15 18:49:02,448 INFO     DB contains 106 seen jobs
2026-04-15 18:49:02,448 INFO     DB contains 106 seen jobs
2026-04-15 18:49:02,449 INFO     Fetching jobs posted since: 2026-04-15 18:48 UTC
2026-04-15 18:49:02,449 INFO     Fetching jobs posted since: 2026-04-15 18:48 UTC
2026-04-15 18:49:02,449 INFO     [Serper] Querying 12 ATS domains
2026-04-15 18:49:02,449 INFO     [Serper] Querying 12 ATS domains
2026-04-15 18:49:08,356 INFO       Serper Greenhouse (boards.greenhouse.io): 42 total results
2026-04-15 18:49:08,356 INFO       Serper Greenhouse (boards.greenhouse.io): 42 total results
2026-04-15 18:49:08,666 INFO       Serper iCIMS (icims.com): 42 total results
2026-04-15 18:49:08,666 INFO       Serper iCIMS (icims.com): 42 total results
2026-04-15 18:49:15,258 INFO       Serper Lever (jobs.lever.co): 50 total results
2026-04-15 18:49:15,258 INFO       Serper Lever (jobs.lever.co): 50 total results
2026-04-15 18:49:15,576 INFO       Serper ADP (workforcenow.adp.com): 42 total results
2026-04-15 18:49:15,576 INFO       Serper ADP (workforcenow.adp.com): 42 total results
2026-04-15 18:49:22,453 INFO       Serper Ashby (jobs.ashbyhq.com): 50 total results
2026-04-15 18:49:22,453 INFO       Serper Ashby (jobs.ashbyhq.com): 50 total results
2026-04-15 18:49:23,283 INFO       Serper Breezy (breezy.hr): 50 total results
2026-04-15 18:49:23,283 INFO       Serper Breezy (breezy.hr): 50 total results
2026-04-15 18:49:29,298 INFO       Serper Workday (myworkdayjobs.com): 50 total results
2026-04-15 18:49:29,298 INFO       Serper Workday (myworkdayjobs.com): 50 total results
2026-04-15 18:49:30,041 INFO       Serper Workable (workable.com): 50 total results
2026-04-15 18:49:30,041 INFO       Serper Workable (workable.com): 50 total results
2026-04-15 18:49:31,043 INFO     [Serper] Total parsed: 547
2026-04-15 18:49:31,043 INFO     [Serper] Total parsed: 547
2026-04-15 18:49:31,043 INFO     Total jobs before filtering: 547
2026-04-15 18:49:31,043 INFO     Total jobs before filtering: 547
2026-04-15 18:49:31,044 INFO     After dedup: 491 unique (56 collisions)
2026-04-15 18:49:31,044 INFO     After dedup: 491 unique (56 collisions)
2026-04-15 18:49:31,083 INFO     Filter stats — date:0 title:222 location:202 sponsor:0 exp:1 seen:60 score:3
2026-04-15 18:49:31,083 INFO     Filter stats — date:0 title:222 location:202 sponsor:0 exp:1 seen:60 score:3
2026-04-15 18:49:31,083 INFO     New matches to send: 3
2026-04-15 18:49:31,083 INFO     New matches to send: 3
2026-04-15 18:49:31,997 INFO     State saved → /home/omkar/job_scout_v4/last_run.json
2026-04-15 18:49:31,997 INFO     State saved → /home/omkar/job_scout_v4/last_run.json
2026-04-15 18:49:31,997 INFO     ═══ Run Summary ═══
2026-04-15 18:49:31,997 INFO     ═══ Run Summary ═══
2026-04-15 18:49:31,998 INFO       Serper raw results:    547
2026-04-15 18:49:31,998 INFO       Serper raw results:    547
2026-04-15 18:49:31,998 INFO       After URL dedup:       491
2026-04-15 18:49:31,998 INFO       After URL dedup:       491
2026-04-15 18:49:31,998 INFO       Dropped — date:        0
2026-04-15 18:49:31,998 INFO       Dropped — date:        0
2026-04-15 18:49:31,998 INFO       Dropped — title:       222
2026-04-15 18:49:31,998 INFO       Dropped — title:       222
2026-04-15 18:49:31,998 INFO       Dropped — location:    202  (US filter)
2026-04-15 18:49:31,998 INFO       Dropped — location:    202  (US filter)
2026-04-15 18:49:31,998 INFO       Dropped — sponsorship: 0
2026-04-15 18:49:31,998 INFO       Dropped — sponsorship: 0
2026-04-15 18:49:31,998 INFO       Dropped — experience:  1
2026-04-15 18:49:31,998 INFO       Dropped — experience:  1
2026-04-15 18:49:31,999 INFO       Dropped — seen in DB:  60
2026-04-15 18:49:31,999 INFO       Dropped — seen in DB:  60
2026-04-15 18:49:31,999 INFO       Dropped — low score:   3
2026-04-15 18:49:31,999 INFO       Dropped — low score:   3
2026-04-15 18:49:31,999 INFO       Sent to Telegram:      3
2026-04-15 18:49:31,999 INFO       Sent to Telegram:      3
2026-04-15 18:49:31,999 INFO       DB size (before/after): 101 / 109
2026-04-15 18:49:31,999 INFO       DB size (before/after): 101 / 109
2026-04-15 18:49:31,999 INFO     ═══ Done ═══
2026-04-15 18:49:31,999 INFO     ═══ Done ═══
2026-04-15 18:49:36,273 INFO       Serper SmartRecruiters (jobs.smartrecruiters.com): 50 total results
2026-04-15 18:49:36,273 INFO       Serper SmartRecruiters (jobs.smartrecruiters.com): 50 total results
2026-04-15 18:49:43,720 INFO       Serper Jobvite (jobs.jobvite.com): 40 total results
2026-04-15 18:49:43,720 INFO       Serper Jobvite (jobs.jobvite.com): 40 total results
2026-04-15 18:49:51,252 INFO       Serper JazzHR (applytojob.com): 40 total results
2026-04-15 18:49:51,252 INFO       Serper JazzHR (applytojob.com): 40 total results
2026-04-15 18:49:58,753 INFO       Serper Taleo (taleo.net): 41 total results
2026-04-15 18:49:58,753 INFO       Serper Taleo (taleo.net): 41 total results
2026-04-15 18:50:02,802 INFO     ═══ Job Scout v5 starting ═══
2026-04-15 18:50:02,802 INFO     ═══ Job Scout v5 starting ═══
2026-04-15 18:50:02,807 INFO     Resume loaded (4024 chars)
2026-04-15 18:50:02,807 INFO     Resume loaded (4024 chars)
2026-04-15 18:50:02,811 INFO     DB contains 109 seen jobs
2026-04-15 18:50:02,811 INFO     DB contains 109 seen jobs
2026-04-15 18:50:02,811 INFO     Fetching jobs posted since: 2026-04-15 18:49 UTC
2026-04-15 18:50:02,811 INFO     Fetching jobs posted since: 2026-04-15 18:49 UTC
2026-04-15 18:50:02,811 INFO     [Serper] Querying 12 ATS domains
2026-04-15 18:50:02,811 INFO     [Serper] Querying 12 ATS domains
2026-04-15 18:50:06,208 INFO       Serper iCIMS (icims.com): 42 total results
2026-04-15 18:50:06,208 INFO       Serper iCIMS (icims.com): 42 total results
2026-04-15 18:50:08,869 INFO       Serper Greenhouse (boards.greenhouse.io): 42 total results
2026-04-15 18:50:08,869 INFO       Serper Greenhouse (boards.greenhouse.io): 42 total results
2026-04-15 18:50:15,435 INFO       Serper ADP (workforcenow.adp.com): 42 total results
2026-04-15 18:50:15,435 INFO       Serper ADP (workforcenow.adp.com): 42 total results
2026-04-15 18:50:15,612 INFO       Serper Lever (jobs.lever.co): 50 total results
2026-04-15 18:50:15,612 INFO       Serper Lever (jobs.lever.co): 50 total results
2026-04-15 18:50:22,456 INFO       Serper Breezy (breezy.hr): 50 total results
2026-04-15 18:50:22,456 INFO       Serper Breezy (breezy.hr): 50 total results
2026-04-15 18:50:22,615 INFO       Serper Ashby (jobs.ashbyhq.com): 50 total results
2026-04-15 18:50:22,615 INFO       Serper Ashby (jobs.ashbyhq.com): 50 total results
2026-04-15 18:50:29,607 INFO       Serper Workable (workable.com): 50 total results
2026-04-15 18:50:29,607 INFO       Serper Workable (workable.com): 50 total results
2026-04-15 18:50:29,719 INFO       Serper Workday (myworkdayjobs.com): 50 total results
2026-04-15 18:50:29,719 INFO       Serper Workday (myworkdayjobs.com): 50 total results
2026-04-15 18:50:30,609 INFO     [Serper] Total parsed: 547
2026-04-15 18:50:30,609 INFO     [Serper] Total parsed: 547
2026-04-15 18:50:30,609 INFO     Total jobs before filtering: 547
2026-04-15 18:50:30,609 INFO     Total jobs before filtering: 547
2026-04-15 18:50:30,610 INFO     After dedup: 492 unique (55 collisions)
2026-04-15 18:50:30,610 INFO     After dedup: 492 unique (55 collisions)
2026-04-15 18:50:30,636 INFO     Filter stats — date:0 title:219 location:200 sponsor:0 exp:1 seen:68 score:3
2026-04-15 18:50:30,636 INFO     Filter stats — date:0 title:219 location:200 sponsor:0 exp:1 seen:68 score:3
2026-04-15 18:50:30,636 INFO     New matches to send: 1
2026-04-15 18:50:30,636 INFO     New matches to send: 1
2026-04-15 18:50:31,537 INFO     State saved → /home/omkar/job_scout_v4/last_run.json
2026-04-15 18:50:31,537 INFO     State saved → /home/omkar/job_scout_v4/last_run.json
2026-04-15 18:50:31,538 INFO     ═══ Run Summary ═══
2026-04-15 18:50:31,538 INFO     ═══ Run Summary ═══
2026-04-15 18:50:31,538 INFO       Serper raw results:    547
2026-04-15 18:50:31,538 INFO       Serper raw results:    547
2026-04-15 18:50:31,538 INFO       After URL dedup:       492
2026-04-15 18:50:31,538 INFO       After URL dedup:       492
2026-04-15 18:50:31,538 INFO       Dropped — date:        0
2026-04-15 18:50:31,538 INFO       Dropped — date:        0
2026-04-15 18:50:31,538 INFO       Dropped — title:       219
2026-04-15 18:50:31,538 INFO       Dropped — title:       219
2026-04-15 18:50:31,538 INFO       Dropped — location:    200  (US filter)
2026-04-15 18:50:31,538 INFO       Dropped — location:    200  (US filter)
2026-04-15 18:50:31,538 INFO       Dropped — sponsorship: 0
2026-04-15 18:50:31,538 INFO       Dropped — sponsorship: 0
2026-04-15 18:50:31,538 INFO       Dropped — experience:  1
2026-04-15 18:50:31,538 INFO       Dropped — experience:  1
2026-04-15 18:50:31,538 INFO       Dropped — seen in DB:  68
2026-04-15 18:50:31,538 INFO       Dropped — seen in DB:  68
2026-04-15 18:50:31,538 INFO       Dropped — low score:   3
2026-04-15 18:50:31,538 INFO       Dropped — low score:   3
2026-04-15 18:50:31,538 INFO       Sent to Telegram:      1
2026-04-15 18:50:31,538 INFO       Sent to Telegram:      1
2026-04-15 18:50:31,538 INFO       DB size (before/after): 106 / 110
2026-04-15 18:50:31,538 INFO       DB size (before/after): 106 / 110
2026-04-15 18:50:31,538 INFO     ═══ Done ═══
2026-04-15 18:50:31,538 INFO     ═══ Done ═══
2026-04-15 18:50:37,592 INFO       Serper SmartRecruiters (jobs.smartrecruiters.com): 50 total results
2026-04-15 18:50:37,592 INFO       Serper SmartRecruiters (jobs.smartrecruiters.com): 50 total results
2026-04-15 18:50:45,416 INFO       Serper Jobvite (jobs.jobvite.com): 40 total results
2026-04-15 18:50:45,416 INFO       Serper Jobvite (jobs.jobvite.com): 40 total results
2026-04-15 18:50:52,823 INFO       Serper JazzHR (applytojob.com): 40 total results
2026-04-15 18:50:52,823 INFO       Serper JazzHR (applytojob.com): 40 total results
2026-04-15 18:51:00,639 INFO       Serper Taleo (taleo.net): 41 total results
2026-04-15 18:51:00,639 INFO       Serper Taleo (taleo.net): 41 total results
2026-04-15 18:51:02,779 INFO     ═══ Job Scout v5 starting ═══
2026-04-15 18:51:02,779 INFO     ═══ Job Scout v5 starting ═══
2026-04-15 18:51:02,779 INFO     Resume loaded (4024 chars)
2026-04-15 18:51:02,779 INFO     Resume loaded (4024 chars)
2026-04-15 18:51:02,782 INFO     DB contains 110 seen jobs
2026-04-15 18:51:02,782 INFO     DB contains 110 seen jobs
2026-04-15 18:51:02,782 INFO     Fetching jobs posted since: 2026-04-15 18:50 UTC
2026-04-15 18:51:02,782 INFO     Fetching jobs posted since: 2026-04-15 18:50 UTC
2026-04-15 18:51:02,782 INFO     [Serper] Querying 12 ATS domains
2026-04-15 18:51:02,782 INFO     [Serper] Querying 12 ATS domains
2026-04-15 18:51:07,362 INFO       Serper iCIMS (icims.com): 42 total results
2026-04-15 18:51:07,362 INFO       Serper iCIMS (icims.com): 42 total results
2026-04-15 18:51:09,850 INFO       Serper Greenhouse (boards.greenhouse.io): 42 total results
2026-04-15 18:51:09,850 INFO       Serper Greenhouse (boards.greenhouse.io): 42 total results
2026-04-15 18:51:14,614 INFO       Serper ADP (workforcenow.adp.com): 42 total results
2026-04-15 18:51:14,614 INFO       Serper ADP (workforcenow.adp.com): 42 total results
2026-04-15 18:51:17,158 INFO       Serper Lever (jobs.lever.co): 50 total results
2026-04-15 18:51:17,158 INFO       Serper Lever (jobs.lever.co): 50 total results
2026-04-15 18:51:21,346 INFO       Serper Breezy (breezy.hr): 50 total results
2026-04-15 18:51:21,346 INFO       Serper Breezy (breezy.hr): 50 total results
2026-04-15 18:51:25,619 INFO       Serper Ashby (jobs.ashbyhq.com): 50 total results
2026-04-15 18:51:25,619 INFO       Serper Ashby (jobs.ashbyhq.com): 50 total results
2026-04-15 18:51:28,644 INFO       Serper Workable (workable.com): 50 total results
2026-04-15 18:51:28,644 INFO       Serper Workable (workable.com): 50 total results
2026-04-15 18:51:29,646 INFO     [Serper] Total parsed: 547
2026-04-15 18:51:29,646 INFO     [Serper] Total parsed: 547
2026-04-15 18:51:29,647 INFO     Total jobs before filtering: 547
2026-04-15 18:51:29,647 INFO     Total jobs before filtering: 547
2026-04-15 18:51:29,647 INFO     After dedup: 488 unique (59 collisions)
2026-04-15 18:51:29,647 INFO     After dedup: 488 unique (59 collisions)
2026-04-15 18:51:29,689 INFO     Filter stats — date:0 title:217 location:201 sponsor:0 exp:0 seen:65 score:3
2026-04-15 18:51:29,689 INFO     Filter stats — date:0 title:217 location:201 sponsor:0 exp:0 seen:65 score:3
2026-04-15 18:51:29,689 INFO     New matches to send: 2
2026-04-15 18:51:29,689 INFO     New matches to send: 2
2026-04-15 18:51:30,606 INFO     State saved → /home/omkar/job_scout_v4/last_run.json
2026-04-15 18:51:30,606 INFO     State saved → /home/omkar/job_scout_v4/last_run.json
2026-04-15 18:51:30,607 INFO     ═══ Run Summary ═══
2026-04-15 18:51:30,607 INFO     ═══ Run Summary ═══
2026-04-15 18:51:30,607 INFO       Serper raw results:    547
2026-04-15 18:51:30,607 INFO       Serper raw results:    547
2026-04-15 18:51:30,607 INFO       After URL dedup:       488
2026-04-15 18:51:30,607 INFO       After URL dedup:       488
2026-04-15 18:51:30,607 INFO       Dropped — date:        0
2026-04-15 18:51:30,607 INFO       Dropped — date:        0
2026-04-15 18:51:30,607 INFO       Dropped — title:       217
2026-04-15 18:51:30,607 INFO       Dropped — title:       217
2026-04-15 18:51:30,607 INFO       Dropped — location:    201  (US filter)
2026-04-15 18:51:30,607 INFO       Dropped — location:    201  (US filter)
2026-04-15 18:51:30,607 INFO       Dropped — sponsorship: 0
2026-04-15 18:51:30,607 INFO       Dropped — sponsorship: 0
2026-04-15 18:51:30,608 INFO       Dropped — experience:  0
2026-04-15 18:51:30,608 INFO       Dropped — experience:  0
2026-04-15 18:51:30,608 INFO       Dropped — seen in DB:  65
2026-04-15 18:51:30,608 INFO       Dropped — seen in DB:  65
2026-04-15 18:51:30,608 INFO       Dropped — low score:   3
2026-04-15 18:51:30,608 INFO       Dropped — low score:   3
2026-04-15 18:51:30,608 INFO       Sent to Telegram:      2
2026-04-15 18:51:30,608 INFO       Sent to Telegram:      2
2026-04-15 18:51:30,608 INFO       DB size (before/after): 109 / 112
2026-04-15 18:51:30,608 INFO       DB size (before/after): 109 / 112
2026-04-15 18:51:30,608 INFO     ═══ Done ═══
2026-04-15 18:51:30,608 INFO     ═══ Done ═══
2026-04-15 18:51:32,396 INFO       Serper Workday (myworkdayjobs.com): 50 total results
2026-04-15 18:51:32,396 INFO       Serper Workday (myworkdayjobs.com): 50 total results
2026-04-15 18:51:39,111 INFO       Serper SmartRecruiters (jobs.smartrecruiters.com): 50 total results
2026-04-15 18:51:39,111 INFO       Serper SmartRecruiters (jobs.smartrecruiters.com): 50 total results
2026-04-15 18:51:46,168 INFO       Serper Jobvite (jobs.jobvite.com): 40 total results
2026-04-15 18:51:46,168 INFO       Serper Jobvite (jobs.jobvite.com): 40 total results
2026-04-15 18:51:53,427 INFO       Serper JazzHR (applytojob.com): 40 total results
2026-04-15 18:51:53,427 INFO       Serper JazzHR (applytojob.com): 40 total results
2026-04-15 18:52:00,839 INFO       Serper Taleo (taleo.net): 41 total results
2026-04-15 18:52:00,839 INFO       Serper Taleo (taleo.net): 41 total results
2026-04-15 18:52:03,239 INFO     ═══ Job Scout v5 starting ═══
2026-04-15 18:52:03,239 INFO     ═══ Job Scout v5 starting ═══
2026-04-15 18:52:03,241 INFO     Resume loaded (4024 chars)
2026-04-15 18:52:03,241 INFO     Resume loaded (4024 chars)
2026-04-15 18:52:03,244 INFO     DB contains 112 seen jobs
2026-04-15 18:52:03,244 INFO     DB contains 112 seen jobs
2026-04-15 18:52:03,245 INFO     Fetching jobs posted since: 2026-04-15 18:51 UTC
2026-04-15 18:52:03,245 INFO     Fetching jobs posted since: 2026-04-15 18:51 UTC
2026-04-15 18:52:03,245 INFO     [Serper] Querying 12 ATS domains
2026-04-15 18:52:03,245 INFO     [Serper] Querying 12 ATS domains
2026-04-15 18:52:07,843 INFO       Serper iCIMS (icims.com): 42 total results
2026-04-15 18:52:07,843 INFO       Serper iCIMS (icims.com): 42 total results
2026-04-15 18:52:10,101 INFO       Serper Greenhouse (boards.greenhouse.io): 42 total results
2026-04-15 18:52:10,101 INFO       Serper Greenhouse (boards.greenhouse.io): 42 total results
2026-04-15 18:52:15,057 INFO       Serper ADP (workforcenow.adp.com): 42 total results
2026-04-15 18:52:15,057 INFO       Serper ADP (workforcenow.adp.com): 42 total results
2026-04-15 18:52:17,015 INFO       Serper Lever (jobs.lever.co): 50 total results
2026-04-15 18:52:17,015 INFO       Serper Lever (jobs.lever.co): 50 total results
2026-04-15 18:52:21,939 INFO       Serper Breezy (breezy.hr): 50 total results
2026-04-15 18:52:21,939 INFO       Serper Breezy (breezy.hr): 50 total results
2026-04-15 18:52:24,158 INFO       Serper Ashby (jobs.ashbyhq.com): 50 total results
2026-04-15 18:52:24,158 INFO       Serper Ashby (jobs.ashbyhq.com): 50 total results
2026-04-15 18:52:28,540 INFO       Serper Workable (workable.com): 50 total results
2026-04-15 18:52:28,540 INFO       Serper Workable (workable.com): 50 total results
2026-04-15 18:52:29,541 INFO     [Serper] Total parsed: 547
2026-04-15 18:52:29,541 INFO     [Serper] Total parsed: 547
2026-04-15 18:52:29,542 INFO     Total jobs before filtering: 547
2026-04-15 18:52:29,542 INFO     Total jobs before filtering: 547
2026-04-15 18:52:29,542 INFO     After dedup: 491 unique (56 collisions)
2026-04-15 18:52:29,542 INFO     After dedup: 491 unique (56 collisions)
2026-04-15 18:52:29,571 INFO     Filter stats — date:0 title:219 location:207 sponsor:0 exp:0 seen:61 score:3
2026-04-15 18:52:29,571 INFO     Filter stats — date:0 title:219 location:207 sponsor:0 exp:0 seen:61 score:3
2026-04-15 18:52:29,571 INFO     New matches to send: 1
2026-04-15 18:52:29,571 INFO     New matches to send: 1
2026-04-15 18:52:30,456 INFO     State saved → /home/omkar/job_scout_v4/last_run.json
2026-04-15 18:52:30,456 INFO     State saved → /home/omkar/job_scout_v4/last_run.json
2026-04-15 18:52:30,457 INFO     ═══ Run Summary ═══
2026-04-15 18:52:30,457 INFO     ═══ Run Summary ═══
2026-04-15 18:52:30,457 INFO       Serper raw results:    547
2026-04-15 18:52:30,457 INFO       Serper raw results:    547
2026-04-15 18:52:30,457 INFO       After URL dedup:       491
2026-04-15 18:52:30,457 INFO       After URL dedup:       491
2026-04-15 18:52:30,457 INFO       Dropped — date:        0
2026-04-15 18:52:30,457 INFO       Dropped — date:        0
2026-04-15 18:52:30,457 INFO       Dropped — title:       219
2026-04-15 18:52:30,457 INFO       Dropped — title:       219
2026-04-15 18:52:30,457 INFO       Dropped — location:    207  (US filter)
2026-04-15 18:52:30,457 INFO       Dropped — location:    207  (US filter)
2026-04-15 18:52:30,457 INFO       Dropped — sponsorship: 0
2026-04-15 18:52:30,457 INFO       Dropped — sponsorship: 0
2026-04-15 18:52:30,457 INFO       Dropped — experience:  0
2026-04-15 18:52:30,457 INFO       Dropped — experience:  0
2026-04-15 18:52:30,457 INFO       Dropped — seen in DB:  61
2026-04-15 18:52:30,457 INFO       Dropped — seen in DB:  61
2026-04-15 18:52:30,457 INFO       Dropped — low score:   3
2026-04-15 18:52:30,457 INFO       Dropped — low score:   3
2026-04-15 18:52:30,457 INFO       Sent to Telegram:      1
2026-04-15 18:52:30,457 INFO       Sent to Telegram:      1
2026-04-15 18:52:30,457 INFO       DB size (before/after): 110 / 113
2026-04-15 18:52:30,457 INFO       DB size (before/after): 110 / 113
2026-04-15 18:52:30,457 INFO     ═══ Done ═══
2026-04-15 18:52:30,457 INFO     ═══ Done ═══
2026-04-15 18:52:31,733 INFO       Serper Workday (myworkdayjobs.com): 50 total results
2026-04-15 18:52:31,733 INFO       Serper Workday (myworkdayjobs.com): 50 total results
2026-04-15 18:52:39,434 INFO       Serper SmartRecruiters (jobs.smartrecruiters.com): 50 total results
2026-04-15 18:52:39,434 INFO       Serper SmartRecruiters (jobs.smartrecruiters.com): 50 total results
2026-04-15 18:52:47,004 INFO       Serper Jobvite (jobs.jobvite.com): 40 total results
2026-04-15 18:52:47,004 INFO       Serper Jobvite (jobs.jobvite.com): 40 total results
2026-04-15 18:52:54,624 INFO       Serper JazzHR (applytojob.com): 40 total results
2026-04-15 18:52:54,624 INFO       Serper JazzHR (applytojob.com): 40 total results
2026-04-15 18:53:01,942 INFO       Serper Taleo (taleo.net): 41 total results
2026-04-15 18:53:01,942 INFO       Serper Taleo (taleo.net): 41 total results
2026-04-15 18:53:02,962 INFO     ═══ Job Scout v5 starting ═══
2026-04-15 18:53:02,962 INFO     ═══ Job Scout v5 starting ═══
2026-04-15 18:53:02,963 INFO     Resume loaded (4024 chars)
2026-04-15 18:53:02,963 INFO     Resume loaded (4024 chars)
2026-04-15 18:53:02,968 INFO     DB contains 113 seen jobs
2026-04-15 18:53:02,968 INFO     DB contains 113 seen jobs
2026-04-15 18:53:02,968 INFO     Fetching jobs posted since: 2026-04-15 18:52 UTC
2026-04-15 18:53:02,968 INFO     Fetching jobs posted since: 2026-04-15 18:52 UTC
2026-04-15 18:53:02,968 INFO     [Serper] Querying 12 ATS domains
2026-04-15 18:53:02,968 INFO     [Serper] Querying 12 ATS domains
2026-04-15 18:53:09,133 INFO       Serper iCIMS (icims.com): 42 total results
2026-04-15 18:53:09,133 INFO       Serper iCIMS (icims.com): 42 total results
2026-04-15 18:53:09,333 INFO       Serper Greenhouse (boards.greenhouse.io): 42 total results
2026-04-15 18:53:09,333 INFO       Serper Greenhouse (boards.greenhouse.io): 42 total results
2026-04-15 18:53:16,368 INFO       Serper Lever (jobs.lever.co): 50 total results
2026-04-15 18:53:16,368 INFO       Serper Lever (jobs.lever.co): 50 total results
2026-04-15 18:53:17,589 INFO       Serper ADP (workforcenow.adp.com): 42 total results
2026-04-15 18:53:17,589 INFO       Serper ADP (workforcenow.adp.com): 42 total results
2026-04-15 18:53:23,365 INFO       Serper Ashby (jobs.ashbyhq.com): 50 total results
2026-04-15 18:53:23,365 INFO       Serper Ashby (jobs.ashbyhq.com): 50 total results
2026-04-15 18:53:24,331 INFO       Serper Breezy (breezy.hr): 50 total results
2026-04-15 18:53:24,331 INFO       Serper Breezy (breezy.hr): 50 total results
2026-04-15 18:53:30,698 INFO       Serper Workday (myworkdayjobs.com): 50 total results
2026-04-15 18:53:30,698 INFO       Serper Workday (myworkdayjobs.com): 50 total results
2026-04-15 18:53:31,368 INFO       Serper Workable (workable.com): 50 total results
2026-04-15 18:53:31,368 INFO       Serper Workable (workable.com): 50 total results
2026-04-15 18:53:32,369 INFO     [Serper] Total parsed: 547
2026-04-15 18:53:32,369 INFO     [Serper] Total parsed: 547
2026-04-15 18:53:32,369 INFO     Total jobs before filtering: 547
2026-04-15 18:53:32,369 INFO     Total jobs before filtering: 547
2026-04-15 18:53:32,370 INFO     After dedup: 488 unique (59 collisions)
2026-04-15 18:53:32,370 INFO     After dedup: 488 unique (59 collisions)
2026-04-15 18:53:32,396 INFO     Filter stats — date:0 title:213 location:207 sponsor:0 exp:2 seen:62 score:3
2026-04-15 18:53:32,396 INFO     Filter stats — date:0 title:213 location:207 sponsor:0 exp:2 seen:62 score:3
2026-04-15 18:53:32,396 INFO     New matches to send: 1
2026-04-15 18:53:32,396 INFO     New matches to send: 1
2026-04-15 18:53:33,299 INFO     State saved → /home/omkar/job_scout_v4/last_run.json
2026-04-15 18:53:33,299 INFO     State saved → /home/omkar/job_scout_v4/last_run.json
2026-04-15 18:53:33,299 INFO     ═══ Run Summary ═══
2026-04-15 18:53:33,299 INFO     ═══ Run Summary ═══
2026-04-15 18:53:33,299 INFO       Serper raw results:    547
2026-04-15 18:53:33,299 INFO       Serper raw results:    547
2026-04-15 18:53:33,300 INFO       After URL dedup:       488
2026-04-15 18:53:33,300 INFO       After URL dedup:       488
2026-04-15 18:53:33,300 INFO       Dropped — date:        0
2026-04-15 18:53:33,300 INFO       Dropped — date:        0
2026-04-15 18:53:33,300 INFO       Dropped — title:       213
2026-04-15 18:53:33,300 INFO       Dropped — title:       213
2026-04-15 18:53:33,300 INFO       Dropped — location:    207  (US filter)
2026-04-15 18:53:33,300 INFO       Dropped — location:    207  (US filter)
2026-04-15 18:53:33,300 INFO       Dropped — sponsorship: 0
2026-04-15 18:53:33,300 INFO       Dropped — sponsorship: 0
2026-04-15 18:53:33,300 INFO       Dropped — experience:  2
2026-04-15 18:53:33,300 INFO       Dropped — experience:  2
2026-04-15 18:53:33,300 INFO       Dropped — seen in DB:  62
2026-04-15 18:53:33,300 INFO       Dropped — seen in DB:  62
2026-04-15 18:53:33,300 INFO       Dropped — low score:   3
2026-04-15 18:53:33,300 INFO       Dropped — low score:   3
2026-04-15 18:53:33,300 INFO       Sent to Telegram:      1
2026-04-15 18:53:33,300 INFO       Sent to Telegram:      1
2026-04-15 18:53:33,300 INFO       DB size (before/after): 112 / 114
2026-04-15 18:53:33,300 INFO       DB size (before/after): 112 / 114
2026-04-15 18:53:33,300 INFO     ═══ Done ═══
2026-04-15 18:53:33,300 INFO     ═══ Done ═══
2026-04-15 18:53:37,320 INFO       Serper SmartRecruiters (jobs.smartrecruiters.com): 50 total results
2026-04-15 18:53:37,320 INFO       Serper SmartRecruiters (jobs.smartrecruiters.com): 50 total results
2026-04-15 18:53:44,691 INFO       Serper Jobvite (jobs.jobvite.com): 40 total results
2026-04-15 18:53:44,691 INFO       Serper Jobvite (jobs.jobvite.com): 40 total results
2026-04-15 18:53:51,931 INFO       Serper JazzHR (applytojob.com): 40 total results
2026-04-15 18:53:51,931 INFO       Serper JazzHR (applytojob.com): 40 total results
2026-04-15 18:53:59,795 INFO       Serper Taleo (taleo.net): 41 total results
2026-04-15 18:53:59,795 INFO       Serper Taleo (taleo.net): 41 total results
2026-04-15 18:54:02,849 INFO     ═══ Job Scout v5 starting ═══
2026-04-15 18:54:02,849 INFO     ═══ Job Scout v5 starting ═══
2026-04-15 18:54:02,849 INFO     Resume loaded (4024 chars)
2026-04-15 18:54:02,849 INFO     Resume loaded (4024 chars)
2026-04-15 18:54:02,853 INFO     DB contains 114 seen jobs
2026-04-15 18:54:02,853 INFO     DB contains 114 seen jobs
2026-04-15 18:54:02,853 INFO     Fetching jobs posted since: 2026-04-15 18:53 UTC
2026-04-15 18:54:02,853 INFO     Fetching jobs posted since: 2026-04-15 18:53 UTC
2026-04-15 18:54:02,853 INFO     [Serper] Querying 12 ATS domains
2026-04-15 18:54:02,853 INFO     [Serper] Querying 12 ATS domains
2026-04-15 18:54:07,267 INFO       Serper iCIMS (icims.com): 42 total results
2026-04-15 18:54:07,267 INFO       Serper iCIMS (icims.com): 42 total results
2026-04-15 18:54:09,348 INFO       Serper Greenhouse (boards.greenhouse.io): 42 total results
2026-04-15 18:54:09,348 INFO       Serper Greenhouse (boards.greenhouse.io): 42 total results
2026-04-15 18:54:14,898 INFO       Serper ADP (workforcenow.adp.com): 42 total results
2026-04-15 18:54:14,898 INFO       Serper ADP (workforcenow.adp.com): 42 total results
2026-04-15 18:54:16,718 INFO       Serper Lever (jobs.lever.co): 50 total results
2026-04-15 18:54:16,718 INFO       Serper Lever (jobs.lever.co): 50 total results
2026-04-15 18:54:21,692 INFO       Serper Breezy (breezy.hr): 50 total results
2026-04-15 18:54:21,692 INFO       Serper Breezy (breezy.hr): 50 total results
2026-04-15 18:54:23,280 INFO       Serper Ashby (jobs.ashbyhq.com): 50 total results
2026-04-15 18:54:23,280 INFO       Serper Ashby (jobs.ashbyhq.com): 50 total results
2026-04-15 18:54:28,849 INFO       Serper Workable (workable.com): 50 total results
2026-04-15 18:54:28,849 INFO       Serper Workable (workable.com): 50 total results
2026-04-15 18:54:29,850 INFO     [Serper] Total parsed: 547
2026-04-15 18:54:29,850 INFO     [Serper] Total parsed: 547
2026-04-15 18:54:29,850 INFO     Total jobs before filtering: 547
2026-04-15 18:54:29,850 INFO     Total jobs before filtering: 547
2026-04-15 18:54:29,850 INFO     After dedup: 490 unique (57 collisions)
2026-04-15 18:54:29,850 INFO     After dedup: 490 unique (57 collisions)
2026-04-15 18:54:29,878 INFO     Filter stats — date:0 title:220 location:205 sponsor:0 exp:0 seen:60 score:3
2026-04-15 18:54:29,878 INFO     Filter stats — date:0 title:220 location:205 sponsor:0 exp:0 seen:60 score:3
2026-04-15 18:54:29,879 INFO     New matches to send: 2
2026-04-15 18:54:29,879 INFO     New matches to send: 2
2026-04-15 18:54:30,221 INFO       Serper Workday (myworkdayjobs.com): 50 total results
2026-04-15 18:54:30,221 INFO       Serper Workday (myworkdayjobs.com): 50 total results
2026-04-15 18:54:30,785 INFO     State saved → /home/omkar/job_scout_v4/last_run.json
2026-04-15 18:54:30,785 INFO     State saved → /home/omkar/job_scout_v4/last_run.json
2026-04-15 18:54:30,786 INFO     ═══ Run Summary ═══
2026-04-15 18:54:30,786 INFO     ═══ Run Summary ═══
2026-04-15 18:54:30,786 INFO       Serper raw results:    547
2026-04-15 18:54:30,786 INFO       Serper raw results:    547
2026-04-15 18:54:30,786 INFO       After URL dedup:       490
2026-04-15 18:54:30,786 INFO       After URL dedup:       490
2026-04-15 18:54:30,786 INFO       Dropped — date:        0
2026-04-15 18:54:30,786 INFO       Dropped — date:        0
2026-04-15 18:54:30,786 INFO       Dropped — title:       220
2026-04-15 18:54:30,786 INFO       Dropped — title:       220
2026-04-15 18:54:30,786 INFO       Dropped — location:    205  (US filter)
2026-04-15 18:54:30,786 INFO       Dropped — location:    205  (US filter)
2026-04-15 18:54:30,786 INFO       Dropped — sponsorship: 0
2026-04-15 18:54:30,786 INFO       Dropped — sponsorship: 0
2026-04-15 18:54:30,786 INFO       Dropped — experience:  0
2026-04-15 18:54:30,786 INFO       Dropped — experience:  0
2026-04-15 18:54:30,786 INFO       Dropped — seen in DB:  60
2026-04-15 18:54:30,786 INFO       Dropped — seen in DB:  60
2026-04-15 18:54:30,786 INFO       Dropped — low score:   3
2026-04-15 18:54:30,786 INFO       Dropped — low score:   3
2026-04-15 18:54:30,786 INFO       Sent to Telegram:      2
2026-04-15 18:54:30,786 INFO       Sent to Telegram:      2
2026-04-15 18:54:30,786 INFO       DB size (before/after): 113 / 116
2026-04-15 18:54:30,786 INFO       DB size (before/after): 113 / 116
2026-04-15 18:54:30,787 INFO     ═══ Done ═══
2026-04-15 18:54:30,787 INFO     ═══ Done ═══
2026-04-15 18:54:37,370 INFO       Serper SmartRecruiters (jobs.smartrecruiters.com): 50 total results
2026-04-15 18:54:37,370 INFO       Serper SmartRecruiters (jobs.smartrecruiters.com): 50 total results
2026-04-15 18:54:44,399 INFO       Serper Jobvite (jobs.jobvite.com): 40 total results
2026-04-15 18:54:44,399 INFO       Serper Jobvite (jobs.jobvite.com): 40 total results
2026-04-15 18:54:51,420 INFO       Serper JazzHR (applytojob.com): 40 total results
2026-04-15 18:54:51,420 INFO       Serper JazzHR (applytojob.com): 40 total results
2026-04-15 18:54:58,505 INFO       Serper Taleo (taleo.net): 41 total results
2026-04-15 18:54:58,505 INFO       Serper Taleo (taleo.net): 41 total results
2026-04-15 18:55:03,718 INFO     ═══ Job Scout v5 starting ═══
2026-04-15 18:55:03,718 INFO     ═══ Job Scout v5 starting ═══
2026-04-15 18:55:03,720 INFO     Resume loaded (4024 chars)
2026-04-15 18:55:03,720 INFO     Resume loaded (4024 chars)
2026-04-15 18:55:03,724 INFO     DB contains 116 seen jobs
2026-04-15 18:55:03,724 INFO     DB contains 116 seen jobs
2026-04-15 18:55:03,724 INFO     Fetching jobs posted since: 2026-04-15 18:54 UTC
2026-04-15 18:55:03,724 INFO     Fetching jobs posted since: 2026-04-15 18:54 UTC
2026-04-15 18:55:03,724 INFO     [Serper] Querying 12 ATS domains
2026-04-15 18:55:03,724 INFO     [Serper] Querying 12 ATS domains
2026-04-15 18:55:06,118 INFO       Serper iCIMS (icims.com): 42 total results
2026-04-15 18:55:06,118 INFO       Serper iCIMS (icims.com): 42 total results
2026-04-15 18:55:09,902 INFO       Serper Greenhouse (boards.greenhouse.io): 42 total results
2026-04-15 18:55:09,902 INFO       Serper Greenhouse (boards.greenhouse.io): 42 total results
2026-04-15 18:55:13,332 INFO       Serper ADP (workforcenow.adp.com): 42 total results
2026-04-15 18:55:13,332 INFO       Serper ADP (workforcenow.adp.com): 42 total results
2026-04-15 18:55:16,864 INFO       Serper Lever (jobs.lever.co): 50 total results
2026-04-15 18:55:16,864 INFO       Serper Lever (jobs.lever.co): 50 total results
2026-04-15 18:55:20,876 INFO       Serper Breezy (breezy.hr): 50 total results
2026-04-15 18:55:20,876 INFO       Serper Breezy (breezy.hr): 50 total results
2026-04-15 18:55:25,203 INFO       Serper Ashby (jobs.ashbyhq.com): 50 total results
2026-04-15 18:55:25,203 INFO       Serper Ashby (jobs.ashbyhq.com): 50 total results
2026-04-15 18:55:28,079 INFO       Serper Workable (workable.com): 50 total results
2026-04-15 18:55:28,079 INFO       Serper Workable (workable.com): 50 total results
2026-04-15 18:55:29,081 INFO     [Serper] Total parsed: 547
2026-04-15 18:55:29,081 INFO     [Serper] Total parsed: 547
2026-04-15 18:55:29,082 INFO     Total jobs before filtering: 547
2026-04-15 18:55:29,082 INFO     Total jobs before filtering: 547
2026-04-15 18:55:29,082 INFO     After dedup: 489 unique (58 collisions)
2026-04-15 18:55:29,082 INFO     After dedup: 489 unique (58 collisions)
2026-04-15 18:55:29,114 INFO     Filter stats — date:0 title:214 location:203 sponsor:0 exp:2 seen:64 score:4
2026-04-15 18:55:29,114 INFO     Filter stats — date:0 title:214 location:203 sponsor:0 exp:2 seen:64 score:4
2026-04-15 18:55:29,114 INFO     New matches to send: 2
2026-04-15 18:55:29,114 INFO     New matches to send: 2
2026-04-15 18:55:30,001 INFO     State saved → /home/omkar/job_scout_v4/last_run.json
2026-04-15 18:55:30,001 INFO     State saved → /home/omkar/job_scout_v4/last_run.json
2026-04-15 18:55:30,002 INFO     ═══ Run Summary ═══
2026-04-15 18:55:30,002 INFO     ═══ Run Summary ═══
2026-04-15 18:55:30,002 INFO       Serper raw results:    547
2026-04-15 18:55:30,002 INFO       Serper raw results:    547
2026-04-15 18:55:30,002 INFO       After URL dedup:       489
2026-04-15 18:55:30,002 INFO       After URL dedup:       489
2026-04-15 18:55:30,002 INFO       Dropped — date:        0
2026-04-15 18:55:30,002 INFO       Dropped — date:        0
2026-04-15 18:55:30,002 INFO       Dropped — title:       214
2026-04-15 18:55:30,002 INFO       Dropped — title:       214
2026-04-15 18:55:30,003 INFO       Dropped — location:    203  (US filter)
2026-04-15 18:55:30,003 INFO       Dropped — location:    203  (US filter)
2026-04-15 18:55:30,003 INFO       Dropped — sponsorship: 0
2026-04-15 18:55:30,003 INFO       Dropped — sponsorship: 0
2026-04-15 18:55:30,003 INFO       Dropped — experience:  2
2026-04-15 18:55:30,003 INFO       Dropped — experience:  2
2026-04-15 18:55:30,003 INFO       Dropped — seen in DB:  64
2026-04-15 18:55:30,003 INFO       Dropped — seen in DB:  64
2026-04-15 18:55:30,003 INFO       Dropped — low score:   4
2026-04-15 18:55:30,003 INFO       Dropped — low score:   4
2026-04-15 18:55:30,003 INFO       Sent to Telegram:      2
2026-04-15 18:55:30,003 INFO       Sent to Telegram:      2
2026-04-15 18:55:30,003 INFO       DB size (before/after): 114 / 118
2026-04-15 18:55:30,003 INFO       DB size (before/after): 114 / 118
2026-04-15 18:55:30,003 INFO     ═══ Done ═══
2026-04-15 18:55:30,003 INFO     ═══ Done ═══
2026-04-15 18:55:32,446 INFO       Serper Workday (myworkdayjobs.com): 50 total results
2026-04-15 18:55:32,446 INFO       Serper Workday (myworkdayjobs.com): 50 total results
2026-04-15 18:55:39,332 INFO       Serper SmartRecruiters (jobs.smartrecruiters.com): 50 total results
2026-04-15 18:55:39,332 INFO       Serper SmartRecruiters (jobs.smartrecruiters.com): 50 total results
2026-04-15 18:55:46,247 INFO       Serper Jobvite (jobs.jobvite.com): 40 total results
2026-04-15 18:55:46,247 INFO       Serper Jobvite (jobs.jobvite.com): 40 total results
2026-04-15 18:55:53,134 INFO       Serper JazzHR (applytojob.com): 40 total results
2026-04-15 18:55:53,134 INFO       Serper JazzHR (applytojob.com): 40 total results
2026-04-15 18:55:59,953 INFO       Serper Taleo (taleo.net): 41 total results
2026-04-15 18:55:59,953 INFO       Serper Taleo (taleo.net): 41 total results
2026-04-15 18:56:02,707 INFO     ═══ Job Scout v5 starting ═══
2026-04-15 18:56:02,707 INFO     ═══ Job Scout v5 starting ═══
2026-04-15 18:56:02,709 INFO     Resume loaded (4024 chars)
2026-04-15 18:56:02,709 INFO     Resume loaded (4024 chars)
2026-04-15 18:56:02,714 INFO     DB contains 118 seen jobs
2026-04-15 18:56:02,714 INFO     DB contains 118 seen jobs
2026-04-15 18:56:02,714 INFO     Fetching jobs posted since: 2026-04-15 18:55 UTC
2026-04-15 18:56:02,714 INFO     Fetching jobs posted since: 2026-04-15 18:55 UTC
2026-04-15 18:56:02,714 INFO     [Serper] Querying 12 ATS domains
2026-04-15 18:56:02,714 INFO     [Serper] Querying 12 ATS domains
2026-04-15 18:56:07,127 INFO       Serper iCIMS (icims.com): 42 total results
2026-04-15 18:56:07,127 INFO       Serper iCIMS (icims.com): 42 total results
2026-04-15 18:56:08,728 INFO       Serper Greenhouse (boards.greenhouse.io): 42 total results
2026-04-15 18:56:08,728 INFO       Serper Greenhouse (boards.greenhouse.io): 42 total results
2026-04-15 18:56:14,574 INFO       Serper ADP (workforcenow.adp.com): 42 total results
2026-04-15 18:56:14,574 INFO       Serper ADP (workforcenow.adp.com): 42 total results
2026-04-15 18:56:16,091 INFO       Serper Lever (jobs.lever.co): 50 total results
2026-04-15 18:56:16,091 INFO       Serper Lever (jobs.lever.co): 50 total results
2026-04-15 18:56:21,777 INFO       Serper Breezy (breezy.hr): 50 total results
2026-04-15 18:56:21,777 INFO       Serper Breezy (breezy.hr): 50 total results
2026-04-15 18:56:23,235 INFO       Serper Ashby (jobs.ashbyhq.com): 50 total results
2026-04-15 18:56:23,235 INFO       Serper Ashby (jobs.ashbyhq.com): 50 total results
2026-04-15 18:56:30,450 INFO       Serper Workday (myworkdayjobs.com): 50 total results
2026-04-15 18:56:30,450 INFO       Serper Workday (myworkdayjobs.com): 50 total results
2026-04-15 18:56:33,513 INFO       Serper Workable (workable.com): 50 total results
2026-04-15 18:56:33,513 INFO       Serper Workable (workable.com): 50 total results
2026-04-15 18:56:34,514 INFO     [Serper] Total parsed: 547
2026-04-15 18:56:34,514 INFO     [Serper] Total parsed: 547
2026-04-15 18:56:34,515 INFO     Total jobs before filtering: 547
2026-04-15 18:56:34,515 INFO     Total jobs before filtering: 547
2026-04-15 18:56:34,515 INFO     After dedup: 486 unique (61 collisions)
2026-04-15 18:56:34,515 INFO     After dedup: 486 unique (61 collisions)
2026-04-15 18:56:34,535 INFO     Filter stats — date:0 title:223 location:199 sponsor:0 exp:0 seen:61 score:3
2026-04-15 18:56:34,535 INFO     Filter stats — date:0 title:223 location:199 sponsor:0 exp:0 seen:61 score:3
2026-04-15 18:56:34,535 INFO     New matches to send: 0
2026-04-15 18:56:34,535 INFO     New matches to send: 0
2026-04-15 18:56:35,482 INFO     State saved → /home/omkar/job_scout_v4/last_run.json
2026-04-15 18:56:35,482 INFO     State saved → /home/omkar/job_scout_v4/last_run.json
2026-04-15 18:56:35,483 INFO     ═══ Run Summary ═══
2026-04-15 18:56:35,483 INFO     ═══ Run Summary ═══
2026-04-15 18:56:35,483 INFO       Serper raw results:    547
2026-04-15 18:56:35,483 INFO       Serper raw results:    547
2026-04-15 18:56:35,483 INFO       After URL dedup:       486
2026-04-15 18:56:35,483 INFO       After URL dedup:       486
2026-04-15 18:56:35,483 INFO       Dropped — date:        0
2026-04-15 18:56:35,483 INFO       Dropped — date:        0
2026-04-15 18:56:35,483 INFO       Dropped — title:       223
2026-04-15 18:56:35,483 INFO       Dropped — title:       223
2026-04-15 18:56:35,483 INFO       Dropped — location:    199  (US filter)
2026-04-15 18:56:35,483 INFO       Dropped — location:    199  (US filter)
2026-04-15 18:56:35,483 INFO       Dropped — sponsorship: 0
2026-04-15 18:56:35,483 INFO       Dropped — sponsorship: 0
2026-04-15 18:56:35,483 INFO       Dropped — experience:  0
2026-04-15 18:56:35,483 INFO       Dropped — experience:  0
2026-04-15 18:56:35,483 INFO       Dropped — seen in DB:  61
2026-04-15 18:56:35,483 INFO       Dropped — seen in DB:  61
2026-04-15 18:56:35,483 INFO       Dropped — low score:   3
2026-04-15 18:56:35,483 INFO       Dropped — low score:   3
2026-04-15 18:56:35,483 INFO       Sent to Telegram:      0
2026-04-15 18:56:35,483 INFO       Sent to Telegram:      0
2026-04-15 18:56:35,483 INFO       DB size (before/after): 116 / 118
2026-04-15 18:56:35,483 INFO       DB size (before/after): 116 / 118
2026-04-15 18:56:35,483 INFO     ═══ Done ═══
2026-04-15 18:56:35,483 INFO     ═══ Done ═══
2026-04-15 18:56:37,325 INFO       Serper SmartRecruiters (jobs.smartrecruiters.com): 50 total results
2026-04-15 18:56:37,325 INFO       Serper SmartRecruiters (jobs.smartrecruiters.com): 50 total results
2026-04-15 18:56:44,441 INFO       Serper Jobvite (jobs.jobvite.com): 40 total results
2026-04-15 18:56:44,441 INFO       Serper Jobvite (jobs.jobvite.com): 40 total results
2026-04-15 18:56:52,325 INFO       Serper JazzHR (applytojob.com): 40 total results
2026-04-15 18:56:52,325 INFO       Serper JazzHR (applytojob.com): 40 total results
2026-04-15 18:56:59,617 INFO       Serper Taleo (taleo.net): 41 total results
2026-04-15 18:56:59,617 INFO       Serper Taleo (taleo.net): 41 total results
2026-04-15 18:57:02,858 INFO     ═══ Job Scout v5 starting ═══
2026-04-15 18:57:02,858 INFO     ═══ Job Scout v5 starting ═══
2026-04-15 18:57:02,859 INFO     Resume loaded (4024 chars)
2026-04-15 18:57:02,859 INFO     Resume loaded (4024 chars)
2026-04-15 18:57:02,862 INFO     DB contains 118 seen jobs
2026-04-15 18:57:02,862 INFO     DB contains 118 seen jobs
2026-04-15 18:57:02,862 INFO     Fetching jobs posted since: 2026-04-15 18:56 UTC
2026-04-15 18:57:02,862 INFO     Fetching jobs posted since: 2026-04-15 18:56 UTC
2026-04-15 18:57:02,862 INFO     [Serper] Querying 12 ATS domains
2026-04-15 18:57:02,862 INFO     [Serper] Querying 12 ATS domains
2026-04-15 18:57:06,858 INFO       Serper iCIMS (icims.com): 42 total results
2026-04-15 18:57:06,858 INFO       Serper iCIMS (icims.com): 42 total results
2026-04-15 18:57:09,266 INFO       Serper Greenhouse (boards.greenhouse.io): 42 total results
2026-04-15 18:57:09,266 INFO       Serper Greenhouse (boards.greenhouse.io): 42 total results
2026-04-15 18:57:13,810 INFO       Serper ADP (workforcenow.adp.com): 42 total results
2026-04-15 18:57:13,810 INFO       Serper ADP (workforcenow.adp.com): 42 total results
2026-04-15 18:57:16,151 INFO       Serper Lever (jobs.lever.co): 50 total results
2026-04-15 18:57:16,151 INFO       Serper Lever (jobs.lever.co): 50 total results
2026-04-15 18:57:21,258 INFO       Serper Breezy (breezy.hr): 50 total results
2026-04-15 18:57:21,258 INFO       Serper Breezy (breezy.hr): 50 total results
2026-04-15 18:57:23,359 INFO       Serper Ashby (jobs.ashbyhq.com): 50 total results
2026-04-15 18:57:23,359 INFO       Serper Ashby (jobs.ashbyhq.com): 50 total results
2026-04-15 18:57:28,558 INFO       Serper Workable (workable.com): 50 total results
2026-04-15 18:57:28,558 INFO       Serper Workable (workable.com): 50 total results
2026-04-15 18:57:29,559 INFO     [Serper] Total parsed: 547
2026-04-15 18:57:29,559 INFO     [Serper] Total parsed: 547
2026-04-15 18:57:29,559 INFO     Total jobs before filtering: 547
2026-04-15 18:57:29,559 INFO     Total jobs before filtering: 547
2026-04-15 18:57:29,560 INFO     After dedup: 493 unique (54 collisions)
2026-04-15 18:57:29,560 INFO     After dedup: 493 unique (54 collisions)
2026-04-15 18:57:29,604 INFO     Filter stats — date:0 title:229 location:192 sponsor:0 exp:0 seen:67 score:3
2026-04-15 18:57:29,604 INFO     Filter stats — date:0 title:229 location:192 sponsor:0 exp:0 seen:67 score:3
2026-04-15 18:57:29,605 INFO     New matches to send: 2
2026-04-15 18:57:29,605 INFO     New matches to send: 2
2026-04-15 18:57:30,992 INFO       Serper Workday (myworkdayjobs.com): 50 total results
2026-04-15 18:57:30,992 INFO       Serper Workday (myworkdayjobs.com): 50 total results
2026-04-15 18:57:31,029 INFO     State saved → /home/omkar/job_scout_v4/last_run.json
2026-04-15 18:57:31,029 INFO     State saved → /home/omkar/job_scout_v4/last_run.json
2026-04-15 18:57:31,029 INFO     ═══ Run Summary ═══
2026-04-15 18:57:31,029 INFO     ═══ Run Summary ═══
2026-04-15 18:57:31,030 INFO       Serper raw results:    547
2026-04-15 18:57:31,030 INFO       Serper raw results:    547
2026-04-15 18:57:31,030 INFO       After URL dedup:       493
2026-04-15 18:57:31,030 INFO       After URL dedup:       493
2026-04-15 18:57:31,030 INFO       Dropped — date:        0
2026-04-15 18:57:31,030 INFO       Dropped — date:        0
2026-04-15 18:57:31,030 INFO       Dropped — title:       229
2026-04-15 18:57:31,030 INFO       Dropped — title:       229
2026-04-15 18:57:31,030 INFO       Dropped — location:    192  (US filter)
2026-04-15 18:57:31,030 INFO       Dropped — location:    192  (US filter)
2026-04-15 18:57:31,030 INFO       Dropped — sponsorship: 0
2026-04-15 18:57:31,030 INFO       Dropped — sponsorship: 0
2026-04-15 18:57:31,030 INFO       Dropped — experience:  0
2026-04-15 18:57:31,030 INFO       Dropped — experience:  0
2026-04-15 18:57:31,030 INFO       Dropped — seen in DB:  67
2026-04-15 18:57:31,030 INFO       Dropped — seen in DB:  67
2026-04-15 18:57:31,030 INFO       Dropped — low score:   3
2026-04-15 18:57:31,030 INFO       Dropped — low score:   3
2026-04-15 18:57:31,030 INFO       Sent to Telegram:      2
2026-04-15 18:57:31,030 INFO       Sent to Telegram:      2
2026-04-15 18:57:31,030 INFO       DB size (before/after): 118 / 120
2026-04-15 18:57:31,030 INFO       DB size (before/after): 118 / 120
2026-04-15 18:57:31,030 INFO     ═══ Done ═══
2026-04-15 18:57:31,030 INFO     ═══ Done ═══
2026-04-15 18:57:38,208 INFO       Serper SmartRecruiters (jobs.smartrecruiters.com): 50 total results
2026-04-15 18:57:38,208 INFO       Serper SmartRecruiters (jobs.smartrecruiters.com): 50 total results
2026-04-15 18:57:45,694 INFO       Serper Jobvite (jobs.jobvite.com): 40 total results
2026-04-15 18:57:45,694 INFO       Serper Jobvite (jobs.jobvite.com): 40 total results
2026-04-15 18:57:52,741 INFO       Serper JazzHR (applytojob.com): 40 total results
2026-04-15 18:57:52,741 INFO       Serper JazzHR (applytojob.com): 40 total results
2026-04-15 18:57:59,809 INFO       Serper Taleo (taleo.net): 41 total results
2026-04-15 18:57:59,809 INFO       Serper Taleo (taleo.net): 41 total results
2026-04-15 18:58:02,766 INFO     ═══ Job Scout v5 starting ═══
2026-04-15 18:58:02,766 INFO     ═══ Job Scout v5 starting ═══
2026-04-15 18:58:02,769 INFO     Resume loaded (4024 chars)
2026-04-15 18:58:02,769 INFO     Resume loaded (4024 chars)
2026-04-15 18:58:02,774 INFO     DB contains 120 seen jobs
2026-04-15 18:58:02,774 INFO     DB contains 120 seen jobs
2026-04-15 18:58:02,775 INFO     Fetching jobs posted since: 2026-04-15 18:57 UTC
2026-04-15 18:58:02,775 INFO     Fetching jobs posted since: 2026-04-15 18:57 UTC
2026-04-15 18:58:02,775 INFO     [Serper] Querying 12 ATS domains
2026-04-15 18:58:02,775 INFO     [Serper] Querying 12 ATS domains
2026-04-15 18:58:06,938 INFO       Serper iCIMS (icims.com): 42 total results
2026-04-15 18:58:06,938 INFO       Serper iCIMS (icims.com): 42 total results
2026-04-15 18:58:08,841 INFO       Serper Greenhouse (boards.greenhouse.io): 42 total results
2026-04-15 18:58:08,841 INFO       Serper Greenhouse (boards.greenhouse.io): 42 total results
2026-04-15 18:58:13,886 INFO       Serper ADP (workforcenow.adp.com): 42 total results
2026-04-15 18:58:13,886 INFO       Serper ADP (workforcenow.adp.com): 42 total results
2026-04-15 18:58:17,108 INFO       Serper Lever (jobs.lever.co): 50 total results
2026-04-15 18:58:17,108 INFO       Serper Lever (jobs.lever.co): 50 total results
2026-04-15 18:58:21,202 INFO       Serper Breezy (breezy.hr): 50 total results
2026-04-15 18:58:21,202 INFO       Serper Breezy (breezy.hr): 50 total results
2026-04-15 18:58:24,703 INFO       Serper Ashby (jobs.ashbyhq.com): 50 total results
2026-04-15 18:58:24,703 INFO       Serper Ashby (jobs.ashbyhq.com): 50 total results
2026-04-15 18:58:28,343 INFO       Serper Workable (workable.com): 50 total results
2026-04-15 18:58:28,343 INFO       Serper Workable (workable.com): 50 total results
2026-04-15 18:58:29,344 INFO     [Serper] Total parsed: 547
2026-04-15 18:58:29,344 INFO     [Serper] Total parsed: 547
2026-04-15 18:58:29,344 INFO     Total jobs before filtering: 547
2026-04-15 18:58:29,344 INFO     Total jobs before filtering: 547
2026-04-15 18:58:29,344 INFO     After dedup: 489 unique (58 collisions)
2026-04-15 18:58:29,344 INFO     After dedup: 489 unique (58 collisions)
2026-04-15 18:58:29,372 INFO     Filter stats — date:0 title:216 location:201 sponsor:0 exp:1 seen:67 score:3
2026-04-15 18:58:29,372 INFO     Filter stats — date:0 title:216 location:201 sponsor:0 exp:1 seen:67 score:3
2026-04-15 18:58:29,372 INFO     New matches to send: 1
2026-04-15 18:58:29,372 INFO     New matches to send: 1
2026-04-15 18:58:30,394 INFO     State saved → /home/omkar/job_scout_v4/last_run.json
2026-04-15 18:58:30,394 INFO     State saved → /home/omkar/job_scout_v4/last_run.json
2026-04-15 18:58:30,395 INFO     ═══ Run Summary ═══
2026-04-15 18:58:30,395 INFO     ═══ Run Summary ═══
2026-04-15 18:58:30,395 INFO       Serper raw results:    547
2026-04-15 18:58:30,395 INFO       Serper raw results:    547
2026-04-15 18:58:30,395 INFO       After URL dedup:       489
2026-04-15 18:58:30,395 INFO       After URL dedup:       489
2026-04-15 18:58:30,395 INFO       Dropped — date:        0
2026-04-15 18:58:30,395 INFO       Dropped — date:        0
2026-04-15 18:58:30,395 INFO       Dropped — title:       216
2026-04-15 18:58:30,395 INFO       Dropped — title:       216
2026-04-15 18:58:30,395 INFO       Dropped — location:    201  (US filter)
2026-04-15 18:58:30,395 INFO       Dropped — location:    201  (US filter)
2026-04-15 18:58:30,395 INFO       Dropped — sponsorship: 0
2026-04-15 18:58:30,395 INFO       Dropped — sponsorship: 0
2026-04-15 18:58:30,395 INFO       Dropped — experience:  1
2026-04-15 18:58:30,395 INFO       Dropped — experience:  1
2026-04-15 18:58:30,395 INFO       Dropped — seen in DB:  67
2026-04-15 18:58:30,395 INFO       Dropped — seen in DB:  67
2026-04-15 18:58:30,395 INFO       Dropped — low score:   3
2026-04-15 18:58:30,395 INFO       Dropped — low score:   3
2026-04-15 18:58:30,395 INFO       Sent to Telegram:      1
2026-04-15 18:58:30,395 INFO       Sent to Telegram:      1
2026-04-15 18:58:30,395 INFO       DB size (before/after): 118 / 121
2026-04-15 18:58:30,395 INFO       DB size (before/after): 118 / 121
2026-04-15 18:58:30,395 INFO     ═══ Done ═══
2026-04-15 18:58:30,395 INFO     ═══ Done ═══
2026-04-15 18:58:32,051 INFO       Serper Workday (myworkdayjobs.com): 50 total results
2026-04-15 18:58:32,051 INFO       Serper Workday (myworkdayjobs.com): 50 total results
2026-04-15 18:58:38,920 INFO       Serper SmartRecruiters (jobs.smartrecruiters.com): 50 total results
2026-04-15 18:58:38,920 INFO       Serper SmartRecruiters (jobs.smartrecruiters.com): 50 total results
2026-04-15 18:58:47,132 INFO       Serper Jobvite (jobs.jobvite.com): 40 total results
2026-04-15 18:58:47,132 INFO       Serper Jobvite (jobs.jobvite.com): 40 total results
2026-04-15 18:58:54,504 INFO       Serper JazzHR (applytojob.com): 40 total results
2026-04-15 18:58:54,504 INFO       Serper JazzHR (applytojob.com): 40 total results
2026-04-15 18:59:01,981 INFO       Serper Taleo (taleo.net): 41 total results
2026-04-15 18:59:01,981 INFO       Serper Taleo (taleo.net): 41 total results
2026-04-15 18:59:02,891 INFO     ═══ Job Scout v5 starting ═══
2026-04-15 18:59:02,891 INFO     ═══ Job Scout v5 starting ═══
2026-04-15 18:59:02,892 INFO     Resume loaded (4024 chars)
2026-04-15 18:59:02,892 INFO     Resume loaded (4024 chars)
2026-04-15 18:59:02,895 INFO     DB contains 121 seen jobs
2026-04-15 18:59:02,895 INFO     DB contains 121 seen jobs
2026-04-15 18:59:02,895 INFO     Fetching jobs posted since: 2026-04-15 18:58 UTC
2026-04-15 18:59:02,895 INFO     Fetching jobs posted since: 2026-04-15 18:58 UTC
2026-04-15 18:59:02,895 INFO     [Serper] Querying 12 ATS domains
2026-04-15 18:59:02,895 INFO     [Serper] Querying 12 ATS domains
2026-04-15 18:59:08,937 INFO       Serper iCIMS (icims.com): 42 total results
2026-04-15 18:59:08,937 INFO       Serper iCIMS (icims.com): 42 total results
2026-04-15 18:59:09,231 INFO       Serper Greenhouse (boards.greenhouse.io): 42 total results
2026-04-15 18:59:09,231 INFO       Serper Greenhouse (boards.greenhouse.io): 42 total results
2026-04-15 18:59:16,229 INFO       Serper ADP (workforcenow.adp.com): 42 total results
2026-04-15 18:59:16,229 INFO       Serper ADP (workforcenow.adp.com): 42 total results
2026-04-15 18:59:17,149 INFO       Serper Lever (jobs.lever.co): 50 total results
2026-04-15 18:59:17,149 INFO       Serper Lever (jobs.lever.co): 50 total results
2026-04-15 18:59:23,194 INFO       Serper Breezy (breezy.hr): 50 total results
2026-04-15 18:59:23,194 INFO       Serper Breezy (breezy.hr): 50 total results
2026-04-15 18:59:24,418 INFO       Serper Ashby (jobs.ashbyhq.com): 50 total results
2026-04-15 18:59:24,418 INFO       Serper Ashby (jobs.ashbyhq.com): 50 total results
2026-04-15 18:59:30,288 INFO       Serper Workable (workable.com): 50 total results
2026-04-15 18:59:30,288 INFO       Serper Workable (workable.com): 50 total results
2026-04-15 18:59:31,289 INFO     [Serper] Total parsed: 547
2026-04-15 18:59:31,289 INFO     [Serper] Total parsed: 547
2026-04-15 18:59:31,290 INFO     Total jobs before filtering: 547
2026-04-15 18:59:31,290 INFO     Total jobs before filtering: 547
2026-04-15 18:59:31,290 INFO     After dedup: 497 unique (50 collisions)
2026-04-15 18:59:31,290 INFO     After dedup: 497 unique (50 collisions)
2026-04-15 18:59:31,321 INFO     Filter stats — date:0 title:218 location:207 sponsor:0 exp:3 seen:64 score:3
2026-04-15 18:59:31,321 INFO     Filter stats — date:0 title:218 location:207 sponsor:0 exp:3 seen:64 score:3
2026-04-15 18:59:31,322 INFO     New matches to send: 2
2026-04-15 18:59:31,322 INFO     New matches to send: 2
2026-04-15 18:59:31,713 INFO       Serper Workday (myworkdayjobs.com): 50 total results
2026-04-15 18:59:31,713 INFO       Serper Workday (myworkdayjobs.com): 50 total results
2026-04-15 18:59:32,210 INFO     State saved → /home/omkar/job_scout_v4/last_run.json
2026-04-15 18:59:32,210 INFO     State saved → /home/omkar/job_scout_v4/last_run.json
2026-04-15 18:59:32,211 INFO     ═══ Run Summary ═══
2026-04-15 18:59:32,211 INFO     ═══ Run Summary ═══
2026-04-15 18:59:32,211 INFO       Serper raw results:    547
2026-04-15 18:59:32,211 INFO       Serper raw results:    547
2026-04-15 18:59:32,211 INFO       After URL dedup:       497
2026-04-15 18:59:32,211 INFO       After URL dedup:       497
2026-04-15 18:59:32,211 INFO       Dropped — date:        0
2026-04-15 18:59:32,211 INFO       Dropped — date:        0
2026-04-15 18:59:32,211 INFO       Dropped — title:       218
2026-04-15 18:59:32,211 INFO       Dropped — title:       218
2026-04-15 18:59:32,211 INFO       Dropped — location:    207  (US filter)
2026-04-15 18:59:32,211 INFO       Dropped — location:    207  (US filter)
2026-04-15 18:59:32,211 INFO       Dropped — sponsorship: 0
2026-04-15 18:59:32,211 INFO       Dropped — sponsorship: 0
2026-04-15 18:59:32,211 INFO       Dropped — experience:  3
2026-04-15 18:59:32,211 INFO       Dropped — experience:  3
2026-04-15 18:59:32,211 INFO       Dropped — seen in DB:  64
2026-04-15 18:59:32,211 INFO       Dropped — seen in DB:  64
2026-04-15 18:59:32,211 INFO       Dropped — low score:   3
2026-04-15 18:59:32,211 INFO       Dropped — low score:   3
2026-04-15 18:59:32,211 INFO       Sent to Telegram:      2
2026-04-15 18:59:32,211 INFO       Sent to Telegram:      2
2026-04-15 18:59:32,211 INFO       DB size (before/after): 120 / 123
2026-04-15 18:59:32,211 INFO       DB size (before/after): 120 / 123
2026-04-15 18:59:32,211 INFO     ═══ Done ═══
2026-04-15 18:59:32,211 INFO     ═══ Done ═══
2026-04-15 18:59:38,918 INFO       Serper SmartRecruiters (jobs.smartrecruiters.com): 49 total results
2026-04-15 18:59:38,918 INFO       Serper SmartRecruiters (jobs.smartrecruiters.com): 49 total results
2026-04-15 18:59:46,594 INFO       Serper Jobvite (jobs.jobvite.com): 40 total results
2026-04-15 18:59:46,594 INFO       Serper Jobvite (jobs.jobvite.com): 40 total results
2026-04-15 18:59:53,899 INFO       Serper JazzHR (applytojob.com): 40 total results
2026-04-15 18:59:53,899 INFO       Serper JazzHR (applytojob.com): 40 total results
2026-04-15 19:00:00,869 INFO       Serper Taleo (taleo.net): 41 total results
2026-04-15 19:00:00,869 INFO       Serper Taleo (taleo.net): 41 total results
2026-04-15 19:00:03,443 INFO     ═══ Job Scout v5 starting ═══
2026-04-15 19:00:03,443 INFO     ═══ Job Scout v5 starting ═══
2026-04-15 19:00:03,445 INFO     Resume loaded (4024 chars)
2026-04-15 19:00:03,445 INFO     Resume loaded (4024 chars)
2026-04-15 19:00:03,450 INFO     DB contains 123 seen jobs
2026-04-15 19:00:03,450 INFO     DB contains 123 seen jobs
2026-04-15 19:00:03,450 INFO     Fetching jobs posted since: 2026-04-15 18:59 UTC
2026-04-15 19:00:03,450 INFO     Fetching jobs posted since: 2026-04-15 18:59 UTC
2026-04-15 19:00:03,450 INFO     [Serper] Querying 12 ATS domains
2026-04-15 19:00:03,450 INFO     [Serper] Querying 12 ATS domains
2026-04-15 19:00:07,892 INFO       Serper iCIMS (icims.com): 42 total results
2026-04-15 19:00:07,892 INFO       Serper iCIMS (icims.com): 42 total results
2026-04-15 19:00:11,058 INFO       Serper Greenhouse (boards.greenhouse.io): 42 total results
2026-04-15 19:00:11,058 INFO       Serper Greenhouse (boards.greenhouse.io): 42 total results
2026-04-15 19:00:15,758 INFO       Serper ADP (workforcenow.adp.com): 42 total results
2026-04-15 19:00:15,758 INFO       Serper ADP (workforcenow.adp.com): 42 total results
2026-04-15 19:00:17,983 INFO       Serper Lever (jobs.lever.co): 50 total results
2026-04-15 19:00:17,983 INFO       Serper Lever (jobs.lever.co): 50 total results
2026-04-15 19:00:23,195 INFO       Serper Breezy (breezy.hr): 50 total results
2026-04-15 19:00:23,195 INFO       Serper Breezy (breezy.hr): 50 total results
2026-04-15 19:00:24,874 INFO       Serper Ashby (jobs.ashbyhq.com): 50 total results
2026-04-15 19:00:24,874 INFO       Serper Ashby (jobs.ashbyhq.com): 50 total results
2026-04-15 19:00:30,116 INFO       Serper Workable (workable.com): 50 total results
2026-04-15 19:00:30,116 INFO       Serper Workable (workable.com): 50 total results
2026-04-15 19:00:31,117 INFO     [Serper] Total parsed: 546
2026-04-15 19:00:31,117 INFO     [Serper] Total parsed: 546
2026-04-15 19:00:31,118 INFO     Total jobs before filtering: 546
2026-04-15 19:00:31,118 INFO     Total jobs before filtering: 546
2026-04-15 19:00:31,118 INFO     After dedup: 494 unique (52 collisions)
2026-04-15 19:00:31,118 INFO     After dedup: 494 unique (52 collisions)
2026-04-15 19:00:31,140 INFO     Filter stats — date:0 title:229 location:202 sponsor:0 exp:2 seen:58 score:3
2026-04-15 19:00:31,140 INFO     Filter stats — date:0 title:229 location:202 sponsor:0 exp:2 seen:58 score:3
2026-04-15 19:00:31,141 INFO     New matches to send: 0
2026-04-15 19:00:31,141 INFO     New matches to send: 0
2026-04-15 19:00:31,902 INFO       Serper Workday (myworkdayjobs.com): 50 total results
2026-04-15 19:00:31,902 INFO       Serper Workday (myworkdayjobs.com): 50 total results
2026-04-15 19:00:32,056 INFO     State saved → /home/omkar/job_scout_v4/last_run.json
2026-04-15 19:00:32,056 INFO     State saved → /home/omkar/job_scout_v4/last_run.json
2026-04-15 19:00:32,057 INFO     ═══ Run Summary ═══
2026-04-15 19:00:32,057 INFO     ═══ Run Summary ═══
2026-04-15 19:00:32,057 INFO       Serper raw results:    546
2026-04-15 19:00:32,057 INFO       Serper raw results:    546
2026-04-15 19:00:32,057 INFO       After URL dedup:       494
2026-04-15 19:00:32,057 INFO       After URL dedup:       494
2026-04-15 19:00:32,057 INFO       Dropped — date:        0
2026-04-15 19:00:32,057 INFO       Dropped — date:        0
2026-04-15 19:00:32,057 INFO       Dropped — title:       229
2026-04-15 19:00:32,057 INFO       Dropped — title:       229
2026-04-15 19:00:32,057 INFO       Dropped — location:    202  (US filter)
2026-04-15 19:00:32,057 INFO       Dropped — location:    202  (US filter)
2026-04-15 19:00:32,057 INFO       Dropped — sponsorship: 0
2026-04-15 19:00:32,057 INFO       Dropped — sponsorship: 0
2026-04-15 19:00:32,057 INFO       Dropped — experience:  2
2026-04-15 19:00:32,057 INFO       Dropped — experience:  2
2026-04-15 19:00:32,057 INFO       Dropped — seen in DB:  58
2026-04-15 19:00:32,057 INFO       Dropped — seen in DB:  58
2026-04-15 19:00:32,057 INFO       Dropped — low score:   3
2026-04-15 19:00:32,057 INFO       Dropped — low score:   3
2026-04-15 19:00:32,057 INFO       Sent to Telegram:      0
2026-04-15 19:00:32,057 INFO       Sent to Telegram:      0
2026-04-15 19:00:32,057 INFO       DB size (before/after): 121 / 123
2026-04-15 19:00:32,057 INFO       DB size (before/after): 121 / 123
2026-04-15 19:00:32,057 INFO     ═══ Done ═══
2026-04-15 19:00:32,057 INFO     ═══ Done ═══
2026-04-15 19:00:39,189 INFO       Serper SmartRecruiters (jobs.smartrecruiters.com): 50 total results
2026-04-15 19:00:39,189 INFO       Serper SmartRecruiters (jobs.smartrecruiters.com): 50 total results
2026-04-15 19:00:47,530 INFO       Serper Jobvite (jobs.jobvite.com): 40 total results
2026-04-15 19:00:47,530 INFO       Serper Jobvite (jobs.jobvite.com): 40 total results
2026-04-15 19:00:57,532 INFO       Serper JazzHR (applytojob.com): 40 total results
2026-04-15 19:00:57,532 INFO       Serper JazzHR (applytojob.com): 40 total results
2026-04-15 19:01:03,004 INFO     ═══ Job Scout v5 starting ═══
2026-04-15 19:01:03,004 INFO     ═══ Job Scout v5 starting ═══
2026-04-15 19:01:03,007 INFO     Resume loaded (4024 chars)
2026-04-15 19:01:03,007 INFO     Resume loaded (4024 chars)
2026-04-15 19:01:03,012 INFO     DB contains 123 seen jobs
2026-04-15 19:01:03,012 INFO     DB contains 123 seen jobs
2026-04-15 19:01:03,013 INFO     Fetching jobs posted since: 2026-04-15 19:00 UTC
2026-04-15 19:01:03,013 INFO     Fetching jobs posted since: 2026-04-15 19:00 UTC
2026-04-15 19:01:03,013 INFO     [Serper] Querying 12 ATS domains
2026-04-15 19:01:03,013 INFO     [Serper] Querying 12 ATS domains
2026-04-15 19:01:06,494 INFO       Serper Taleo (taleo.net): 41 total results
2026-04-15 19:01:06,494 INFO       Serper Taleo (taleo.net): 41 total results
2026-04-15 19:01:11,349 INFO       Serper Greenhouse (boards.greenhouse.io): 42 total results
2026-04-15 19:01:11,349 INFO       Serper Greenhouse (boards.greenhouse.io): 42 total results
2026-04-15 19:01:13,872 INFO       Serper iCIMS (icims.com): 42 total results
2026-04-15 19:01:13,872 INFO       Serper iCIMS (icims.com): 42 total results
2026-04-15 19:01:18,812 INFO       Serper Lever (jobs.lever.co): 50 total results
2026-04-15 19:01:18,812 INFO       Serper Lever (jobs.lever.co): 50 total results
2026-04-15 19:01:21,404 INFO       Serper ADP (workforcenow.adp.com): 42 total results
2026-04-15 19:01:21,404 INFO       Serper ADP (workforcenow.adp.com): 42 total results
2026-04-15 19:01:27,436 INFO       Serper Ashby (jobs.ashbyhq.com): 50 total results
2026-04-15 19:01:27,436 INFO       Serper Ashby (jobs.ashbyhq.com): 50 total results
2026-04-15 19:01:30,156 INFO       Serper Breezy (breezy.hr): 50 total results
2026-04-15 19:01:30,156 INFO       Serper Breezy (breezy.hr): 50 total results
2026-04-15 19:01:34,933 INFO       Serper Workday (myworkdayjobs.com): 50 total results
2026-04-15 19:01:34,933 INFO       Serper Workday (myworkdayjobs.com): 50 total results
2026-04-15 19:01:37,694 INFO       Serper Workable (workable.com): 50 total results
2026-04-15 19:01:37,694 INFO       Serper Workable (workable.com): 50 total results
2026-04-15 19:01:38,695 INFO     [Serper] Total parsed: 547
2026-04-15 19:01:38,695 INFO     [Serper] Total parsed: 547
2026-04-15 19:01:38,696 INFO     Total jobs before filtering: 547
2026-04-15 19:01:38,696 INFO     Total jobs before filtering: 547
2026-04-15 19:01:38,696 INFO     After dedup: 493 unique (54 collisions)
2026-04-15 19:01:38,696 INFO     After dedup: 493 unique (54 collisions)
2026-04-15 19:01:38,724 INFO     Filter stats — date:0 title:224 location:205 sponsor:0 exp:1 seen:59 score:3
2026-04-15 19:01:38,724 INFO     Filter stats — date:0 title:224 location:205 sponsor:0 exp:1 seen:59 score:3
2026-04-15 19:01:38,724 INFO     New matches to send: 1
2026-04-15 19:01:38,724 INFO     New matches to send: 1
2026-04-15 19:01:39,737 INFO     State saved → /home/omkar/job_scout_v4/last_run.json
2026-04-15 19:01:39,737 INFO     State saved → /home/omkar/job_scout_v4/last_run.json
2026-04-15 19:01:39,737 INFO     ═══ Run Summary ═══
2026-04-15 19:01:39,737 INFO     ═══ Run Summary ═══
2026-04-15 19:01:39,737 INFO       Serper raw results:    547
2026-04-15 19:01:39,737 INFO       Serper raw results:    547
2026-04-15 19:01:39,737 INFO       After URL dedup:       493
2026-04-15 19:01:39,737 INFO       After URL dedup:       493
2026-04-15 19:01:39,737 INFO       Dropped — date:        0
2026-04-15 19:01:39,737 INFO       Dropped — date:        0
2026-04-15 19:01:39,737 INFO       Dropped — title:       224
2026-04-15 19:01:39,737 INFO       Dropped — title:       224
2026-04-15 19:01:39,737 INFO       Dropped — location:    205  (US filter)
2026-04-15 19:01:39,737 INFO       Dropped — location:    205  (US filter)
2026-04-15 19:01:39,737 INFO       Dropped — sponsorship: 0
2026-04-15 19:01:39,737 INFO       Dropped — sponsorship: 0
2026-04-15 19:01:39,737 INFO       Dropped — experience:  1
2026-04-15 19:01:39,737 INFO       Dropped — experience:  1
2026-04-15 19:01:39,737 INFO       Dropped — seen in DB:  59
2026-04-15 19:01:39,737 INFO       Dropped — seen in DB:  59
2026-04-15 19:01:39,737 INFO       Dropped — low score:   3
2026-04-15 19:01:39,737 INFO       Dropped — low score:   3
2026-04-15 19:01:39,737 INFO       Sent to Telegram:      1
2026-04-15 19:01:39,737 INFO       Sent to Telegram:      1
2026-04-15 19:01:39,737 INFO       DB size (before/after): 123 / 124
2026-04-15 19:01:39,737 INFO       DB size (before/after): 123 / 124
2026-04-15 19:01:39,737 INFO     ═══ Done ═══
2026-04-15 19:01:39,737 INFO     ═══ Done ═══
2026-04-15 19:01:42,738 INFO       Serper SmartRecruiters (jobs.smartrecruiters.com): 50 total results
2026-04-15 19:01:42,738 INFO       Serper SmartRecruiters (jobs.smartrecruiters.com): 50 total results
2026-04-15 19:01:49,913 INFO       Serper Jobvite (jobs.jobvite.com): 40 total results
2026-04-15 19:01:49,913 INFO       Serper Jobvite (jobs.jobvite.com): 40 total results
2026-04-15 19:01:58,113 INFO       Serper JazzHR (applytojob.com): 40 total results
2026-04-15 19:01:58,113 INFO       Serper JazzHR (applytojob.com): 40 total results
2026-04-15 19:02:03,126 INFO     ═══ Job Scout v5 starting ═══
2026-04-15 19:02:03,126 INFO     ═══ Job Scout v5 starting ═══
2026-04-15 19:02:03,127 INFO     Resume loaded (4024 chars)
2026-04-15 19:02:03,127 INFO     Resume loaded (4024 chars)
2026-04-15 19:02:03,131 INFO     DB contains 124 seen jobs
2026-04-15 19:02:03,131 INFO     DB contains 124 seen jobs
2026-04-15 19:02:03,131 INFO     Fetching jobs posted since: 2026-04-15 19:01 UTC
2026-04-15 19:02:03,131 INFO     Fetching jobs posted since: 2026-04-15 19:01 UTC
2026-04-15 19:02:03,131 INFO     [Serper] Querying 12 ATS domains
2026-04-15 19:02:03,131 INFO     [Serper] Querying 12 ATS domains
2026-04-15 19:02:05,150 INFO       Serper Taleo (taleo.net): 41 total results
2026-04-15 19:02:05,150 INFO       Serper Taleo (taleo.net): 41 total results
2026-04-15 19:02:10,387 INFO       Serper Greenhouse (boards.greenhouse.io): 42 total results
2026-04-15 19:02:10,387 INFO       Serper Greenhouse (boards.greenhouse.io): 42 total results
2026-04-15 19:02:13,050 INFO       Serper iCIMS (icims.com): 42 total results
2026-04-15 19:02:13,050 INFO       Serper iCIMS (icims.com): 42 total results
2026-04-15 19:02:17,855 INFO       Serper Lever (jobs.lever.co): 50 total results
2026-04-15 19:02:17,855 INFO       Serper Lever (jobs.lever.co): 50 total results
2026-04-15 19:02:21,126 INFO       Serper ADP (workforcenow.adp.com): 42 total results
2026-04-15 19:02:21,126 INFO       Serper ADP (workforcenow.adp.com): 42 total results
2026-04-15 19:02:24,638 INFO       Serper Ashby (jobs.ashbyhq.com): 50 total results
2026-04-15 19:02:24,638 INFO       Serper Ashby (jobs.ashbyhq.com): 50 total results
2026-04-15 19:02:28,993 INFO       Serper Breezy (breezy.hr): 50 total results
2026-04-15 19:02:28,993 INFO       Serper Breezy (breezy.hr): 50 total results
2026-04-15 19:02:31,886 INFO       Serper Workday (myworkdayjobs.com): 50 total results
2026-04-15 19:02:31,886 INFO       Serper Workday (myworkdayjobs.com): 50 total results
2026-04-15 19:02:35,835 INFO       Serper Workable (workable.com): 50 total results
2026-04-15 19:02:35,835 INFO       Serper Workable (workable.com): 50 total results
2026-04-15 19:02:36,836 INFO     [Serper] Total parsed: 547
2026-04-15 19:02:36,836 INFO     [Serper] Total parsed: 547
2026-04-15 19:02:36,837 INFO     Total jobs before filtering: 547
2026-04-15 19:02:36,837 INFO     Total jobs before filtering: 547
2026-04-15 19:02:36,837 INFO     After dedup: 493 unique (54 collisions)
2026-04-15 19:02:36,837 INFO     After dedup: 493 unique (54 collisions)
2026-04-15 19:02:36,859 INFO     Filter stats — date:0 title:224 location:201 sponsor:0 exp:2 seen:63 score:3
2026-04-15 19:02:36,859 INFO     Filter stats — date:0 title:224 location:201 sponsor:0 exp:2 seen:63 score:3
2026-04-15 19:02:36,860 INFO     New matches to send: 0
2026-04-15 19:02:36,860 INFO     New matches to send: 0
2026-04-15 19:02:37,781 INFO     State saved → /home/omkar/job_scout_v4/last_run.json
2026-04-15 19:02:37,781 INFO     State saved → /home/omkar/job_scout_v4/last_run.json
2026-04-15 19:02:37,782 INFO     ═══ Run Summary ═══
2026-04-15 19:02:37,782 INFO     ═══ Run Summary ═══
2026-04-15 19:02:37,782 INFO       Serper raw results:    547
2026-04-15 19:02:37,782 INFO       Serper raw results:    547
2026-04-15 19:02:37,782 INFO       After URL dedup:       493
2026-04-15 19:02:37,782 INFO       After URL dedup:       493
2026-04-15 19:02:37,782 INFO       Dropped — date:        0
2026-04-15 19:02:37,782 INFO       Dropped — date:        0
2026-04-15 19:02:37,782 INFO       Dropped — title:       224
2026-04-15 19:02:37,782 INFO       Dropped — title:       224
2026-04-15 19:02:37,782 INFO       Dropped — location:    201  (US filter)
2026-04-15 19:02:37,782 INFO       Dropped — location:    201  (US filter)
2026-04-15 19:02:37,782 INFO       Dropped — sponsorship: 0
2026-04-15 19:02:37,782 INFO       Dropped — sponsorship: 0
2026-04-15 19:02:37,782 INFO       Dropped — experience:  2
2026-04-15 19:02:37,782 INFO       Dropped — experience:  2
2026-04-15 19:02:37,782 INFO       Dropped — seen in DB:  63
2026-04-15 19:02:37,782 INFO       Dropped — seen in DB:  63
2026-04-15 19:02:37,782 INFO       Dropped — low score:   3
2026-04-15 19:02:37,782 INFO       Dropped — low score:   3
2026-04-15 19:02:37,782 INFO       Sent to Telegram:      0
2026-04-15 19:02:37,782 INFO       Sent to Telegram:      0
2026-04-15 19:02:37,782 INFO       DB size (before/after): 123 / 124
2026-04-15 19:02:37,782 INFO       DB size (before/after): 123 / 124
2026-04-15 19:02:37,782 INFO     ═══ Done ═══
2026-04-15 19:02:37,782 INFO     ═══ Done ═══
2026-04-15 19:02:39,816 INFO       Serper SmartRecruiters (jobs.smartrecruiters.com): 50 total results
2026-04-15 19:02:39,816 INFO       Serper SmartRecruiters (jobs.smartrecruiters.com): 50 total results
2026-04-15 19:02:47,664 INFO       Serper Jobvite (jobs.jobvite.com): 40 total results
2026-04-15 19:02:47,664 INFO       Serper Jobvite (jobs.jobvite.com): 40 total results
2026-04-15 19:02:55,765 INFO       Serper JazzHR (applytojob.com): 40 total results
2026-04-15 19:02:55,765 INFO       Serper JazzHR (applytojob.com): 40 total results
2026-04-15 19:03:02,950 INFO       Serper Taleo (taleo.net): 41 total results
2026-04-15 19:03:02,950 INFO       Serper Taleo (taleo.net): 41 total results
2026-04-15 19:03:03,216 INFO     ═══ Job Scout v5 starting ═══
2026-04-15 19:03:03,216 INFO     ═══ Job Scout v5 starting ═══
2026-04-15 19:03:03,217 INFO     Resume loaded (4024 chars)
2026-04-15 19:03:03,217 INFO     Resume loaded (4024 chars)
2026-04-15 19:03:03,220 INFO     DB contains 124 seen jobs
2026-04-15 19:03:03,220 INFO     DB contains 124 seen jobs
2026-04-15 19:03:03,220 INFO     Fetching jobs posted since: 2026-04-15 19:02 UTC
2026-04-15 19:03:03,220 INFO     Fetching jobs posted since: 2026-04-15 19:02 UTC
2026-04-15 19:03:03,220 INFO     [Serper] Querying 12 ATS domains
2026-04-15 19:03:03,220 INFO     [Serper] Querying 12 ATS domains
2026-04-15 19:03:09,502 INFO       Serper Greenhouse (boards.greenhouse.io): 42 total results
2026-04-15 19:03:09,502 INFO       Serper Greenhouse (boards.greenhouse.io): 42 total results
2026-04-15 19:03:10,645 INFO       Serper iCIMS (icims.com): 42 total results
2026-04-15 19:03:10,645 INFO       Serper iCIMS (icims.com): 42 total results
2026-04-15 19:03:16,736 INFO       Serper Lever (jobs.lever.co): 50 total results
2026-04-15 19:03:16,736 INFO       Serper Lever (jobs.lever.co): 50 total results
2026-04-15 19:03:18,269 INFO       Serper ADP (workforcenow.adp.com): 42 total results
2026-04-15 19:03:18,269 INFO       Serper ADP (workforcenow.adp.com): 42 total results
2026-04-15 19:03:24,826 INFO       Serper Ashby (jobs.ashbyhq.com): 50 total results
2026-04-15 19:03:24,826 INFO       Serper Ashby (jobs.ashbyhq.com): 50 total results
2026-04-15 19:03:25,188 INFO       Serper Breezy (breezy.hr): 50 total results
2026-04-15 19:03:25,188 INFO       Serper Breezy (breezy.hr): 50 total results
2026-04-15 19:03:31,716 INFO       Serper Workday (myworkdayjobs.com): 50 total results
2026-04-15 19:03:31,716 INFO       Serper Workday (myworkdayjobs.com): 50 total results
2026-04-15 19:03:33,290 INFO       Serper Workable (workable.com): 50 total results
2026-04-15 19:03:33,290 INFO       Serper Workable (workable.com): 50 total results
2026-04-15 19:03:34,291 INFO     [Serper] Total parsed: 547
2026-04-15 19:03:34,291 INFO     [Serper] Total parsed: 547
2026-04-15 19:03:34,291 INFO     Total jobs before filtering: 547
2026-04-15 19:03:34,291 INFO     Total jobs before filtering: 547
2026-04-15 19:03:34,292 INFO     After dedup: 494 unique (53 collisions)
2026-04-15 19:03:34,292 INFO     After dedup: 494 unique (53 collisions)
2026-04-15 19:03:34,316 INFO     Filter stats — date:0 title:219 location:201 sponsor:0 exp:2 seen:68 score:4
2026-04-15 19:03:34,316 INFO     Filter stats — date:0 title:219 location:201 sponsor:0 exp:2 seen:68 score:4
2026-04-15 19:03:34,316 INFO     New matches to send: 0
2026-04-15 19:03:34,316 INFO     New matches to send: 0
2026-04-15 19:03:35,254 INFO     State saved → /home/omkar/job_scout_v4/last_run.json
2026-04-15 19:03:35,254 INFO     State saved → /home/omkar/job_scout_v4/last_run.json
2026-04-15 19:03:35,254 INFO     ═══ Run Summary ═══
2026-04-15 19:03:35,254 INFO     ═══ Run Summary ═══
2026-04-15 19:03:35,254 INFO       Serper raw results:    547
2026-04-15 19:03:35,254 INFO       Serper raw results:    547
2026-04-15 19:03:35,255 INFO       After URL dedup:       494
2026-04-15 19:03:35,255 INFO       After URL dedup:       494
2026-04-15 19:03:35,255 INFO       Dropped — date:        0
2026-04-15 19:03:35,255 INFO       Dropped — date:        0
2026-04-15 19:03:35,255 INFO       Dropped — title:       219
2026-04-15 19:03:35,255 INFO       Dropped — title:       219
2026-04-15 19:03:35,255 INFO       Dropped — location:    201  (US filter)
2026-04-15 19:03:35,255 INFO       Dropped — location:    201  (US filter)
2026-04-15 19:03:35,255 INFO       Dropped — sponsorship: 0
2026-04-15 19:03:35,255 INFO       Dropped — sponsorship: 0
2026-04-15 19:03:35,256 INFO       Dropped — experience:  2
2026-04-15 19:03:35,256 INFO       Dropped — experience:  2
2026-04-15 19:03:35,256 INFO       Dropped — seen in DB:  68
2026-04-15 19:03:35,256 INFO       Dropped — seen in DB:  68
2026-04-15 19:03:35,256 INFO       Dropped — low score:   4
2026-04-15 19:03:35,256 INFO       Dropped — low score:   4
2026-04-15 19:03:35,256 INFO       Sent to Telegram:      0
2026-04-15 19:03:35,256 INFO       Sent to Telegram:      0
2026-04-15 19:03:35,256 INFO       DB size (before/after): 124 / 124
2026-04-15 19:03:35,256 INFO       DB size (before/after): 124 / 124
2026-04-15 19:03:35,256 INFO     ═══ Done ═══
2026-04-15 19:03:35,256 INFO     ═══ Done ═══
2026-04-15 19:03:39,371 INFO       Serper SmartRecruiters (jobs.smartrecruiters.com): 50 total results
2026-04-15 19:03:39,371 INFO       Serper SmartRecruiters (jobs.smartrecruiters.com): 50 total results
2026-04-15 19:03:47,381 INFO       Serper Jobvite (jobs.jobvite.com): 40 total results
2026-04-15 19:03:47,381 INFO       Serper Jobvite (jobs.jobvite.com): 40 total results
2026-04-15 19:03:54,732 INFO       Serper JazzHR (applytojob.com): 40 total results
2026-04-15 19:03:54,732 INFO       Serper JazzHR (applytojob.com): 40 total results
2026-04-15 19:04:01,656 INFO       Serper Taleo (taleo.net): 41 total results
2026-04-15 19:04:01,656 INFO       Serper Taleo (taleo.net): 41 total results
2026-04-15 19:04:02,739 INFO     ═══ Job Scout v5 starting ═══
2026-04-15 19:04:02,739 INFO     ═══ Job Scout v5 starting ═══
2026-04-15 19:04:02,740 INFO     Resume loaded (4024 chars)
2026-04-15 19:04:02,740 INFO     Resume loaded (4024 chars)
2026-04-15 19:04:02,743 INFO     DB contains 124 seen jobs
2026-04-15 19:04:02,743 INFO     DB contains 124 seen jobs
2026-04-15 19:04:02,744 INFO     Fetching jobs posted since: 2026-04-15 19:03 UTC
2026-04-15 19:04:02,744 INFO     Fetching jobs posted since: 2026-04-15 19:03 UTC
2026-04-15 19:04:02,744 INFO     [Serper] Querying 12 ATS domains
2026-04-15 19:04:02,744 INFO     [Serper] Querying 12 ATS domains
2026-04-15 19:04:09,365 INFO       Serper Greenhouse (boards.greenhouse.io): 42 total results
2026-04-15 19:04:09,365 INFO       Serper Greenhouse (boards.greenhouse.io): 42 total results
2026-04-15 19:04:09,958 INFO       Serper iCIMS (icims.com): 42 total results
2026-04-15 19:04:09,958 INFO       Serper iCIMS (icims.com): 42 total results
2026-04-15 19:04:16,463 INFO       Serper Lever (jobs.lever.co): 50 total results
2026-04-15 19:04:16,463 INFO       Serper Lever (jobs.lever.co): 50 total results
2026-04-15 19:04:16,992 INFO       Serper ADP (workforcenow.adp.com): 42 total results
2026-04-15 19:04:16,992 INFO       Serper ADP (workforcenow.adp.com): 42 total results
2026-04-15 19:04:24,022 INFO       Serper Breezy (breezy.hr): 50 total results
2026-04-15 19:04:24,022 INFO       Serper Breezy (breezy.hr): 50 total results
2026-04-15 19:04:25,073 INFO       Serper Ashby (jobs.ashbyhq.com): 50 total results
2026-04-15 19:04:25,073 INFO       Serper Ashby (jobs.ashbyhq.com): 50 total results
2026-04-15 19:04:32,371 INFO       Serper Workable (workable.com): 50 total results
2026-04-15 19:04:32,371 INFO       Serper Workable (workable.com): 50 total results
2026-04-15 19:04:32,383 INFO       Serper Workday (myworkdayjobs.com): 50 total results
2026-04-15 19:04:32,383 INFO       Serper Workday (myworkdayjobs.com): 50 total results
2026-04-15 19:04:33,372 INFO     [Serper] Total parsed: 547
2026-04-15 19:04:33,372 INFO     [Serper] Total parsed: 547
2026-04-15 19:04:33,373 INFO     Total jobs before filtering: 547
2026-04-15 19:04:33,373 INFO     Total jobs before filtering: 547
2026-04-15 19:04:33,373 INFO     After dedup: 493 unique (54 collisions)
2026-04-15 19:04:33,373 INFO     After dedup: 493 unique (54 collisions)
2026-04-15 19:04:33,396 INFO     Filter stats — date:0 title:226 location:199 sponsor:0 exp:2 seen:62 score:3
2026-04-15 19:04:33,396 INFO     Filter stats — date:0 title:226 location:199 sponsor:0 exp:2 seen:62 score:3
2026-04-15 19:04:33,396 INFO     New matches to send: 1
2026-04-15 19:04:33,396 INFO     New matches to send: 1
2026-04-15 19:04:34,323 INFO     State saved → /home/omkar/job_scout_v4/last_run.json
2026-04-15 19:04:34,323 INFO     State saved → /home/omkar/job_scout_v4/last_run.json
2026-04-15 19:04:34,323 INFO     ═══ Run Summary ═══
2026-04-15 19:04:34,323 INFO     ═══ Run Summary ═══
2026-04-15 19:04:34,323 INFO       Serper raw results:    547
2026-04-15 19:04:34,323 INFO       Serper raw results:    547
2026-04-15 19:04:34,324 INFO       After URL dedup:       493
2026-04-15 19:04:34,324 INFO       After URL dedup:       493
2026-04-15 19:04:34,324 INFO       Dropped — date:        0
2026-04-15 19:04:34,324 INFO       Dropped — date:        0
2026-04-15 19:04:34,324 INFO       Dropped — title:       226
2026-04-15 19:04:34,324 INFO       Dropped — title:       226
2026-04-15 19:04:34,324 INFO       Dropped — location:    199  (US filter)
2026-04-15 19:04:34,324 INFO       Dropped — location:    199  (US filter)
2026-04-15 19:04:34,324 INFO       Dropped — sponsorship: 0
2026-04-15 19:04:34,324 INFO       Dropped — sponsorship: 0
2026-04-15 19:04:34,324 INFO       Dropped — experience:  2
2026-04-15 19:04:34,324 INFO       Dropped — experience:  2
2026-04-15 19:04:34,324 INFO       Dropped — seen in DB:  62
2026-04-15 19:04:34,324 INFO       Dropped — seen in DB:  62
2026-04-15 19:04:34,324 INFO       Dropped — low score:   3
2026-04-15 19:04:34,324 INFO       Dropped — low score:   3
2026-04-15 19:04:34,324 INFO       Sent to Telegram:      1
2026-04-15 19:04:34,324 INFO       Sent to Telegram:      1
2026-04-15 19:04:34,324 INFO       DB size (before/after): 124 / 125
2026-04-15 19:04:34,324 INFO       DB size (before/after): 124 / 125
2026-04-15 19:04:34,324 INFO     ═══ Done ═══
2026-04-15 19:04:34,324 INFO     ═══ Done ═══
2026-04-15 19:04:39,825 INFO       Serper SmartRecruiters (jobs.smartrecruiters.com): 49 total results
2026-04-15 19:04:39,825 INFO       Serper SmartRecruiters (jobs.smartrecruiters.com): 49 total results
2026-04-15 19:04:46,969 INFO       Serper Jobvite (jobs.jobvite.com): 40 total results
2026-04-15 19:04:46,969 INFO       Serper Jobvite (jobs.jobvite.com): 40 total results
2026-04-15 19:04:54,767 INFO       Serper JazzHR (applytojob.com): 40 total results
2026-04-15 19:04:54,767 INFO       Serper JazzHR (applytojob.com): 40 total results
2026-04-15 19:05:02,609 INFO       Serper Taleo (taleo.net): 41 total results
2026-04-15 19:05:02,609 INFO       Serper Taleo (taleo.net): 41 total results
2026-04-15 19:05:03,730 INFO     ═══ Job Scout v5 starting ═══
2026-04-15 19:05:03,730 INFO     ═══ Job Scout v5 starting ═══
2026-04-15 19:05:03,735 INFO     Resume loaded (4024 chars)
2026-04-15 19:05:03,735 INFO     Resume loaded (4024 chars)
2026-04-15 19:05:03,740 INFO     DB contains 125 seen jobs
2026-04-15 19:05:03,740 INFO     DB contains 125 seen jobs
2026-04-15 19:05:03,741 INFO     Fetching jobs posted since: 2026-04-15 19:04 UTC
2026-04-15 19:05:03,741 INFO     Fetching jobs posted since: 2026-04-15 19:04 UTC
2026-04-15 19:05:03,741 INFO     [Serper] Querying 12 ATS domains
2026-04-15 19:05:03,741 INFO     [Serper] Querying 12 ATS domains
2026-04-15 19:05:09,656 INFO       Serper iCIMS (icims.com): 42 total results
2026-04-15 19:05:09,656 INFO       Serper iCIMS (icims.com): 42 total results
2026-04-15 19:05:11,038 INFO       Serper Greenhouse (boards.greenhouse.io): 42 total results
2026-04-15 19:05:11,038 INFO       Serper Greenhouse (boards.greenhouse.io): 42 total results
2026-04-15 19:05:17,994 INFO       Serper ADP (workforcenow.adp.com): 42 total results
2026-04-15 19:05:17,994 INFO       Serper ADP (workforcenow.adp.com): 42 total results
2026-04-15 19:05:18,044 INFO       Serper Lever (jobs.lever.co): 50 total results
2026-04-15 19:05:18,044 INFO       Serper Lever (jobs.lever.co): 50 total results
2026-04-15 19:05:25,188 INFO       Serper Breezy (breezy.hr): 50 total results
2026-04-15 19:05:25,188 INFO       Serper Breezy (breezy.hr): 50 total results
2026-04-15 19:05:25,224 INFO       Serper Ashby (jobs.ashbyhq.com): 50 total results
2026-04-15 19:05:25,224 INFO       Serper Ashby (jobs.ashbyhq.com): 50 total results
2026-04-15 19:05:32,180 INFO       Serper Workable (workable.com): 50 total results
2026-04-15 19:05:32,180 INFO       Serper Workable (workable.com): 50 total results
2026-04-15 19:05:32,699 INFO       Serper Workday (myworkdayjobs.com): 50 total results
2026-04-15 19:05:32,699 INFO       Serper Workday (myworkdayjobs.com): 50 total results
2026-04-15 19:05:33,181 INFO     [Serper] Total parsed: 546
2026-04-15 19:05:33,181 INFO     [Serper] Total parsed: 546
2026-04-15 19:05:33,181 INFO     Total jobs before filtering: 546
2026-04-15 19:05:33,181 INFO     Total jobs before filtering: 546
2026-04-15 19:05:33,182 INFO     After dedup: 492 unique (54 collisions)
2026-04-15 19:05:33,182 INFO     After dedup: 492 unique (54 collisions)
2026-04-15 19:05:33,212 INFO     Filter stats — date:0 title:224 location:204 sponsor:0 exp:2 seen:57 score:3
2026-04-15 19:05:33,212 INFO     Filter stats — date:0 title:224 location:204 sponsor:0 exp:2 seen:57 score:3
2026-04-15 19:05:33,213 INFO     New matches to send: 2
2026-04-15 19:05:33,213 INFO     New matches to send: 2
2026-04-15 19:05:34,142 INFO     State saved → /home/omkar/job_scout_v4/last_run.json
2026-04-15 19:05:34,142 INFO     State saved → /home/omkar/job_scout_v4/last_run.json
2026-04-15 19:05:34,142 INFO     ═══ Run Summary ═══
2026-04-15 19:05:34,142 INFO     ═══ Run Summary ═══
2026-04-15 19:05:34,142 INFO       Serper raw results:    546
2026-04-15 19:05:34,142 INFO       Serper raw results:    546
2026-04-15 19:05:34,142 INFO       After URL dedup:       492
2026-04-15 19:05:34,142 INFO       After URL dedup:       492
2026-04-15 19:05:34,142 INFO       Dropped — date:        0
2026-04-15 19:05:34,142 INFO       Dropped — date:        0
2026-04-15 19:05:34,142 INFO       Dropped — title:       224
2026-04-15 19:05:34,142 INFO       Dropped — title:       224
2026-04-15 19:05:34,142 INFO       Dropped — location:    204  (US filter)
2026-04-15 19:05:34,142 INFO       Dropped — location:    204  (US filter)
2026-04-15 19:05:34,142 INFO       Dropped — sponsorship: 0
2026-04-15 19:05:34,142 INFO       Dropped — sponsorship: 0
2026-04-15 19:05:34,142 INFO       Dropped — experience:  2
2026-04-15 19:05:34,142 INFO       Dropped — experience:  2
2026-04-15 19:05:34,142 INFO       Dropped — seen in DB:  57
2026-04-15 19:05:34,142 INFO       Dropped — seen in DB:  57
2026-04-15 19:05:34,142 INFO       Dropped — low score:   3
2026-04-15 19:05:34,142 INFO       Dropped — low score:   3
2026-04-15 19:05:34,143 INFO       Sent to Telegram:      2
2026-04-15 19:05:34,143 INFO       Sent to Telegram:      2
2026-04-15 19:05:34,143 INFO       DB size (before/after): 124 / 127
2026-04-15 19:05:34,143 INFO       DB size (before/after): 124 / 127
2026-04-15 19:05:34,143 INFO     ═══ Done ═══
2026-04-15 19:05:34,143 INFO     ═══ Done ═══
2026-04-15 19:05:40,515 INFO       Serper SmartRecruiters (jobs.smartrecruiters.com): 50 total results
2026-04-15 19:05:40,515 INFO       Serper SmartRecruiters (jobs.smartrecruiters.com): 50 total results
2026-04-15 19:05:47,915 INFO       Serper Jobvite (jobs.jobvite.com): 40 total results
2026-04-15 19:05:47,915 INFO       Serper Jobvite (jobs.jobvite.com): 40 total results
2026-04-15 19:05:55,926 INFO       Serper JazzHR (applytojob.com): 40 total results
2026-04-15 19:05:55,926 INFO       Serper JazzHR (applytojob.com): 40 total results
2026-04-15 19:06:02,523 INFO     ═══ Job Scout v5 starting ═══
2026-04-15 19:06:02,523 INFO     ═══ Job Scout v5 starting ═══
2026-04-15 19:06:02,524 INFO     Resume loaded (4024 chars)
2026-04-15 19:06:02,524 INFO     Resume loaded (4024 chars)
2026-04-15 19:06:02,526 INFO     DB contains 127 seen jobs
2026-04-15 19:06:02,526 INFO     DB contains 127 seen jobs
2026-04-15 19:06:02,526 INFO     Fetching jobs posted since: 2026-04-15 19:05 UTC
2026-04-15 19:06:02,526 INFO     Fetching jobs posted since: 2026-04-15 19:05 UTC
2026-04-15 19:06:02,526 INFO     [Serper] Querying 12 ATS domains
2026-04-15 19:06:02,526 INFO     [Serper] Querying 12 ATS domains
2026-04-15 19:06:03,030 INFO       Serper Taleo (taleo.net): 41 total results
2026-04-15 19:06:03,030 INFO       Serper Taleo (taleo.net): 41 total results
2026-04-15 19:06:08,335 INFO       Serper Greenhouse (boards.greenhouse.io): 42 total results
2026-04-15 19:06:08,335 INFO       Serper Greenhouse (boards.greenhouse.io): 42 total results
2026-04-15 19:06:09,805 INFO       Serper iCIMS (icims.com): 42 total results
2026-04-15 19:06:09,805 INFO       Serper iCIMS (icims.com): 42 total results
2026-04-15 19:06:15,478 INFO       Serper Lever (jobs.lever.co): 50 total results
2026-04-15 19:06:15,478 INFO       Serper Lever (jobs.lever.co): 50 total results
2026-04-15 19:06:16,747 INFO       Serper ADP (workforcenow.adp.com): 42 total results
2026-04-15 19:06:16,747 INFO       Serper ADP (workforcenow.adp.com): 42 total results
2026-04-15 19:06:22,714 INFO       Serper Ashby (jobs.ashbyhq.com): 50 total results
2026-04-15 19:06:22,714 INFO       Serper Ashby (jobs.ashbyhq.com): 50 total results
2026-04-15 19:06:23,775 INFO       Serper Breezy (breezy.hr): 50 total results
2026-04-15 19:06:23,775 INFO       Serper Breezy (breezy.hr): 50 total results
2026-04-15 19:06:30,023 INFO       Serper Workday (myworkdayjobs.com): 50 total results
2026-04-15 19:06:30,023 INFO       Serper Workday (myworkdayjobs.com): 50 total results
2026-04-15 19:06:32,594 INFO       Serper Workable (workable.com): 50 total results
2026-04-15 19:06:32,594 INFO       Serper Workable (workable.com): 50 total results
2026-04-15 19:06:33,595 INFO     [Serper] Total parsed: 547
2026-04-15 19:06:33,595 INFO     [Serper] Total parsed: 547
2026-04-15 19:06:33,595 INFO     Total jobs before filtering: 547
2026-04-15 19:06:33,595 INFO     Total jobs before filtering: 547
2026-04-15 19:06:33,595 INFO     After dedup: 492 unique (55 collisions)
2026-04-15 19:06:33,595 INFO     After dedup: 492 unique (55 collisions)
2026-04-15 19:06:33,615 INFO     Filter stats — date:0 title:225 location:201 sponsor:0 exp:1 seen:62 score:3
2026-04-15 19:06:33,615 INFO     Filter stats — date:0 title:225 location:201 sponsor:0 exp:1 seen:62 score:3
2026-04-15 19:06:33,615 INFO     New matches to send: 0
2026-04-15 19:06:33,615 INFO     New matches to send: 0
2026-04-15 19:06:34,605 INFO     State saved → /home/omkar/job_scout_v4/last_run.json
2026-04-15 19:06:34,605 INFO     State saved → /home/omkar/job_scout_v4/last_run.json
2026-04-15 19:06:34,605 INFO     ═══ Run Summary ═══
2026-04-15 19:06:34,605 INFO     ═══ Run Summary ═══
2026-04-15 19:06:34,605 INFO       Serper raw results:    547
2026-04-15 19:06:34,605 INFO       Serper raw results:    547
2026-04-15 19:06:34,605 INFO       After URL dedup:       492
2026-04-15 19:06:34,605 INFO       After URL dedup:       492
2026-04-15 19:06:34,605 INFO       Dropped — date:        0
2026-04-15 19:06:34,605 INFO       Dropped — date:        0
2026-04-15 19:06:34,606 INFO       Dropped — title:       225
2026-04-15 19:06:34,606 INFO       Dropped — title:       225
2026-04-15 19:06:34,606 INFO       Dropped — location:    201  (US filter)
2026-04-15 19:06:34,606 INFO       Dropped — location:    201  (US filter)
2026-04-15 19:06:34,606 INFO       Dropped — sponsorship: 0
2026-04-15 19:06:34,606 INFO       Dropped — sponsorship: 0
2026-04-15 19:06:34,606 INFO       Dropped — experience:  1
2026-04-15 19:06:34,606 INFO       Dropped — experience:  1
2026-04-15 19:06:34,606 INFO       Dropped — seen in DB:  62
2026-04-15 19:06:34,606 INFO       Dropped — seen in DB:  62
2026-04-15 19:06:34,606 INFO       Dropped — low score:   3
2026-04-15 19:06:34,606 INFO       Dropped — low score:   3
2026-04-15 19:06:34,606 INFO       Sent to Telegram:      0
2026-04-15 19:06:34,606 INFO       Sent to Telegram:      0
2026-04-15 19:06:34,606 INFO       DB size (before/after): 125 / 127
2026-04-15 19:06:34,606 INFO       DB size (before/after): 125 / 127
2026-04-15 19:06:34,606 INFO     ═══ Done ═══
2026-04-15 19:06:34,606 INFO     ═══ Done ═══
2026-04-15 19:06:36,866 INFO       Serper SmartRecruiters (jobs.smartrecruiters.com): 49 total results
2026-04-15 19:06:36,866 INFO       Serper SmartRecruiters (jobs.smartrecruiters.com): 49 total results
2026-04-15 19:06:44,763 INFO       Serper Jobvite (jobs.jobvite.com): 40 total results
2026-04-15 19:06:44,763 INFO       Serper Jobvite (jobs.jobvite.com): 40 total results
2026-04-15 19:06:52,336 INFO       Serper JazzHR (applytojob.com): 40 total results
2026-04-15 19:06:52,336 INFO       Serper JazzHR (applytojob.com): 40 total results
2026-04-15 19:06:59,400 INFO       Serper Taleo (taleo.net): 41 total results
2026-04-15 19:06:59,400 INFO       Serper Taleo (taleo.net): 41 total results
2026-04-15 19:07:07,290 INFO       Serper iCIMS (icims.com): 42 total results
2026-04-15 19:07:07,290 INFO       Serper iCIMS (icims.com): 42 total results
2026-04-15 19:07:13,971 INFO       Serper ADP (workforcenow.adp.com): 42 total results
2026-04-15 19:07:13,971 INFO       Serper ADP (workforcenow.adp.com): 42 total results
2026-04-15 19:07:20,992 INFO       Serper Breezy (breezy.hr): 50 total results
2026-04-15 19:07:20,992 INFO       Serper Breezy (breezy.hr): 50 total results
2026-04-15 19:07:27,804 INFO       Serper Workable (workable.com): 50 total results
2026-04-15 19:07:27,804 INFO       Serper Workable (workable.com): 50 total results
2026-04-15 19:07:28,805 INFO     [Serper] Total parsed: 546
2026-04-15 19:07:28,805 INFO     [Serper] Total parsed: 546
2026-04-15 19:07:28,806 INFO     Total jobs before filtering: 546
2026-04-15 19:07:28,806 INFO     Total jobs before filtering: 546
2026-04-15 19:07:28,806 INFO     After dedup: 490 unique (56 collisions)
2026-04-15 19:07:28,806 INFO     After dedup: 490 unique (56 collisions)
2026-04-15 19:07:28,826 INFO     Filter stats — date:0 title:222 location:203 sponsor:0 exp:2 seen:60 score:3
2026-04-15 19:07:28,826 INFO     Filter stats — date:0 title:222 location:203 sponsor:0 exp:2 seen:60 score:3
2026-04-15 19:07:28,826 INFO     New matches to send: 0
2026-04-15 19:07:28,826 INFO     New matches to send: 0
2026-04-15 19:07:29,772 INFO     State saved → /home/omkar/job_scout_v4/last_run.json
2026-04-15 19:07:29,772 INFO     State saved → /home/omkar/job_scout_v4/last_run.json
2026-04-15 19:07:29,772 INFO     ═══ Run Summary ═══
2026-04-15 19:07:29,772 INFO     ═══ Run Summary ═══
2026-04-15 19:07:29,772 INFO       Serper raw results:    546
2026-04-15 19:07:29,772 INFO       Serper raw results:    546
2026-04-15 19:07:29,772 INFO       After URL dedup:       490
2026-04-15 19:07:29,772 INFO       After URL dedup:       490
2026-04-15 19:07:29,772 INFO       Dropped — date:        0
2026-04-15 19:07:29,772 INFO       Dropped — date:        0
2026-04-15 19:07:29,772 INFO       Dropped — title:       222
2026-04-15 19:07:29,772 INFO       Dropped — title:       222
2026-04-15 19:07:29,772 INFO       Dropped — location:    203  (US filter)
2026-04-15 19:07:29,772 INFO       Dropped — location:    203  (US filter)
2026-04-15 19:07:29,773 INFO       Dropped — sponsorship: 0
2026-04-15 19:07:29,773 INFO       Dropped — sponsorship: 0
2026-04-15 19:07:29,773 INFO       Dropped — experience:  2
2026-04-15 19:07:29,773 INFO       Dropped — experience:  2
2026-04-15 19:07:29,773 INFO       Dropped — seen in DB:  60
2026-04-15 19:07:29,773 INFO       Dropped — seen in DB:  60
2026-04-15 19:07:29,773 INFO       Dropped — low score:   3
2026-04-15 19:07:29,773 INFO       Dropped — low score:   3
2026-04-15 19:07:29,773 INFO       Sent to Telegram:      0
2026-04-15 19:07:29,773 INFO       Sent to Telegram:      0
2026-04-15 19:07:29,773 INFO       DB size (before/after): 127 / 127
2026-04-15 19:07:29,773 INFO       DB size (before/after): 127 / 127
2026-04-15 19:07:29,773 INFO     ═══ Done ═══
2026-04-15 19:07:29,773 INFO     ═══ Done ═══
2026-04-16 14:00:08,618 INFO     ═══ Job Scout v5 starting ═══
2026-04-16 14:00:08,618 INFO     ═══ Job Scout v5 starting ═══
2026-04-16 14:00:08,626 INFO     Resume loaded (4024 chars)
2026-04-16 14:00:08,626 INFO     Resume loaded (4024 chars)
2026-04-16 14:00:08,643 INFO     DB contains 127 seen jobs
2026-04-16 14:00:08,643 INFO     DB contains 127 seen jobs
2026-04-16 14:00:08,643 INFO     Fetching jobs posted since: 2026-04-15 19:07 UTC
2026-04-16 14:00:08,643 INFO     Fetching jobs posted since: 2026-04-15 19:07 UTC
2026-04-16 14:00:08,643 INFO     [Serper] Querying 12 ATS domains
2026-04-16 14:00:08,643 INFO     [Serper] Querying 12 ATS domains
2026-04-16 14:00:15,853 INFO       Serper Greenhouse (boards.greenhouse.io): 42 total results
2026-04-16 14:00:15,853 INFO       Serper Greenhouse (boards.greenhouse.io): 42 total results
2026-04-16 14:00:28,952 INFO       Serper Lever (jobs.lever.co): 50 total results
2026-04-16 14:00:28,952 INFO       Serper Lever (jobs.lever.co): 50 total results
2026-04-16 14:00:46,284 INFO       Serper Ashby (jobs.ashbyhq.com): 50 total results
2026-04-16 14:00:46,284 INFO       Serper Ashby (jobs.ashbyhq.com): 50 total results
2026-04-16 14:00:58,938 INFO       Serper Workday (myworkdayjobs.com): 50 total results
2026-04-16 14:00:58,938 INFO       Serper Workday (myworkdayjobs.com): 50 total results
2026-04-16 14:01:07,534 INFO       Serper SmartRecruiters (jobs.smartrecruiters.com): 50 total results
2026-04-16 14:01:07,534 INFO       Serper SmartRecruiters (jobs.smartrecruiters.com): 50 total results
2026-04-16 14:01:18,629 INFO       Serper Jobvite (jobs.jobvite.com): 40 total results
2026-04-16 14:01:18,629 INFO       Serper Jobvite (jobs.jobvite.com): 40 total results
2026-04-16 14:01:31,131 INFO       Serper JazzHR (applytojob.com): 40 total results
2026-04-16 14:01:31,131 INFO       Serper JazzHR (applytojob.com): 40 total results
2026-04-16 14:01:40,305 INFO       Serper Taleo (taleo.net): 41 total results
2026-04-16 14:01:40,305 INFO       Serper Taleo (taleo.net): 41 total results
2026-04-16 14:01:50,001 INFO       Serper iCIMS (icims.com): 42 total results
2026-04-16 14:01:50,001 INFO       Serper iCIMS (icims.com): 42 total results
2026-04-16 14:02:02,437 INFO       Serper ADP (workforcenow.adp.com): 42 total results
2026-04-16 14:02:02,437 INFO       Serper ADP (workforcenow.adp.com): 42 total results
2026-04-16 14:02:12,586 INFO       Serper Breezy (breezy.hr): 50 total results
2026-04-16 14:02:12,586 INFO       Serper Breezy (breezy.hr): 50 total results
2026-04-16 14:02:28,796 INFO       Serper Workable (workable.com): 50 total results
2026-04-16 14:02:28,796 INFO       Serper Workable (workable.com): 50 total results
2026-04-16 14:02:29,797 INFO     [Serper] Total parsed: 547
2026-04-16 14:02:29,797 INFO     [Serper] Total parsed: 547
2026-04-16 14:02:29,797 INFO     Total jobs before filtering: 547
2026-04-16 14:02:29,797 INFO     Total jobs before filtering: 547
2026-04-16 14:02:29,797 INFO     After dedup: 495 unique (52 collisions)
2026-04-16 14:02:29,797 INFO     After dedup: 495 unique (52 collisions)
2026-04-16 14:02:29,855 INFO     Filter stats — date:0 title:220 location:201 sponsor:0 exp:2 seen:60 score:4
2026-04-16 14:02:29,855 INFO     Filter stats — date:0 title:220 location:201 sponsor:0 exp:2 seen:60 score:4
2026-04-16 14:02:29,855 INFO     New matches to send: 8
2026-04-16 14:02:29,855 INFO     New matches to send: 8
2026-04-16 14:02:30,774 INFO     State saved → /home/omkar/job_scout_v4/last_run.json
2026-04-16 14:02:30,774 INFO     State saved → /home/omkar/job_scout_v4/last_run.json
2026-04-16 14:02:30,775 INFO     ═══ Run Summary ═══
2026-04-16 14:02:30,775 INFO     ═══ Run Summary ═══
2026-04-16 14:02:30,775 INFO       Serper raw results:    547
2026-04-16 14:02:30,775 INFO       Serper raw results:    547
2026-04-16 14:02:30,775 INFO       After URL dedup:       495
2026-04-16 14:02:30,775 INFO       After URL dedup:       495
2026-04-16 14:02:30,775 INFO       Dropped — date:        0
2026-04-16 14:02:30,775 INFO       Dropped — date:        0
2026-04-16 14:02:30,775 INFO       Dropped — title:       220
2026-04-16 14:02:30,775 INFO       Dropped — title:       220
2026-04-16 14:02:30,775 INFO       Dropped — location:    201  (US filter)
2026-04-16 14:02:30,775 INFO       Dropped — location:    201  (US filter)
2026-04-16 14:02:30,775 INFO       Dropped — sponsorship: 0
2026-04-16 14:02:30,775 INFO       Dropped — sponsorship: 0
2026-04-16 14:02:30,775 INFO       Dropped — experience:  2
2026-04-16 14:02:30,775 INFO       Dropped — experience:  2
2026-04-16 14:02:30,775 INFO       Dropped — seen in DB:  60
2026-04-16 14:02:30,775 INFO       Dropped — seen in DB:  60
2026-04-16 14:02:30,775 INFO       Dropped — low score:   4
2026-04-16 14:02:30,775 INFO       Dropped — low score:   4
2026-04-16 14:02:30,775 INFO       Sent to Telegram:      8
2026-04-16 14:02:30,775 INFO       Sent to Telegram:      8
2026-04-16 14:02:30,775 INFO       DB size (before/after): 127 / 135
2026-04-16 14:02:30,775 INFO       DB size (before/after): 127 / 135
2026-04-16 14:02:30,775 INFO     ═══ Done ═══
2026-04-16 14:02:30,775 INFO     ═══ Done ═══
2026-04-16 18:39:26,593 INFO     DB migration: added identity_key, backfilled 115/135 rows
2026-04-16 18:40:23,320 INFO     DB migration: added identity_key, backfilled 117/135 rows
2026-04-16 18:44:17,247 INFO     ═══ Job Scout v5 starting ═══
2026-04-16 18:44:17,249 INFO     Resume loaded (4024 chars)
2026-04-16 18:44:17,255 INFO     DB contains 135 seen jobs
2026-04-16 18:44:17,255 INFO     Fetching jobs posted since: 2026-04-16 14:02 UTC
2026-04-16 18:44:17,255 INFO     [Serper] Querying 12 ATS domains
2026-04-16 18:44:23,798 INFO       Serper Greenhouse (boards.greenhouse.io): 42 total results
2026-04-16 18:44:31,317 INFO       Serper Lever (jobs.lever.co): 50 total results
2026-04-16 18:44:38,982 INFO       Serper Ashby (jobs.ashbyhq.com): 50 total results
2026-04-16 18:44:46,417 INFO       Serper Workday (myworkdayjobs.com): 50 total results
2026-04-16 18:44:54,359 INFO       Serper SmartRecruiters (jobs.smartrecruiters.com): 50 total results
2026-04-16 18:45:01,882 INFO       Serper Jobvite (jobs.jobvite.com): 40 total results
2026-04-16 18:45:10,071 INFO       Serper JazzHR (applytojob.com): 40 total results
2026-04-16 18:45:19,683 INFO       Serper Taleo (taleo.net): 41 total results
2026-04-16 18:45:27,664 INFO       Serper iCIMS (icims.com): 42 total results
2026-04-16 18:45:34,922 INFO       Serper ADP (workforcenow.adp.com): 42 total results
2026-04-16 18:45:42,608 INFO       Serper Breezy (breezy.hr): 50 total results
2026-04-16 18:45:50,623 INFO       Serper Workable (workable.com): 50 total results
2026-04-16 18:45:51,625 INFO     [Serper] Total parsed: 547
2026-04-16 18:45:51,625 INFO     Total jobs before filtering: 547
2026-04-16 18:45:51,626 INFO     After dedup: 484 unique (63 collisions)
2026-04-16 18:45:51,668 INFO     Filter stats — date:0 title:223 location:192 sponsor:0 exp:1 seen:55 score:3
2026-04-16 18:45:51,668 INFO     New matches to send: 10
2026-04-16 18:45:52,169 INFO     (dry-run) skipping state save and DB writes
2026-04-16 18:45:52,169 INFO     ═══ Run Summary ═══
2026-04-16 18:45:52,169 INFO       Serper raw results:    547
2026-04-16 18:45:52,169 INFO       After URL dedup:       484
2026-04-16 18:45:52,169 INFO       Dropped — date:        0
2026-04-16 18:45:52,169 INFO       Dropped — title:       223
2026-04-16 18:45:52,169 INFO       Dropped — location:    192  (US filter)
2026-04-16 18:45:52,170 INFO       Dropped — sponsorship: 0
2026-04-16 18:45:52,170 INFO       Dropped — experience:  1
2026-04-16 18:45:52,170 INFO       Dropped — seen in DB:  55
2026-04-16 18:45:52,170 INFO       Dropped — low score:   3
2026-04-16 18:45:52,170 INFO       Sent to Telegram:      10
2026-04-16 18:45:52,170 INFO       DB size (before/after): 135 / 135
2026-04-16 18:45:52,170 INFO     ═══ Done ═══
2026-04-16 18:46:47,986 INFO     ═══ Job Scout v5 starting ═══
2026-04-16 18:46:47,987 INFO     Resume loaded (4024 chars)
2026-04-16 18:46:47,990 INFO     DB contains 135 seen jobs
2026-04-16 18:46:47,990 INFO     Fetching jobs posted since: 2026-04-16 14:02 UTC
2026-04-16 18:46:47,990 INFO     [Serper] Querying 12 ATS domains
2026-04-16 18:46:54,434 INFO       Serper Greenhouse (boards.greenhouse.io): 42 total results
2026-04-16 18:47:01,961 INFO       Serper Lever (jobs.lever.co): 50 total results
2026-04-16 18:47:08,919 INFO       Serper Ashby (jobs.ashbyhq.com): 50 total results
2026-04-16 18:47:16,629 INFO       Serper Workday (myworkdayjobs.com): 50 total results
2026-04-16 18:47:24,160 INFO       Serper SmartRecruiters (jobs.smartrecruiters.com): 50 total results
2026-04-16 18:47:32,135 INFO       Serper Jobvite (jobs.jobvite.com): 40 total results
2026-04-16 18:47:39,631 INFO       Serper JazzHR (applytojob.com): 40 total results
2026-04-16 18:47:47,084 INFO       Serper Taleo (taleo.net): 41 total results
2026-04-16 18:47:54,276 INFO       Serper iCIMS (icims.com): 42 total results
2026-04-16 18:48:01,358 INFO       Serper ADP (workforcenow.adp.com): 42 total results
2026-04-16 18:48:08,817 INFO       Serper Breezy (breezy.hr): 50 total results
2026-04-16 18:48:16,287 INFO       Serper Workable (workable.com): 50 total results
2026-04-16 18:48:17,288 INFO     [Serper] Total parsed: 547
2026-04-16 18:48:17,289 INFO     Total jobs before filtering: 547
2026-04-16 18:48:17,289 INFO     After dedup: 487 unique (60 collisions)
2026-04-16 18:48:17,340 INFO     Filter stats — date:0 title:218 location:200 sponsor:0 exp:2 seen:56 score:3
2026-04-16 18:48:17,340 INFO     New matches to send: 8
2026-04-16 18:48:18,232 INFO     State saved → /home/omkar/job_scout_v4/last_run.json
2026-04-16 18:48:18,233 INFO     ═══ Run Summary ═══
2026-04-16 18:48:18,233 INFO       Serper raw results:    547
2026-04-16 18:48:18,233 INFO       After URL dedup:       487
2026-04-16 18:48:18,233 INFO       Dropped — date:        0
2026-04-16 18:48:18,233 INFO       Dropped — title:       218
2026-04-16 18:48:18,233 INFO       Dropped — location:    200  (US filter)
2026-04-16 18:48:18,233 INFO       Dropped — sponsorship: 0
2026-04-16 18:48:18,233 INFO       Dropped — experience:  2
2026-04-16 18:48:18,233 INFO       Dropped — seen in DB:  56
2026-04-16 18:48:18,233 INFO       Dropped — low score:   3
2026-04-16 18:48:18,233 INFO       Sent to Telegram:      8
2026-04-16 18:48:18,233 INFO       DB size (before/after): 135 / 143
2026-04-16 18:48:18,233 INFO     ═══ Done ═══
2026-04-16 21:05:28,682 INFO     [bootstrap] scanning 143 existing seen_jobs URLs
2026-04-16 21:05:28,690 INFO     [bootstrap] +76 new companies (by platform: {'ashby': 25, 'breezy': 13, 'greenhouse': 3, 'lever': 8, 'smartrecruiters': 5, 'workable': 9, 'workday': 13}); skipped 57 URLs from non-Tier-1/2 ATSes
2026-04-16 21:05:28,691 INFO     ────────────────────────────────────────────────────────────
2026-04-16 21:05:28,691 INFO     Companies table state:
2026-04-16 21:05:28,691 INFO       ashby                25
2026-04-16 21:05:28,691 INFO       breezy               13
2026-04-16 21:05:28,691 INFO       greenhouse            3
2026-04-16 21:05:28,691 INFO       lever                 8
2026-04-16 21:05:28,691 INFO       smartrecruiters       5
2026-04-16 21:05:28,691 INFO       workable              9
2026-04-16 21:05:28,691 INFO       workday              13
2026-04-16 21:05:28,691 INFO       TOTAL                76
2026-04-16 21:10:53,441 INFO     [serper] querying Greenhouse (boards.greenhouse.io)
2026-04-16 21:11:00,094 INFO       Serper Greenhouse (boards.greenhouse.io): 42 total results
2026-04-16 21:11:00,597 INFO     [serper] querying Lever (jobs.lever.co)
2026-04-16 21:11:06,694 INFO       Serper Lever (jobs.lever.co): 50 total results
2026-04-16 21:11:07,197 INFO     [serper] querying Ashby (jobs.ashbyhq.com)
2026-04-16 21:11:13,645 INFO       Serper Ashby (jobs.ashbyhq.com): 50 total results
2026-04-16 21:11:14,147 INFO     [serper] querying Workday (myworkdayjobs.com)
2026-04-16 21:11:21,043 INFO       Serper Workday (myworkdayjobs.com): 50 total results
2026-04-16 21:11:21,545 INFO     [serper] querying SmartRecruiters (jobs.smartrecruiters.com)
2026-04-16 21:11:28,308 INFO       Serper SmartRecruiters (jobs.smartrecruiters.com): 50 total results
2026-04-16 21:11:28,810 INFO     [serper] querying Breezy (breezy.hr)
2026-04-16 21:11:35,422 INFO       Serper Breezy (breezy.hr): 50 total results
2026-04-16 21:11:35,924 INFO     [serper] querying Workable (workable.com)
2026-04-16 21:11:42,102 INFO       Serper Workable (workable.com): 50 total results
2026-04-16 21:11:42,607 INFO     [serper] +205 new companies (by platform: {'ashby': 30, 'breezy': 26, 'greenhouse': 31, 'lever': 31, 'smartrecruiters': 27, 'workable': 26, 'workday': 34})
2026-04-16 21:11:42,607 INFO     ────────────────────────────────────────────────────────────
2026-04-16 21:11:42,607 INFO     Companies table state:
2026-04-16 21:11:42,607 INFO       ashby                55
2026-04-16 21:11:42,607 INFO       breezy               39
2026-04-16 21:11:42,607 INFO       greenhouse           34
2026-04-16 21:11:42,607 INFO       lever                39
2026-04-16 21:11:42,607 INFO       smartrecruiters      32
2026-04-16 21:11:42,607 INFO       workable             35
2026-04-16 21:11:42,608 INFO       workday              47
2026-04-16 21:11:42,608 INFO       TOTAL               281
2026-04-16 21:33:07,320 INFO     Resume loaded (4024 chars)
2026-04-16 21:33:07,331 INFO     ────────────────────────────
2026-04-16 21:33:07,331 INFO     [shadow] Phase 2 ATS-API parallel fetch
2026-04-16 21:33:07,333 INFO     [ats] polling 175 companies across 4 platforms
2026-04-16 21:36:18,442 INFO     Resume loaded (4024 chars)
2026-04-16 21:36:18,447 INFO     ────────────────────────────
2026-04-16 21:36:18,447 INFO     [shadow] Phase 2 ATS-API parallel fetch
2026-04-16 21:36:18,449 INFO     [ats] polling 175 companies across 4 platforms
2026-04-16 21:36:24,075 WARNING  [shadow] ATS fetch failed entirely: database is locked
2026-04-16 21:43:05,982 INFO     [ats] fetched 12103 jobs total: {'ashby': 1986, 'greenhouse': 6354, 'lever': 1971, 'workday': 1792}
2026-04-16 21:43:05,982 WARNING  [ats] failures by platform: {'ashby': 2, 'lever': 10}
2026-04-16 21:43:06,010 INFO     [shadow] ATS rejects — date:10818 title:1267 location:11 sponsor:0 exp:2 score:0 no_ts:0
2026-04-16 21:43:06,010 INFO     [shadow] ATS-API would-send (24h, all filters): 5
2026-04-16 21:43:06,010 INFO     [shadow] Serper actually sent:                  0
2026-04-16 21:43:06,010 INFO     [shadow]   intersection (both found):           0
2026-04-16 21:43:06,010 INFO     [shadow]   ATS-only (Serper missed):            3
2026-04-16 21:43:06,010 INFO     [shadow]   Serper-only (ATS missed):            0
2026-04-16 21:43:06,010 INFO     [shadow] Top 5 ATS-API matches by score:
2026-04-16 21:43:06,010 INFO       [ATS!]  26% greenhouse | waymo              | 19.9h | Applied Research Scientist, Perception LLM/VLM (PhD, Ne
2026-04-16 21:43:06,010 INFO       [ATS!]  26% greenhouse | cadencesolutions   |  5.4h | Applied AI Engineer
2026-04-16 21:43:06,010 INFO       [ATS!]  25% greenhouse | waymo              | 20.0h | Machine Learning Engineer, 3D Object Detection  (PhD Ne
2026-04-16 21:43:06,010 INFO       [ATS!]  25% greenhouse | waymo              | 20.0h | Applied Research Scientist, 3D Object Detection  (PhD N
2026-04-16 21:43:06,010 INFO       [ATS!]  23%    workday | gartner            |  9.7h | Data Scientist (AL/ML)
2026-04-16 21:58:22,078 INFO     ═══ Job Scout v5 starting ═══
2026-04-16 21:58:22,079 INFO     Resume loaded (4024 chars)
2026-04-16 21:58:22,083 INFO     DB contains 143 seen jobs
2026-04-16 21:58:22,083 INFO     Fetching jobs posted since: 2026-04-16 18:48 UTC
2026-04-16 21:58:22,087 INFO     [ats] polling 175 companies across 4 platforms
2026-04-16 22:07:47,504 INFO     [ats] fetched 12596 jobs total: {'ashby': 2629, 'greenhouse': 6351, 'lever': 1804, 'workday': 1812}
2026-04-16 22:07:47,505 WARNING  [ats] failures by platform: {'ashby': 1, 'lever': 10}
2026-04-16 22:07:47,515 INFO     [Serper] Querying 8 ATS domains
2026-04-16 22:07:53,781 INFO       Serper SmartRecruiters (jobs.smartrecruiters.com): 50 total results
2026-04-16 22:08:01,949 INFO       Serper Jobvite (jobs.jobvite.com): 40 total results
2026-04-16 22:08:09,448 INFO       Serper JazzHR (applytojob.com): 40 total results
2026-04-16 22:08:16,657 INFO       Serper Taleo (taleo.net): 41 total results
2026-04-16 22:08:23,656 INFO       Serper iCIMS (icims.com): 42 total results
2026-04-16 22:08:30,443 INFO       Serper ADP (workforcenow.adp.com): 42 total results
2026-04-16 22:08:38,047 INFO       Serper Breezy (breezy.hr): 50 total results
2026-04-16 22:08:45,246 INFO       Serper Workable (workable.com): 50 total results
2026-04-16 22:08:46,248 INFO     [Serper] Total parsed: 355
2026-04-16 22:08:46,248 INFO     Feed sizes — ats:12596 serper:355
2026-04-16 22:08:46,248 INFO     Total jobs before filtering: 12951
2026-04-16 22:08:46,251 INFO     After dedup: 12896 unique (55 collisions)
2026-04-16 22:08:46,275 INFO     Filter stats — date:12499 title:232 location:126 sponsor:0 exp:0 seen:37 score:1
2026-04-16 22:08:46,275 INFO     New matches to send: 1
2026-04-16 22:08:46,776 INFO     (dry-run) skipping state save and DB writes
2026-04-16 22:08:46,776 INFO     ═══ Run Summary ═══
2026-04-16 22:08:46,776 INFO       Tier-1 ATS raw:        12596
2026-04-16 22:08:46,776 INFO       Serper raw:            355
2026-04-16 22:08:46,776 INFO       After URL dedup:       12896
2026-04-16 22:08:46,776 INFO       Dropped — date:        12499
2026-04-16 22:08:46,776 INFO       Dropped — title:       232
2026-04-16 22:08:46,776 INFO       Dropped — location:    126  (US filter)
2026-04-16 22:08:46,776 INFO       Dropped — sponsorship: 0
2026-04-16 22:08:46,776 INFO       Dropped — experience:  0
2026-04-16 22:08:46,777 INFO       Dropped — seen in DB:  37
2026-04-16 22:08:46,777 INFO       Dropped — low score:   1
2026-04-16 22:08:46,777 INFO       Sent to Telegram:      1
2026-04-16 22:08:46,777 INFO       DB size (before/after): 143 / 143
2026-04-16 22:08:46,777 INFO     ═══ Done ═══
